=== TRACE: traces/charlie/charlie_0003.champsim.gz ===
COMMAND: ./bin/1C.fullBW.ghb_pccs --warmup-instructions=10000000 --simulation-instructions=50000000 traces/charlie/charlie_0003.champsim.gz
RETURNCODE: 0

--- STDOUT ---
[VMEM] WARNING: physical memory size is smaller than virtual memory size.

*** ChampSim Multicore Out-of-Order Simulator ***
Warmup Instructions: 10000000
Simulation Instructions: 50000000
Number of CPUs: 1
Page size: 4096
Core 0: traces/charlie/charlie_0003.champsim.gz
Off-chip DRAM Size: 64 GiB Channels: 1 Width: 64-bit Data Rate: 4807 MT/s
[BTB] WARNING: target of return is a lower address than the corresponding call. This is usually a problem with your trace.
Heartbeat CPU 0 instructions: 500002 cycles: 250223 heartbeat IPC: 1.998 cumulative IPC: 1.998 (Simulation time: 00 hr 00 min 03 sec)
Heartbeat CPU 0 instructions: 1000006 cycles: 508637 heartbeat IPC: 1.935 cumulative IPC: 1.966 (Simulation time: 00 hr 00 min 05 sec)
[BTB] WARNING: target of return is a lower address than the corresponding call. This is usually a problem with your trace.
Heartbeat CPU 0 instructions: 1500006 cycles: 688583 heartbeat IPC: 2.779 cumulative IPC: 2.178 (Simulation time: 00 hr 00 min 07 sec)
[BTB] WARNING: target of return is a lower address than the corresponding call. This is usually a problem with your trace.
Heartbeat CPU 0 instructions: 2000010 cycles: 833823 heartbeat IPC: 3.443 cumulative IPC: 2.399 (Simulation time: 00 hr 00 min 09 sec)
[BTB] WARNING: target of return is a lower address than the corresponding call. This is usually a problem with your trace.
Heartbeat CPU 0 instructions: 2500017 cycles: 981448 heartbeat IPC: 3.387 cumulative IPC: 2.547 (Simulation time: 00 hr 00 min 10 sec)
[BTB] WARNING: target of return is a lower address than the corresponding call. This is usually a problem with your trace.
Heartbeat CPU 0 instructions: 3000024 cycles: 1094383 heartbeat IPC: 4.427 cumulative IPC: 2.741 (Simulation time: 00 hr 00 min 12 sec)
[BTB] WARNING: target of return is a lower address than the corresponding call. This is usually a problem with your trace.
[BTB] WARNING: target of return is a lower address than the corresponding call. This is usually a problem with your trace.
[BTB] WARNING: target of return is a lower address than the corresponding call. This is usually a problem with your trace.
[BTB] WARNING: target of return is a lower address than the corresponding call. This is usually a problem with your trace.
[BTB] WARNING: target of return is a lower address than the corresponding call. This is usually a problem with your trace.
Heartbeat CPU 0 instructions: 3500024 cycles: 1212467 heartbeat IPC: 4.234 cumulative IPC: 2.887 (Simulation time: 00 hr 00 min 13 sec)
Heartbeat CPU 0 instructions: 4000027 cycles: 1318687 heartbeat IPC: 4.707 cumulative IPC: 3.033 (Simulation time: 00 hr 00 min 14 sec)
Heartbeat CPU 0 instructions: 4500027 cycles: 1453976 heartbeat IPC: 3.696 cumulative IPC: 3.095 (Simulation time: 00 hr 00 min 15 sec)
Heartbeat CPU 0 instructions: 5000032 cycles: 1653847 heartbeat IPC: 2.502 cumulative IPC: 3.023 (Simulation time: 00 hr 00 min 17 sec)
Heartbeat CPU 0 instructions: 5500034 cycles: 1798145 heartbeat IPC: 3.465 cumulative IPC: 3.059 (Simulation time: 00 hr 00 min 19 sec)
Heartbeat CPU 0 instructions: 6000035 cycles: 1904051 heartbeat IPC: 4.721 cumulative IPC: 3.151 (Simulation time: 00 hr 00 min 20 sec)
Heartbeat CPU 0 instructions: 6500038 cycles: 2008155 heartbeat IPC: 4.803 cumulative IPC: 3.237 (Simulation time: 00 hr 00 min 21 sec)
Heartbeat CPU 0 instructions: 7000044 cycles: 2113547 heartbeat IPC: 4.744 cumulative IPC: 3.312 (Simulation time: 00 hr 00 min 22 sec)
Heartbeat CPU 0 instructions: 7500045 cycles: 2218389 heartbeat IPC: 4.769 cumulative IPC: 3.381 (Simulation time: 00 hr 00 min 23 sec)
Heartbeat CPU 0 instructions: 8000052 cycles: 2323221 heartbeat IPC: 4.77 cumulative IPC: 3.444 (Simulation time: 00 hr 00 min 24 sec)
Heartbeat CPU 0 instructions: 8500055 cycles: 2427409 heartbeat IPC: 4.799 cumulative IPC: 3.502 (Simulation time: 00 hr 00 min 26 sec)
Heartbeat CPU 0 instructions: 9000058 cycles: 2531130 heartbeat IPC: 4.821 cumulative IPC: 3.556 (Simulation time: 00 hr 00 min 27 sec)
Heartbeat CPU 0 instructions: 9500060 cycles: 2635497 heartbeat IPC: 4.791 cumulative IPC: 3.605 (Simulation time: 00 hr 00 min 28 sec)
Warmup finished CPU 0 instructions: 10000000 cycles: 2739587 cumulative IPC: 3.65 (Simulation time: 00 hr 00 min 29 sec)
Warmup complete CPU 0 instructions: 10000000 cycles: 2739587 cumulative IPC: 3.65 (Simulation time: 00 hr 00 min 29 sec)
Heartbeat CPU 0 instructions: 10000067 cycles: 2739608 heartbeat IPC: 4.803 cumulative IPC: 3.19 (Simulation time: 00 hr 00 min 29 sec)
Heartbeat CPU 0 instructions: 10500067 cycles: 3085610 heartbeat IPC: 1.445 cumulative IPC: 1.445 (Simulation time: 00 hr 00 min 31 sec)
Heartbeat CPU 0 instructions: 11000073 cycles: 3451001 heartbeat IPC: 1.368 cumulative IPC: 1.406 (Simulation time: 00 hr 00 min 34 sec)
Heartbeat CPU 0 instructions: 11500074 cycles: 3816335 heartbeat IPC: 1.369 cumulative IPC: 1.393 (Simulation time: 00 hr 00 min 36 sec)
Heartbeat CPU 0 instructions: 12000075 cycles: 4176318 heartbeat IPC: 1.389 cumulative IPC: 1.392 (Simulation time: 00 hr 00 min 38 sec)
Heartbeat CPU 0 instructions: 12500075 cycles: 4541922 heartbeat IPC: 1.368 cumulative IPC: 1.387 (Simulation time: 00 hr 00 min 39 sec)
Heartbeat CPU 0 instructions: 13000075 cycles: 4977168 heartbeat IPC: 1.149 cumulative IPC: 1.341 (Simulation time: 00 hr 00 min 42 sec)
Heartbeat CPU 0 instructions: 13500079 cycles: 5424110 heartbeat IPC: 1.119 cumulative IPC: 1.304 (Simulation time: 00 hr 00 min 44 sec)
Heartbeat CPU 0 instructions: 14000080 cycles: 5747536 heartbeat IPC: 1.546 cumulative IPC: 1.33 (Simulation time: 00 hr 00 min 46 sec)
Heartbeat CPU 0 instructions: 14500081 cycles: 6199884 heartbeat IPC: 1.105 cumulative IPC: 1.3 (Simulation time: 00 hr 00 min 48 sec)
Heartbeat CPU 0 instructions: 15000087 cycles: 7330236 heartbeat IPC: 0.4423 cumulative IPC: 1.089 (Simulation time: 00 hr 00 min 52 sec)
Heartbeat CPU 0 instructions: 15500087 cycles: 7821698 heartbeat IPC: 1.017 cumulative IPC: 1.082 (Simulation time: 00 hr 00 min 55 sec)
Heartbeat CPU 0 instructions: 16000087 cycles: 8434649 heartbeat IPC: 0.8157 cumulative IPC: 1.054 (Simulation time: 00 hr 00 min 59 sec)
Heartbeat CPU 0 instructions: 16500091 cycles: 8875075 heartbeat IPC: 1.135 cumulative IPC: 1.059 (Simulation time: 00 hr 01 min 01 sec)
Heartbeat CPU 0 instructions: 17000093 cycles: 9306538 heartbeat IPC: 1.159 cumulative IPC: 1.066 (Simulation time: 00 hr 01 min 04 sec)
Heartbeat CPU 0 instructions: 17500100 cycles: 9737203 heartbeat IPC: 1.161 cumulative IPC: 1.072 (Simulation time: 00 hr 01 min 06 sec)
Heartbeat CPU 0 instructions: 18000102 cycles: 10159376 heartbeat IPC: 1.184 cumulative IPC: 1.078 (Simulation time: 00 hr 01 min 09 sec)
Heartbeat CPU 0 instructions: 18500102 cycles: 10558594 heartbeat IPC: 1.252 cumulative IPC: 1.087 (Simulation time: 00 hr 01 min 11 sec)
Heartbeat CPU 0 instructions: 19000103 cycles: 10977658 heartbeat IPC: 1.193 cumulative IPC: 1.093 (Simulation time: 00 hr 01 min 14 sec)
Heartbeat CPU 0 instructions: 19500103 cycles: 11382956 heartbeat IPC: 1.234 cumulative IPC: 1.099 (Simulation time: 00 hr 01 min 16 sec)
Heartbeat CPU 0 instructions: 20000104 cycles: 11809979 heartbeat IPC: 1.171 cumulative IPC: 1.102 (Simulation time: 00 hr 01 min 19 sec)
Heartbeat CPU 0 instructions: 20500106 cycles: 12296923 heartbeat IPC: 1.027 cumulative IPC: 1.099 (Simulation time: 00 hr 01 min 21 sec)
Heartbeat CPU 0 instructions: 21000109 cycles: 12738074 heartbeat IPC: 1.133 cumulative IPC: 1.1 (Simulation time: 00 hr 01 min 24 sec)
Heartbeat CPU 0 instructions: 21500113 cycles: 13176368 heartbeat IPC: 1.141 cumulative IPC: 1.102 (Simulation time: 00 hr 01 min 26 sec)
Heartbeat CPU 0 instructions: 22000114 cycles: 13708831 heartbeat IPC: 0.939 cumulative IPC: 1.094 (Simulation time: 00 hr 01 min 29 sec)
Heartbeat CPU 0 instructions: 22500115 cycles: 14114442 heartbeat IPC: 1.233 cumulative IPC: 1.099 (Simulation time: 00 hr 01 min 32 sec)
Heartbeat CPU 0 instructions: 23000116 cycles: 14508682 heartbeat IPC: 1.268 cumulative IPC: 1.105 (Simulation time: 00 hr 01 min 34 sec)
Heartbeat CPU 0 instructions: 23500119 cycles: 14898468 heartbeat IPC: 1.283 cumulative IPC: 1.11 (Simulation time: 00 hr 01 min 37 sec)
Heartbeat CPU 0 instructions: 24000121 cycles: 15336030 heartbeat IPC: 1.143 cumulative IPC: 1.111 (Simulation time: 00 hr 01 min 39 sec)
Heartbeat CPU 0 instructions: 24500128 cycles: 15750529 heartbeat IPC: 1.206 cumulative IPC: 1.114 (Simulation time: 00 hr 01 min 42 sec)
Heartbeat CPU 0 instructions: 25000133 cycles: 16390481 heartbeat IPC: 0.7813 cumulative IPC: 1.099 (Simulation time: 00 hr 01 min 45 sec)
Heartbeat CPU 0 instructions: 25500139 cycles: 16881029 heartbeat IPC: 1.019 cumulative IPC: 1.096 (Simulation time: 00 hr 01 min 48 sec)
Heartbeat CPU 0 instructions: 26000146 cycles: 17423647 heartbeat IPC: 0.9215 cumulative IPC: 1.09 (Simulation time: 00 hr 01 min 52 sec)
Heartbeat CPU 0 instructions: 26500149 cycles: 17964693 heartbeat IPC: 0.9241 cumulative IPC: 1.084 (Simulation time: 00 hr 01 min 55 sec)
Heartbeat CPU 0 instructions: 27000154 cycles: 18500341 heartbeat IPC: 0.9335 cumulative IPC: 1.079 (Simulation time: 00 hr 01 min 58 sec)
Heartbeat CPU 0 instructions: 27500161 cycles: 19043425 heartbeat IPC: 0.9207 cumulative IPC: 1.073 (Simulation time: 00 hr 02 min 01 sec)
Heartbeat CPU 0 instructions: 28000161 cycles: 19602179 heartbeat IPC: 0.8948 cumulative IPC: 1.067 (Simulation time: 00 hr 02 min 05 sec)
Heartbeat CPU 0 instructions: 28500167 cycles: 20140977 heartbeat IPC: 0.928 cumulative IPC: 1.063 (Simulation time: 00 hr 02 min 09 sec)
Heartbeat CPU 0 instructions: 29000171 cycles: 20639005 heartbeat IPC: 1.004 cumulative IPC: 1.061 (Simulation time: 00 hr 02 min 12 sec)
Heartbeat CPU 0 instructions: 29500172 cycles: 25172695 heartbeat IPC: 0.1103 cumulative IPC: 0.8693 (Simulation time: 00 hr 02 min 29 sec)
Heartbeat CPU 0 instructions: 30000172 cycles: 25983184 heartbeat IPC: 0.6169 cumulative IPC: 0.8605 (Simulation time: 00 hr 02 min 33 sec)
Heartbeat CPU 0 instructions: 30500172 cycles: 26516610 heartbeat IPC: 0.9373 cumulative IPC: 0.8622 (Simulation time: 00 hr 02 min 35 sec)
Heartbeat CPU 0 instructions: 31000172 cycles: 27243308 heartbeat IPC: 0.688 cumulative IPC: 0.857 (Simulation time: 00 hr 02 min 38 sec)
Heartbeat CPU 0 instructions: 31500173 cycles: 28224866 heartbeat IPC: 0.5094 cumulative IPC: 0.8436 (Simulation time: 00 hr 02 min 42 sec)
Heartbeat CPU 0 instructions: 32000174 cycles: 29200535 heartbeat IPC: 0.5125 cumulative IPC: 0.8314 (Simulation time: 00 hr 02 min 45 sec)
Heartbeat CPU 0 instructions: 32500178 cycles: 30165421 heartbeat IPC: 0.5182 cumulative IPC: 0.8204 (Simulation time: 00 hr 02 min 49 sec)
Heartbeat CPU 0 instructions: 33000180 cycles: 31139593 heartbeat IPC: 0.5133 cumulative IPC: 0.8099 (Simulation time: 00 hr 02 min 53 sec)
Heartbeat CPU 0 instructions: 33500180 cycles: 32107276 heartbeat IPC: 0.5167 cumulative IPC: 0.8002 (Simulation time: 00 hr 02 min 56 sec)
Heartbeat CPU 0 instructions: 34000182 cycles: 33081486 heartbeat IPC: 0.5132 cumulative IPC: 0.791 (Simulation time: 00 hr 03 min 00 sec)
Heartbeat CPU 0 instructions: 34500182 cycles: 34052238 heartbeat IPC: 0.5151 cumulative IPC: 0.7824 (Simulation time: 00 hr 03 min 04 sec)
Heartbeat CPU 0 instructions: 35000182 cycles: 35025273 heartbeat IPC: 0.5139 cumulative IPC: 0.7743 (Simulation time: 00 hr 03 min 07 sec)
Heartbeat CPU 0 instructions: 35500182 cycles: 35999366 heartbeat IPC: 0.5133 cumulative IPC: 0.7667 (Simulation time: 00 hr 03 min 11 sec)
Heartbeat CPU 0 instructions: 36000182 cycles: 36964564 heartbeat IPC: 0.518 cumulative IPC: 0.7597 (Simulation time: 00 hr 03 min 15 sec)
Heartbeat CPU 0 instructions: 36500182 cycles: 37938772 heartbeat IPC: 0.5132 cumulative IPC: 0.7529 (Simulation time: 00 hr 03 min 18 sec)
Heartbeat CPU 0 instructions: 37000183 cycles: 38903533 heartbeat IPC: 0.5183 cumulative IPC: 0.7466 (Simulation time: 00 hr 03 min 22 sec)
Heartbeat CPU 0 instructions: 37500183 cycles: 39879194 heartbeat IPC: 0.5125 cumulative IPC: 0.7405 (Simulation time: 00 hr 03 min 25 sec)
Heartbeat CPU 0 instructions: 38000183 cycles: 40848419 heartbeat IPC: 0.5159 cumulative IPC: 0.7347 (Simulation time: 00 hr 03 min 29 sec)
Heartbeat CPU 0 instructions: 38500183 cycles: 41819318 heartbeat IPC: 0.515 cumulative IPC: 0.7293 (Simulation time: 00 hr 03 min 32 sec)
Heartbeat CPU 0 instructions: 39000183 cycles: 42794631 heartbeat IPC: 0.5127 cumulative IPC: 0.724 (Simulation time: 00 hr 03 min 36 sec)
Heartbeat CPU 0 instructions: 39500183 cycles: 43448850 heartbeat IPC: 0.7643 cumulative IPC: 0.7247 (Simulation time: 00 hr 03 min 39 sec)
Heartbeat CPU 0 instructions: 40000183 cycles: 44091098 heartbeat IPC: 0.7785 cumulative IPC: 0.7255 (Simulation time: 00 hr 03 min 42 sec)
Heartbeat CPU 0 instructions: 40500185 cycles: 44789957 heartbeat IPC: 0.7155 cumulative IPC: 0.7253 (Simulation time: 00 hr 03 min 44 sec)
Heartbeat CPU 0 instructions: 41000190 cycles: 44996355 heartbeat IPC: 2.423 cumulative IPC: 0.7336 (Simulation time: 00 hr 03 min 46 sec)
Heartbeat CPU 0 instructions: 41500195 cycles: 45122437 heartbeat IPC: 3.966 cumulative IPC: 0.7432 (Simulation time: 00 hr 03 min 48 sec)
Heartbeat CPU 0 instructions: 42000197 cycles: 45473816 heartbeat IPC: 1.423 cumulative IPC: 0.7488 (Simulation time: 00 hr 03 min 50 sec)
Heartbeat CPU 0 instructions: 42500198 cycles: 45756400 heartbeat IPC: 1.769 cumulative IPC: 0.7555 (Simulation time: 00 hr 03 min 51 sec)
Heartbeat CPU 0 instructions: 43000202 cycles: 46192532 heartbeat IPC: 1.146 cumulative IPC: 0.7594 (Simulation time: 00 hr 03 min 53 sec)
Heartbeat CPU 0 instructions: 43500207 cycles: 46543646 heartbeat IPC: 1.424 cumulative IPC: 0.7648 (Simulation time: 00 hr 03 min 55 sec)
Heartbeat CPU 0 instructions: 44000213 cycles: 46856895 heartbeat IPC: 1.596 cumulative IPC: 0.7707 (Simulation time: 00 hr 03 min 57 sec)
Heartbeat CPU 0 instructions: 44500214 cycles: 47203241 heartbeat IPC: 1.444 cumulative IPC: 0.7759 (Simulation time: 00 hr 03 min 59 sec)
Heartbeat CPU 0 instructions: 45000214 cycles: 47442038 heartbeat IPC: 2.094 cumulative IPC: 0.783 (Simulation time: 00 hr 04 min 01 sec)
Heartbeat CPU 0 instructions: 45500215 cycles: 47652607 heartbeat IPC: 2.375 cumulative IPC: 0.7904 (Simulation time: 00 hr 04 min 02 sec)
Heartbeat CPU 0 instructions: 46000217 cycles: 47869742 heartbeat IPC: 2.303 cumulative IPC: 0.7977 (Simulation time: 00 hr 04 min 04 sec)
Heartbeat CPU 0 instructions: 46500218 cycles: 48200585 heartbeat IPC: 1.511 cumulative IPC: 0.8029 (Simulation time: 00 hr 04 min 06 sec)
Heartbeat CPU 0 instructions: 47000220 cycles: 48560014 heartbeat IPC: 1.391 cumulative IPC: 0.8075 (Simulation time: 00 hr 04 min 08 sec)
Heartbeat CPU 0 instructions: 47500224 cycles: 48738662 heartbeat IPC: 2.799 cumulative IPC: 0.8152 (Simulation time: 00 hr 04 min 09 sec)
Heartbeat CPU 0 instructions: 48000224 cycles: 48897861 heartbeat IPC: 3.141 cumulative IPC: 0.8233 (Simulation time: 00 hr 04 min 11 sec)
Heartbeat CPU 0 instructions: 48500228 cycles: 49020965 heartbeat IPC: 4.062 cumulative IPC: 0.8319 (Simulation time: 00 hr 04 min 13 sec)
Heartbeat CPU 0 instructions: 49000228 cycles: 49191633 heartbeat IPC: 2.93 cumulative IPC: 0.8396 (Simulation time: 00 hr 04 min 14 sec)
Heartbeat CPU 0 instructions: 49500235 cycles: 49379731 heartbeat IPC: 2.658 cumulative IPC: 0.8469 (Simulation time: 00 hr 04 min 16 sec)
Heartbeat CPU 0 instructions: 50000238 cycles: 50123988 heartbeat IPC: 0.6718 cumulative IPC: 0.8442 (Simulation time: 00 hr 04 min 21 sec)
Heartbeat CPU 0 instructions: 50500238 cycles: 50711284 heartbeat IPC: 0.8514 cumulative IPC: 0.8443 (Simulation time: 00 hr 04 min 24 sec)
Heartbeat CPU 0 instructions: 51000238 cycles: 51246565 heartbeat IPC: 0.9341 cumulative IPC: 0.8452 (Simulation time: 00 hr 04 min 27 sec)
Heartbeat CPU 0 instructions: 51500245 cycles: 51807243 heartbeat IPC: 0.8918 cumulative IPC: 0.8458 (Simulation time: 00 hr 04 min 30 sec)
Heartbeat CPU 0 instructions: 52000245 cycles: 52332609 heartbeat IPC: 0.9517 cumulative IPC: 0.8469 (Simulation time: 00 hr 04 min 33 sec)
Heartbeat CPU 0 instructions: 52500247 cycles: 52854390 heartbeat IPC: 0.9583 cumulative IPC: 0.8481 (Simulation time: 00 hr 04 min 36 sec)
Heartbeat CPU 0 instructions: 53000249 cycles: 53366779 heartbeat IPC: 0.9758 cumulative IPC: 0.8494 (Simulation time: 00 hr 04 min 39 sec)
Heartbeat CPU 0 instructions: 53500253 cycles: 53888382 heartbeat IPC: 0.9586 cumulative IPC: 0.8505 (Simulation time: 00 hr 04 min 42 sec)
Heartbeat CPU 0 instructions: 54000253 cycles: 54474189 heartbeat IPC: 0.8535 cumulative IPC: 0.8505 (Simulation time: 00 hr 04 min 46 sec)
Heartbeat CPU 0 instructions: 54500254 cycles: 55050951 heartbeat IPC: 0.8669 cumulative IPC: 0.8507 (Simulation time: 00 hr 04 min 50 sec)
Heartbeat CPU 0 instructions: 55000256 cycles: 55622359 heartbeat IPC: 0.875 cumulative IPC: 0.8509 (Simulation time: 00 hr 04 min 53 sec)
Heartbeat CPU 0 instructions: 55500256 cycles: 56124644 heartbeat IPC: 0.9955 cumulative IPC: 0.8523 (Simulation time: 00 hr 04 min 56 sec)
Heartbeat CPU 0 instructions: 56000256 cycles: 57409227 heartbeat IPC: 0.3892 cumulative IPC: 0.8414 (Simulation time: 00 hr 05 min 03 sec)
Heartbeat CPU 0 instructions: 56500258 cycles: 60773344 heartbeat IPC: 0.1486 cumulative IPC: 0.8013 (Simulation time: 00 hr 05 min 20 sec)
Heartbeat CPU 0 instructions: 57000262 cycles: 61338771 heartbeat IPC: 0.8843 cumulative IPC: 0.8021 (Simulation time: 00 hr 05 min 23 sec)
Heartbeat CPU 0 instructions: 57500262 cycles: 61904638 heartbeat IPC: 0.8836 cumulative IPC: 0.8028 (Simulation time: 00 hr 05 min 26 sec)
Heartbeat CPU 0 instructions: 58000264 cycles: 62411426 heartbeat IPC: 0.9866 cumulative IPC: 0.8044 (Simulation time: 00 hr 05 min 29 sec)
Heartbeat CPU 0 instructions: 58500265 cycles: 62938248 heartbeat IPC: 0.9491 cumulative IPC: 0.8057 (Simulation time: 00 hr 05 min 32 sec)
Heartbeat CPU 0 instructions: 59000266 cycles: 63480759 heartbeat IPC: 0.9216 cumulative IPC: 0.8067 (Simulation time: 00 hr 05 min 35 sec)
Heartbeat CPU 0 instructions: 59500267 cycles: 64009368 heartbeat IPC: 0.9459 cumulative IPC: 0.8079 (Simulation time: 00 hr 05 min 38 sec)
Simulation finished CPU 0 instructions: 50000000 cycles: 61805859 cumulative IPC: 0.809 (Simulation time: 00 hr 05 min 42 sec)
Simulation complete CPU 0 instructions: 50000000 cycles: 61805859 cumulative IPC: 0.809 (Simulation time: 00 hr 05 min 42 sec)

ChampSim completed all CPUs

=== Simulation ===
CPU 0 runs traces/charlie/charlie_0003.champsim.gz

Region of Interest Statistics

CPU 0 cumulative IPC: 0.809 instructions: 50000000 cycles: 61805859
CPU 0 Branch Prediction Accuracy: 90.87% MPKI: 24.92 Average ROB Occupancy at Mispredict: 17.49
Branch type MPKI
BRANCH_DIRECT_JUMP: 1.244
BRANCH_INDIRECT: 0.2987
BRANCH_CONDITIONAL: 22.86
BRANCH_DIRECT_CALL: 0.0355
BRANCH_INDIRECT_CALL: 0.4181
BRANCH_RETURN: 0.0638

cpu0->cpu0_STLB TOTAL        ACCESS:    1040880 HIT:    1017813 MISS:      23067 MSHR_MERGE:          0
cpu0->cpu0_STLB LOAD         ACCESS:    1040880 HIT:    1017813 MISS:      23067 MSHR_MERGE:          0
cpu0->cpu0_STLB RFO          ACCESS:          0 HIT:          0 MISS:          0 MSHR_MERGE:          0
cpu0->cpu0_STLB PREFETCH     ACCESS:          0 HIT:          0 MISS:          0 MSHR_MERGE:          0
cpu0->cpu0_STLB WRITE        ACCESS:          0 HIT:          0 MISS:          0 MSHR_MERGE:          0
cpu0->cpu0_STLB TRANSLATION  ACCESS:          0 HIT:          0 MISS:          0 MSHR_MERGE:          0
cpu0->cpu0_STLB PREFETCH REQUESTED:          0 ISSUED:          0 USEFUL:          0 USELESS:          0
cpu0->cpu0_STLB AVERAGE MISS LATENCY: 206.3 cycles
cpu0->cpu0_L2C TOTAL        ACCESS:    3185177 HIT:    2826874 MISS:     358303 MSHR_MERGE:      79738
cpu0->cpu0_L2C LOAD         ACCESS:    1555481 HIT:    1453090 MISS:     102391 MSHR_MERGE:       6107
cpu0->cpu0_L2C RFO          ACCESS:     121409 HIT:       6805 MISS:     114604 MSHR_MERGE:          0
cpu0->cpu0_L2C PREFETCH     ACCESS:    1331592 HIT:    1198874 MISS:     132718 MSHR_MERGE:      73631
cpu0->cpu0_L2C WRITE        ACCESS:     158046 HIT:     158045 MISS:          1 MSHR_MERGE:          0
cpu0->cpu0_L2C TRANSLATION  ACCESS:      18649 HIT:      10060 MISS:       8589 MSHR_MERGE:          0
cpu0->cpu0_L2C PREFETCH REQUESTED:    1401054 ISSUED:    1331592 USEFUL:      33060 USELESS:      24977
cpu0->cpu0_L2C AVERAGE MISS LATENCY: 287.4 cycles
cpu0->cpu0_L1I TOTAL        ACCESS:    2447343 HIT:    2367168 MISS:      80175 MSHR_MERGE:      19065
cpu0->cpu0_L1I LOAD         ACCESS:    2447343 HIT:    2367168 MISS:      80175 MSHR_MERGE:      19065
cpu0->cpu0_L1I RFO          ACCESS:          0 HIT:          0 MISS:          0 MSHR_MERGE:          0
cpu0->cpu0_L1I PREFETCH     ACCESS:          0 HIT:          0 MISS:          0 MSHR_MERGE:          0
cpu0->cpu0_L1I WRITE        ACCESS:          0 HIT:          0 MISS:          0 MSHR_MERGE:          0
cpu0->cpu0_L1I TRANSLATION  ACCESS:          0 HIT:          0 MISS:          0 MSHR_MERGE:          0
cpu0->cpu0_L1I PREFETCH REQUESTED:          0 ISSUED:          0 USEFUL:          0 USELESS:          0
cpu0->cpu0_L1I AVERAGE MISS LATENCY: 66.83 cycles
cpu0->cpu0_L1D TOTAL        ACCESS:   11105945 HIT:    8629964 MISS:    2475981 MSHR_MERGE:     841552
cpu0->cpu0_L1D LOAD         ACCESS:    8306332 HIT:    6250625 MISS:    2055707 MSHR_MERGE:     561336
cpu0->cpu0_L1D RFO          ACCESS:          0 HIT:          0 MISS:          0 MSHR_MERGE:          0
cpu0->cpu0_L1D PREFETCH     ACCESS:          0 HIT:          0 MISS:          0 MSHR_MERGE:          0
cpu0->cpu0_L1D WRITE        ACCESS:    2745364 HIT:    2344019 MISS:     401345 MSHR_MERGE:     279936
cpu0->cpu0_L1D TRANSLATION  ACCESS:      54249 HIT:      35320 MISS:      18929 MSHR_MERGE:        280
cpu0->cpu0_L1D PREFETCH REQUESTED:          0 ISSUED:          0 USEFUL:          0 USELESS:          0
cpu0->cpu0_L1D AVERAGE MISS LATENCY: 46.12 cycles
cpu0->cpu0_ITLB TOTAL        ACCESS:    1983460 HIT:    1975810 MISS:       7650 MSHR_MERGE:       3517
cpu0->cpu0_ITLB LOAD         ACCESS:    1983460 HIT:    1975810 MISS:       7650 MSHR_MERGE:       3517
cpu0->cpu0_ITLB RFO          ACCESS:          0 HIT:          0 MISS:          0 MSHR_MERGE:          0
cpu0->cpu0_ITLB PREFETCH     ACCESS:          0 HIT:          0 MISS:          0 MSHR_MERGE:          0
cpu0->cpu0_ITLB WRITE        ACCESS:          0 HIT:          0 MISS:          0 MSHR_MERGE:          0
cpu0->cpu0_ITLB TRANSLATION  ACCESS:          0 HIT:          0 MISS:          0 MSHR_MERGE:          0
cpu0->cpu0_ITLB PREFETCH REQUESTED:          0 ISSUED:          0 USEFUL:          0 USELESS:          0
cpu0->cpu0_ITLB AVERAGE MISS LATENCY: 59.76 cycles
cpu0->cpu0_DTLB TOTAL        ACCESS:   10744671 HIT:    9620310 MISS:    1124361 MSHR_MERGE:      87614
cpu0->cpu0_DTLB LOAD         ACCESS:   10744671 HIT:    9620310 MISS:    1124361 MSHR_MERGE:      87614
cpu0->cpu0_DTLB RFO          ACCESS:          0 HIT:          0 MISS:          0 MSHR_MERGE:          0
cpu0->cpu0_DTLB PREFETCH     ACCESS:          0 HIT:          0 MISS:          0 MSHR_MERGE:          0
cpu0->cpu0_DTLB WRITE        ACCESS:          0 HIT:          0 MISS:          0 MSHR_MERGE:          0
cpu0->cpu0_DTLB TRANSLATION  ACCESS:          0 HIT:          0 MISS:          0 MSHR_MERGE:          0
cpu0->cpu0_DTLB PREFETCH REQUESTED:          0 ISSUED:          0 USEFUL:          0 USELESS:          0
cpu0->cpu0_DTLB AVERAGE MISS LATENCY: 9.4 cycles
cpu0->LLC TOTAL        ACCESS:     414633 HIT:      27855 MISS:     386778 MSHR_MERGE:          0
cpu0->LLC LOAD         ACCESS:      96284 HIT:       6447 MISS:      89837 MSHR_MERGE:          0
cpu0->LLC RFO          ACCESS:     114604 HIT:        283 MISS:     114321 MSHR_MERGE:          0
cpu0->LLC PREFETCH     ACCESS:      59087 HIT:        153 MISS:      58934 MSHR_MERGE:          0
cpu0->LLC WRITE        ACCESS:     136069 HIT:      20215 MISS:     115854 MSHR_MERGE:          0
cpu0->LLC TRANSLATION  ACCESS:       8589 HIT:        757 MISS:       7832 MSHR_MERGE:          0
cpu0->LLC PREFETCH REQUESTED:          0 ISSUED:          0 USEFUL:          0 USELESS:          0
cpu0->LLC AVERAGE MISS LATENCY: 183.7 cycles

DRAM Statistics

Channel 0 RQ ROW_BUFFER_HIT:      24991
  ROW_BUFFER_MISS:     245903
  AVG DBUS CONGESTED CYCLE: 20.91
Channel 0 WQ ROW_BUFFER_HIT:      18564
  ROW_BUFFER_MISS:      82075
  FULL:        145
Channel 0 REFRESHES ISSUED:       5150


--- STDERR ---



=== TRACE: traces/charlie/charlie_0000.champsim.gz ===
COMMAND: ./bin/1C.fullBW.ghb_pccs --warmup-instructions=10000000 --simulation-instructions=50000000 traces/charlie/charlie_0000.champsim.gz
RETURNCODE: 0

--- STDOUT ---
[VMEM] WARNING: physical memory size is smaller than virtual memory size.

*** ChampSim Multicore Out-of-Order Simulator ***
Warmup Instructions: 10000000
Simulation Instructions: 50000000
Number of CPUs: 1
Page size: 4096
Core 0: traces/charlie/charlie_0000.champsim.gz
Off-chip DRAM Size: 64 GiB Channels: 1 Width: 64-bit Data Rate: 4807 MT/s
[BTB] WARNING: target of return is a lower address than the corresponding call. This is usually a problem with your trace.
[BTB] WARNING: target of return is a lower address than the corresponding call. This is usually a problem with your trace.
Heartbeat CPU 0 instructions: 500006 cycles: 298197 heartbeat IPC: 1.677 cumulative IPC: 1.677 (Simulation time: 00 hr 00 min 03 sec)
Heartbeat CPU 0 instructions: 1000011 cycles: 484123 heartbeat IPC: 2.689 cumulative IPC: 2.066 (Simulation time: 00 hr 00 min 05 sec)
[BTB] WARNING: target of return is a lower address than the corresponding call. This is usually a problem with your trace.
Heartbeat CPU 0 instructions: 1500012 cycles: 652939 heartbeat IPC: 2.962 cumulative IPC: 2.297 (Simulation time: 00 hr 00 min 07 sec)
[BTB] WARNING: target of return is a lower address than the corresponding call. This is usually a problem with your trace.
[BTB] WARNING: target of return is a lower address than the corresponding call. This is usually a problem with your trace.
Heartbeat CPU 0 instructions: 2000012 cycles: 786722 heartbeat IPC: 3.737 cumulative IPC: 2.542 (Simulation time: 00 hr 00 min 09 sec)
[BTB] WARNING: target of return is a lower address than the corresponding call. This is usually a problem with your trace.
[BTB] WARNING: target of return is a lower address than the corresponding call. This is usually a problem with your trace.
[BTB] WARNING: target of return is a lower address than the corresponding call. This is usually a problem with your trace.
[BTB] WARNING: target of return is a lower address than the corresponding call. This is usually a problem with your trace.
[BTB] WARNING: target of return is a lower address than the corresponding call. This is usually a problem with your trace.
Heartbeat CPU 0 instructions: 2500014 cycles: 934967 heartbeat IPC: 3.373 cumulative IPC: 2.674 (Simulation time: 00 hr 00 min 10 sec)
Heartbeat CPU 0 instructions: 3000021 cycles: 1043949 heartbeat IPC: 4.588 cumulative IPC: 2.874 (Simulation time: 00 hr 00 min 11 sec)
Heartbeat CPU 0 instructions: 3500023 cycles: 1151204 heartbeat IPC: 4.662 cumulative IPC: 3.04 (Simulation time: 00 hr 00 min 13 sec)
Heartbeat CPU 0 instructions: 4000027 cycles: 1259090 heartbeat IPC: 4.635 cumulative IPC: 3.177 (Simulation time: 00 hr 00 min 14 sec)
Heartbeat CPU 0 instructions: 4500034 cycles: 1365070 heartbeat IPC: 4.718 cumulative IPC: 3.297 (Simulation time: 00 hr 00 min 15 sec)
Heartbeat CPU 0 instructions: 5000034 cycles: 1471254 heartbeat IPC: 4.709 cumulative IPC: 3.398 (Simulation time: 00 hr 00 min 16 sec)
Heartbeat CPU 0 instructions: 5500040 cycles: 1576164 heartbeat IPC: 4.766 cumulative IPC: 3.49 (Simulation time: 00 hr 00 min 17 sec)
Heartbeat CPU 0 instructions: 6000040 cycles: 1680925 heartbeat IPC: 4.773 cumulative IPC: 3.569 (Simulation time: 00 hr 00 min 19 sec)
Heartbeat CPU 0 instructions: 6500040 cycles: 1788160 heartbeat IPC: 4.663 cumulative IPC: 3.635 (Simulation time: 00 hr 00 min 20 sec)
Heartbeat CPU 0 instructions: 7000044 cycles: 1894588 heartbeat IPC: 4.698 cumulative IPC: 3.695 (Simulation time: 00 hr 00 min 21 sec)
Heartbeat CPU 0 instructions: 7500049 cycles: 2004396 heartbeat IPC: 4.553 cumulative IPC: 3.742 (Simulation time: 00 hr 00 min 23 sec)
Heartbeat CPU 0 instructions: 8000052 cycles: 2110320 heartbeat IPC: 4.72 cumulative IPC: 3.791 (Simulation time: 00 hr 00 min 24 sec)
Heartbeat CPU 0 instructions: 8500059 cycles: 2217842 heartbeat IPC: 4.65 cumulative IPC: 3.833 (Simulation time: 00 hr 00 min 25 sec)
Heartbeat CPU 0 instructions: 9000060 cycles: 2328329 heartbeat IPC: 4.525 cumulative IPC: 3.865 (Simulation time: 00 hr 00 min 27 sec)
Heartbeat CPU 0 instructions: 9500062 cycles: 2431922 heartbeat IPC: 4.827 cumulative IPC: 3.906 (Simulation time: 00 hr 00 min 28 sec)
Warmup finished CPU 0 instructions: 10000005 cycles: 2535843 cumulative IPC: 3.943 (Simulation time: 00 hr 00 min 30 sec)
Warmup complete CPU 0 instructions: 10000005 cycles: 2535843 cumulative IPC: 3.943 (Simulation time: 00 hr 00 min 30 sec)
Heartbeat CPU 0 instructions: 10000065 cycles: 2535851 heartbeat IPC: 4.811 cumulative IPC: 7.5 (Simulation time: 00 hr 00 min 30 sec)
Heartbeat CPU 0 instructions: 10500066 cycles: 2956206 heartbeat IPC: 1.189 cumulative IPC: 1.19 (Simulation time: 00 hr 00 min 32 sec)
Heartbeat CPU 0 instructions: 11000066 cycles: 3399807 heartbeat IPC: 1.127 cumulative IPC: 1.158 (Simulation time: 00 hr 00 min 35 sec)
Heartbeat CPU 0 instructions: 11500067 cycles: 3843837 heartbeat IPC: 1.126 cumulative IPC: 1.147 (Simulation time: 00 hr 00 min 37 sec)
Heartbeat CPU 0 instructions: 12000072 cycles: 4540807 heartbeat IPC: 0.7174 cumulative IPC: 0.9976 (Simulation time: 00 hr 00 min 40 sec)
Heartbeat CPU 0 instructions: 12500072 cycles: 5318884 heartbeat IPC: 0.6426 cumulative IPC: 0.8983 (Simulation time: 00 hr 00 min 44 sec)
Heartbeat CPU 0 instructions: 13000073 cycles: 5896467 heartbeat IPC: 0.8657 cumulative IPC: 0.8927 (Simulation time: 00 hr 00 min 47 sec)
Heartbeat CPU 0 instructions: 13500075 cycles: 6292173 heartbeat IPC: 1.264 cumulative IPC: 0.9318 (Simulation time: 00 hr 00 min 50 sec)
Heartbeat CPU 0 instructions: 14000077 cycles: 6762343 heartbeat IPC: 1.063 cumulative IPC: 0.9464 (Simulation time: 00 hr 00 min 53 sec)
Heartbeat CPU 0 instructions: 14500083 cycles: 7145410 heartbeat IPC: 1.305 cumulative IPC: 0.9762 (Simulation time: 00 hr 00 min 55 sec)
Heartbeat CPU 0 instructions: 15000086 cycles: 7579488 heartbeat IPC: 1.152 cumulative IPC: 0.9914 (Simulation time: 00 hr 00 min 58 sec)
Heartbeat CPU 0 instructions: 15500086 cycles: 8013607 heartbeat IPC: 1.152 cumulative IPC: 1.004 (Simulation time: 00 hr 01 min 01 sec)
Heartbeat CPU 0 instructions: 16000092 cycles: 8441309 heartbeat IPC: 1.169 cumulative IPC: 1.016 (Simulation time: 00 hr 01 min 03 sec)
Heartbeat CPU 0 instructions: 16500094 cycles: 8984756 heartbeat IPC: 0.9201 cumulative IPC: 1.008 (Simulation time: 00 hr 01 min 06 sec)
Heartbeat CPU 0 instructions: 17000095 cycles: 9488146 heartbeat IPC: 0.9933 cumulative IPC: 1.007 (Simulation time: 00 hr 01 min 09 sec)
Heartbeat CPU 0 instructions: 17500095 cycles: 9980736 heartbeat IPC: 1.015 cumulative IPC: 1.007 (Simulation time: 00 hr 01 min 12 sec)
Heartbeat CPU 0 instructions: 18000097 cycles: 10458792 heartbeat IPC: 1.046 cumulative IPC: 1.01 (Simulation time: 00 hr 01 min 15 sec)
Heartbeat CPU 0 instructions: 18500097 cycles: 10941149 heartbeat IPC: 1.037 cumulative IPC: 1.011 (Simulation time: 00 hr 01 min 17 sec)
Heartbeat CPU 0 instructions: 19000100 cycles: 11819519 heartbeat IPC: 0.5692 cumulative IPC: 0.9695 (Simulation time: 00 hr 01 min 22 sec)
Heartbeat CPU 0 instructions: 19500100 cycles: 12129513 heartbeat IPC: 1.613 cumulative IPC: 0.9902 (Simulation time: 00 hr 01 min 23 sec)
Heartbeat CPU 0 instructions: 20000101 cycles: 12417738 heartbeat IPC: 1.735 cumulative IPC: 1.012 (Simulation time: 00 hr 01 min 25 sec)
Heartbeat CPU 0 instructions: 20500102 cycles: 12731058 heartbeat IPC: 1.596 cumulative IPC: 1.03 (Simulation time: 00 hr 01 min 27 sec)
Heartbeat CPU 0 instructions: 21000104 cycles: 13007139 heartbeat IPC: 1.811 cumulative IPC: 1.051 (Simulation time: 00 hr 01 min 28 sec)
Heartbeat CPU 0 instructions: 21500105 cycles: 13283330 heartbeat IPC: 1.81 cumulative IPC: 1.07 (Simulation time: 00 hr 01 min 30 sec)
Heartbeat CPU 0 instructions: 22000111 cycles: 14838592 heartbeat IPC: 0.3215 cumulative IPC: 0.9754 (Simulation time: 00 hr 01 min 37 sec)
Heartbeat CPU 0 instructions: 22500111 cycles: 17367537 heartbeat IPC: 0.1977 cumulative IPC: 0.8428 (Simulation time: 00 hr 01 min 48 sec)
Heartbeat CPU 0 instructions: 23000118 cycles: 18042055 heartbeat IPC: 0.7413 cumulative IPC: 0.8384 (Simulation time: 00 hr 01 min 53 sec)
Heartbeat CPU 0 instructions: 23500122 cycles: 18948838 heartbeat IPC: 0.5514 cumulative IPC: 0.8225 (Simulation time: 00 hr 01 min 57 sec)
Heartbeat CPU 0 instructions: 24000125 cycles: 20698413 heartbeat IPC: 0.2858 cumulative IPC: 0.7708 (Simulation time: 00 hr 02 min 05 sec)
Heartbeat CPU 0 instructions: 24500126 cycles: 21146612 heartbeat IPC: 1.116 cumulative IPC: 0.7791 (Simulation time: 00 hr 02 min 08 sec)
Heartbeat CPU 0 instructions: 25000129 cycles: 21547361 heartbeat IPC: 1.248 cumulative IPC: 0.789 (Simulation time: 00 hr 02 min 11 sec)
Heartbeat CPU 0 instructions: 25500134 cycles: 22029571 heartbeat IPC: 1.037 cumulative IPC: 0.7951 (Simulation time: 00 hr 02 min 14 sec)
Heartbeat CPU 0 instructions: 26000134 cycles: 22462629 heartbeat IPC: 1.155 cumulative IPC: 0.8029 (Simulation time: 00 hr 02 min 17 sec)
Heartbeat CPU 0 instructions: 26500140 cycles: 22878740 heartbeat IPC: 1.202 cumulative IPC: 0.8111 (Simulation time: 00 hr 02 min 21 sec)
Heartbeat CPU 0 instructions: 27000146 cycles: 23284482 heartbeat IPC: 1.232 cumulative IPC: 0.8193 (Simulation time: 00 hr 02 min 24 sec)
Heartbeat CPU 0 instructions: 27500146 cycles: 23853925 heartbeat IPC: 0.8781 cumulative IPC: 0.8209 (Simulation time: 00 hr 02 min 28 sec)
Heartbeat CPU 0 instructions: 28000146 cycles: 24271528 heartbeat IPC: 1.197 cumulative IPC: 0.8281 (Simulation time: 00 hr 02 min 32 sec)
Heartbeat CPU 0 instructions: 28500150 cycles: 24685077 heartbeat IPC: 1.209 cumulative IPC: 0.8352 (Simulation time: 00 hr 02 min 35 sec)
Heartbeat CPU 0 instructions: 29000151 cycles: 25207059 heartbeat IPC: 0.9579 cumulative IPC: 0.8381 (Simulation time: 00 hr 02 min 38 sec)
Heartbeat CPU 0 instructions: 29500152 cycles: 26437431 heartbeat IPC: 0.4064 cumulative IPC: 0.8159 (Simulation time: 00 hr 02 min 44 sec)
Heartbeat CPU 0 instructions: 30000155 cycles: 26738009 heartbeat IPC: 1.663 cumulative IPC: 0.8264 (Simulation time: 00 hr 02 min 45 sec)
Heartbeat CPU 0 instructions: 30500157 cycles: 27025744 heartbeat IPC: 1.738 cumulative IPC: 0.8371 (Simulation time: 00 hr 02 min 47 sec)
Heartbeat CPU 0 instructions: 31000157 cycles: 27332747 heartbeat IPC: 1.629 cumulative IPC: 0.8469 (Simulation time: 00 hr 02 min 49 sec)
Heartbeat CPU 0 instructions: 31500158 cycles: 27603745 heartbeat IPC: 1.845 cumulative IPC: 0.8577 (Simulation time: 00 hr 02 min 50 sec)
Heartbeat CPU 0 instructions: 32000159 cycles: 27872287 heartbeat IPC: 1.862 cumulative IPC: 0.8683 (Simulation time: 00 hr 02 min 52 sec)
Heartbeat CPU 0 instructions: 32500161 cycles: 28578351 heartbeat IPC: 0.7082 cumulative IPC: 0.864 (Simulation time: 00 hr 02 min 56 sec)
Heartbeat CPU 0 instructions: 33000164 cycles: 29123192 heartbeat IPC: 0.9177 cumulative IPC: 0.8651 (Simulation time: 00 hr 02 min 59 sec)
Heartbeat CPU 0 instructions: 33500169 cycles: 29772225 heartbeat IPC: 0.7704 cumulative IPC: 0.8628 (Simulation time: 00 hr 03 min 04 sec)
Heartbeat CPU 0 instructions: 34000171 cycles: 30336820 heartbeat IPC: 0.8856 cumulative IPC: 0.8633 (Simulation time: 00 hr 03 min 07 sec)
Heartbeat CPU 0 instructions: 34500171 cycles: 30956780 heartbeat IPC: 0.8065 cumulative IPC: 0.862 (Simulation time: 00 hr 03 min 11 sec)
Heartbeat CPU 0 instructions: 35000176 cycles: 31519163 heartbeat IPC: 0.8891 cumulative IPC: 0.8626 (Simulation time: 00 hr 03 min 14 sec)
Heartbeat CPU 0 instructions: 35500176 cycles: 32191754 heartbeat IPC: 0.7434 cumulative IPC: 0.8599 (Simulation time: 00 hr 03 min 19 sec)
Heartbeat CPU 0 instructions: 36000176 cycles: 32748450 heartbeat IPC: 0.8982 cumulative IPC: 0.8606 (Simulation time: 00 hr 03 min 22 sec)
Heartbeat CPU 0 instructions: 36500176 cycles: 34022451 heartbeat IPC: 0.3925 cumulative IPC: 0.8416 (Simulation time: 00 hr 03 min 28 sec)
Heartbeat CPU 0 instructions: 37000177 cycles: 34324309 heartbeat IPC: 1.656 cumulative IPC: 0.8494 (Simulation time: 00 hr 03 min 30 sec)
Heartbeat CPU 0 instructions: 37500177 cycles: 34606949 heartbeat IPC: 1.769 cumulative IPC: 0.8575 (Simulation time: 00 hr 03 min 31 sec)
Heartbeat CPU 0 instructions: 38000177 cycles: 34918371 heartbeat IPC: 1.606 cumulative IPC: 0.8647 (Simulation time: 00 hr 03 min 33 sec)
Heartbeat CPU 0 instructions: 38500177 cycles: 35180565 heartbeat IPC: 1.907 cumulative IPC: 0.873 (Simulation time: 00 hr 03 min 34 sec)
Heartbeat CPU 0 instructions: 39000180 cycles: 35471904 heartbeat IPC: 1.716 cumulative IPC: 0.8805 (Simulation time: 00 hr 03 min 36 sec)
Heartbeat CPU 0 instructions: 39500184 cycles: 36353456 heartbeat IPC: 0.5672 cumulative IPC: 0.8723 (Simulation time: 00 hr 03 min 41 sec)
Heartbeat CPU 0 instructions: 40000186 cycles: 37039326 heartbeat IPC: 0.729 cumulative IPC: 0.8695 (Simulation time: 00 hr 03 min 44 sec)
Heartbeat CPU 0 instructions: 40500187 cycles: 37549155 heartbeat IPC: 0.9807 cumulative IPC: 0.8711 (Simulation time: 00 hr 03 min 47 sec)
Heartbeat CPU 0 instructions: 41000187 cycles: 37992080 heartbeat IPC: 1.129 cumulative IPC: 0.8743 (Simulation time: 00 hr 03 min 49 sec)
Heartbeat CPU 0 instructions: 41500190 cycles: 38514722 heartbeat IPC: 0.9567 cumulative IPC: 0.8755 (Simulation time: 00 hr 03 min 52 sec)
Heartbeat CPU 0 instructions: 42000192 cycles: 39012149 heartbeat IPC: 1.005 cumulative IPC: 0.8773 (Simulation time: 00 hr 03 min 55 sec)
Heartbeat CPU 0 instructions: 42500196 cycles: 39501188 heartbeat IPC: 1.022 cumulative IPC: 0.8792 (Simulation time: 00 hr 03 min 57 sec)
Heartbeat CPU 0 instructions: 43000197 cycles: 39924107 heartbeat IPC: 1.182 cumulative IPC: 0.8826 (Simulation time: 00 hr 04 min 00 sec)
Heartbeat CPU 0 instructions: 43500199 cycles: 40406207 heartbeat IPC: 1.037 cumulative IPC: 0.8846 (Simulation time: 00 hr 04 min 02 sec)
Heartbeat CPU 0 instructions: 44000205 cycles: 40886981 heartbeat IPC: 1.04 cumulative IPC: 0.8865 (Simulation time: 00 hr 04 min 05 sec)
Heartbeat CPU 0 instructions: 44500205 cycles: 41327262 heartbeat IPC: 1.136 cumulative IPC: 0.8894 (Simulation time: 00 hr 04 min 07 sec)
Heartbeat CPU 0 instructions: 45000205 cycles: 41748595 heartbeat IPC: 1.187 cumulative IPC: 0.8926 (Simulation time: 00 hr 04 min 10 sec)
Heartbeat CPU 0 instructions: 45500205 cycles: 42208401 heartbeat IPC: 1.087 cumulative IPC: 0.8948 (Simulation time: 00 hr 04 min 13 sec)
Heartbeat CPU 0 instructions: 46000206 cycles: 42778931 heartbeat IPC: 0.8764 cumulative IPC: 0.8946 (Simulation time: 00 hr 04 min 16 sec)
Heartbeat CPU 0 instructions: 46500207 cycles: 43180791 heartbeat IPC: 1.244 cumulative IPC: 0.898 (Simulation time: 00 hr 04 min 19 sec)
Heartbeat CPU 0 instructions: 47000207 cycles: 43577059 heartbeat IPC: 1.262 cumulative IPC: 0.9015 (Simulation time: 00 hr 04 min 21 sec)
Heartbeat CPU 0 instructions: 47500208 cycles: 44926668 heartbeat IPC: 0.3705 cumulative IPC: 0.8846 (Simulation time: 00 hr 04 min 27 sec)
Heartbeat CPU 0 instructions: 48000211 cycles: 45221800 heartbeat IPC: 1.694 cumulative IPC: 0.8902 (Simulation time: 00 hr 04 min 29 sec)
Heartbeat CPU 0 instructions: 48500212 cycles: 46525161 heartbeat IPC: 0.3836 cumulative IPC: 0.8752 (Simulation time: 00 hr 04 min 35 sec)
Heartbeat CPU 0 instructions: 49000215 cycles: 46835816 heartbeat IPC: 1.61 cumulative IPC: 0.8804 (Simulation time: 00 hr 04 min 36 sec)
Heartbeat CPU 0 instructions: 49500217 cycles: 47105044 heartbeat IPC: 1.857 cumulative IPC: 0.8863 (Simulation time: 00 hr 04 min 38 sec)
Heartbeat CPU 0 instructions: 50000223 cycles: 47360646 heartbeat IPC: 1.956 cumulative IPC: 0.8924 (Simulation time: 00 hr 04 min 40 sec)
Heartbeat CPU 0 instructions: 50500224 cycles: 48217856 heartbeat IPC: 0.5833 cumulative IPC: 0.8866 (Simulation time: 00 hr 04 min 44 sec)
Heartbeat CPU 0 instructions: 51000231 cycles: 48914142 heartbeat IPC: 0.7181 cumulative IPC: 0.884 (Simulation time: 00 hr 04 min 47 sec)
Heartbeat CPU 0 instructions: 51500236 cycles: 49405470 heartbeat IPC: 1.018 cumulative IPC: 0.8854 (Simulation time: 00 hr 04 min 50 sec)
Heartbeat CPU 0 instructions: 52000238 cycles: 49841225 heartbeat IPC: 1.147 cumulative IPC: 0.8879 (Simulation time: 00 hr 04 min 52 sec)
Heartbeat CPU 0 instructions: 52500239 cycles: 50324816 heartbeat IPC: 1.034 cumulative IPC: 0.8893 (Simulation time: 00 hr 04 min 55 sec)
Heartbeat CPU 0 instructions: 53000243 cycles: 50884771 heartbeat IPC: 0.8929 cumulative IPC: 0.8894 (Simulation time: 00 hr 04 min 58 sec)
Heartbeat CPU 0 instructions: 53500246 cycles: 51183848 heartbeat IPC: 1.672 cumulative IPC: 0.8942 (Simulation time: 00 hr 05 min 00 sec)
Heartbeat CPU 0 instructions: 54000248 cycles: 51465397 heartbeat IPC: 1.776 cumulative IPC: 0.8993 (Simulation time: 00 hr 05 min 01 sec)
Heartbeat CPU 0 instructions: 54500248 cycles: 51751535 heartbeat IPC: 1.747 cumulative IPC: 0.9042 (Simulation time: 00 hr 05 min 03 sec)
Heartbeat CPU 0 instructions: 55000250 cycles: 52003364 heartbeat IPC: 1.985 cumulative IPC: 0.9097 (Simulation time: 00 hr 05 min 04 sec)
Heartbeat CPU 0 instructions: 55500256 cycles: 52245592 heartbeat IPC: 2.064 cumulative IPC: 0.9153 (Simulation time: 00 hr 05 min 06 sec)
Heartbeat CPU 0 instructions: 56000262 cycles: 53377166 heartbeat IPC: 0.4419 cumulative IPC: 0.9048 (Simulation time: 00 hr 05 min 12 sec)
Heartbeat CPU 0 instructions: 56500263 cycles: 55107107 heartbeat IPC: 0.289 cumulative IPC: 0.8845 (Simulation time: 00 hr 05 min 20 sec)
Heartbeat CPU 0 instructions: 57000266 cycles: 57387856 heartbeat IPC: 0.2192 cumulative IPC: 0.8569 (Simulation time: 00 hr 05 min 30 sec)
Heartbeat CPU 0 instructions: 57500266 cycles: 58065052 heartbeat IPC: 0.7383 cumulative IPC: 0.8554 (Simulation time: 00 hr 05 min 33 sec)
Heartbeat CPU 0 instructions: 58000266 cycles: 58530042 heartbeat IPC: 1.075 cumulative IPC: 0.8572 (Simulation time: 00 hr 05 min 36 sec)
Heartbeat CPU 0 instructions: 58500268 cycles: 59088243 heartbeat IPC: 0.8957 cumulative IPC: 0.8576 (Simulation time: 00 hr 05 min 39 sec)
Heartbeat CPU 0 instructions: 59000273 cycles: 59544778 heartbeat IPC: 1.095 cumulative IPC: 0.8595 (Simulation time: 00 hr 05 min 41 sec)
Heartbeat CPU 0 instructions: 59500275 cycles: 59991317 heartbeat IPC: 1.12 cumulative IPC: 0.8615 (Simulation time: 00 hr 05 min 44 sec)
Simulation finished CPU 0 instructions: 50000006 cycles: 57905554 cumulative IPC: 0.8635 (Simulation time: 00 hr 05 min 47 sec)
Simulation complete CPU 0 instructions: 50000006 cycles: 57905554 cumulative IPC: 0.8635 (Simulation time: 00 hr 05 min 47 sec)

ChampSim completed all CPUs

=== Simulation ===
CPU 0 runs traces/charlie/charlie_0000.champsim.gz

Region of Interest Statistics

CPU 0 cumulative IPC: 0.8635 instructions: 50000006 cycles: 57905554
CPU 0 Branch Prediction Accuracy: 92.87% MPKI: 15.34 Average ROB Occupancy at Mispredict: 33.52
Branch type MPKI
BRANCH_DIRECT_JUMP: 0.2727
BRANCH_INDIRECT: 0.5188
BRANCH_CONDITIONAL: 13.8
BRANCH_DIRECT_CALL: 0.1681
BRANCH_INDIRECT_CALL: 0.3757
BRANCH_RETURN: 0.2019

cpu0->cpu0_STLB TOTAL        ACCESS:      82579 HIT:      58578 MISS:      24001 MSHR_MERGE:          0
cpu0->cpu0_STLB LOAD         ACCESS:      82579 HIT:      58578 MISS:      24001 MSHR_MERGE:          0
cpu0->cpu0_STLB RFO          ACCESS:          0 HIT:          0 MISS:          0 MSHR_MERGE:          0
cpu0->cpu0_STLB PREFETCH     ACCESS:          0 HIT:          0 MISS:          0 MSHR_MERGE:          0
cpu0->cpu0_STLB WRITE        ACCESS:          0 HIT:          0 MISS:          0 MSHR_MERGE:          0
cpu0->cpu0_STLB TRANSLATION  ACCESS:          0 HIT:          0 MISS:          0 MSHR_MERGE:          0
cpu0->cpu0_STLB PREFETCH REQUESTED:          0 ISSUED:          0 USEFUL:          0 USELESS:          0
cpu0->cpu0_STLB AVERAGE MISS LATENCY: 291.5 cycles
cpu0->cpu0_L2C TOTAL        ACCESS:     967689 HIT:     568855 MISS:     398834 MSHR_MERGE:      52536
cpu0->cpu0_L2C LOAD         ACCESS:     422475 HIT:     286115 MISS:     136360 MSHR_MERGE:       4557
cpu0->cpu0_L2C RFO          ACCESS:     161681 HIT:       8673 MISS:     153008 MSHR_MERGE:          4
cpu0->cpu0_L2C PREFETCH     ACCESS:     156238 HIT:      61547 MISS:      94691 MSHR_MERGE:      47975
cpu0->cpu0_L2C WRITE        ACCESS:     202752 HIT:     202742 MISS:         10 MSHR_MERGE:          0
cpu0->cpu0_L2C TRANSLATION  ACCESS:      24543 HIT:       9778 MISS:      14765 MSHR_MERGE:          0
cpu0->cpu0_L2C PREFETCH REQUESTED:     195378 ISSUED:     156238 USEFUL:      25841 USELESS:      21548
cpu0->cpu0_L2C AVERAGE MISS LATENCY: 267 cycles
cpu0->cpu0_L1I TOTAL        ACCESS:    2655057 HIT:    2423109 MISS:     231948 MSHR_MERGE:      55854
cpu0->cpu0_L1I LOAD         ACCESS:    2655057 HIT:    2423109 MISS:     231948 MSHR_MERGE:      55854
cpu0->cpu0_L1I RFO          ACCESS:          0 HIT:          0 MISS:          0 MSHR_MERGE:          0
cpu0->cpu0_L1I PREFETCH     ACCESS:          0 HIT:          0 MISS:          0 MSHR_MERGE:          0
cpu0->cpu0_L1I WRITE        ACCESS:          0 HIT:          0 MISS:          0 MSHR_MERGE:          0
cpu0->cpu0_L1I TRANSLATION  ACCESS:          0 HIT:          0 MISS:          0 MSHR_MERGE:          0
cpu0->cpu0_L1I PREFETCH REQUESTED:          0 ISSUED:          0 USEFUL:          0 USELESS:          0
cpu0->cpu0_L1I AVERAGE MISS LATENCY: 68.22 cycles
cpu0->cpu0_L1D TOTAL        ACCESS:   12711933 HIT:   11644647 MISS:    1067286 MSHR_MERGE:     634681
cpu0->cpu0_L1D LOAD         ACCESS:    8281167 HIT:    7866423 MISS:     414744 MSHR_MERGE:     168363
cpu0->cpu0_L1D RFO          ACCESS:          0 HIT:          0 MISS:          0 MSHR_MERGE:          0
cpu0->cpu0_L1D PREFETCH     ACCESS:          0 HIT:          0 MISS:          0 MSHR_MERGE:          0
cpu0->cpu0_L1D WRITE        ACCESS:    4367427 HIT:    3739847 MISS:     627580 MSHR_MERGE:     465899
cpu0->cpu0_L1D TRANSLATION  ACCESS:      63339 HIT:      38377 MISS:      24962 MSHR_MERGE:        419
cpu0->cpu0_L1D PREFETCH REQUESTED:          0 ISSUED:          0 USEFUL:          0 USELESS:          0
cpu0->cpu0_L1D AVERAGE MISS LATENCY: 172.6 cycles
cpu0->cpu0_ITLB TOTAL        ACCESS:    2218555 HIT:    2198438 MISS:      20117 MSHR_MERGE:       8570
cpu0->cpu0_ITLB LOAD         ACCESS:    2218555 HIT:    2198438 MISS:      20117 MSHR_MERGE:       8570
cpu0->cpu0_ITLB RFO          ACCESS:          0 HIT:          0 MISS:          0 MSHR_MERGE:          0
cpu0->cpu0_ITLB PREFETCH     ACCESS:          0 HIT:          0 MISS:          0 MSHR_MERGE:          0
cpu0->cpu0_ITLB WRITE        ACCESS:          0 HIT:          0 MISS:          0 MSHR_MERGE:          0
cpu0->cpu0_ITLB TRANSLATION  ACCESS:          0 HIT:          0 MISS:          0 MSHR_MERGE:          0
cpu0->cpu0_ITLB PREFETCH REQUESTED:          0 ISSUED:          0 USEFUL:          0 USELESS:          0
cpu0->cpu0_ITLB AVERAGE MISS LATENCY: 57.84 cycles
cpu0->cpu0_DTLB TOTAL        ACCESS:   12122992 HIT:   11982527 MISS:     140465 MSHR_MERGE:      69433
cpu0->cpu0_DTLB LOAD         ACCESS:   12122992 HIT:   11982527 MISS:     140465 MSHR_MERGE:      69433
cpu0->cpu0_DTLB RFO          ACCESS:          0 HIT:          0 MISS:          0 MSHR_MERGE:          0
cpu0->cpu0_DTLB PREFETCH     ACCESS:          0 HIT:          0 MISS:          0 MSHR_MERGE:          0
cpu0->cpu0_DTLB WRITE        ACCESS:          0 HIT:          0 MISS:          0 MSHR_MERGE:          0
cpu0->cpu0_DTLB TRANSLATION  ACCESS:          0 HIT:          0 MISS:          0 MSHR_MERGE:          0
cpu0->cpu0_DTLB PREFETCH REQUESTED:          0 ISSUED:          0 USEFUL:          0 USELESS:          0
cpu0->cpu0_DTLB AVERAGE MISS LATENCY: 95.23 cycles
cpu0->LLC TOTAL        ACCESS:     534714 HIT:      30542 MISS:     504172 MSHR_MERGE:          0
cpu0->LLC LOAD         ACCESS:     131803 HIT:       5950 MISS:     125853 MSHR_MERGE:          0
cpu0->LLC RFO          ACCESS:     153004 HIT:       1229 MISS:     151775 MSHR_MERGE:          0
cpu0->LLC PREFETCH     ACCESS:      46716 HIT:        350 MISS:      46366 MSHR_MERGE:          0
cpu0->LLC WRITE        ACCESS:     188426 HIT:      21891 MISS:     166535 MSHR_MERGE:          0
cpu0->LLC TRANSLATION  ACCESS:      14765 HIT:       1122 MISS:      13643 MSHR_MERGE:          0
cpu0->LLC PREFETCH REQUESTED:          0 ISSUED:          0 USEFUL:          0 USELESS:          0
cpu0->LLC AVERAGE MISS LATENCY: 166 cycles

DRAM Statistics

Channel 0 RQ ROW_BUFFER_HIT:      23615
  ROW_BUFFER_MISS:     314020
  AVG DBUS CONGESTED CYCLE: 26.03
Channel 0 WQ ROW_BUFFER_HIT:      35214
  ROW_BUFFER_MISS:     133010
  FULL:       1174
Channel 0 REFRESHES ISSUED:       4825


--- STDERR ---



=== TRACE: traces/charlie/charlie_0004.champsim.gz ===
COMMAND: ./bin/1C.fullBW.ghb_pccs --warmup-instructions=10000000 --simulation-instructions=50000000 traces/charlie/charlie_0004.champsim.gz
RETURNCODE: 0

--- STDOUT ---
[VMEM] WARNING: physical memory size is smaller than virtual memory size.

*** ChampSim Multicore Out-of-Order Simulator ***
Warmup Instructions: 10000000
Simulation Instructions: 50000000
Number of CPUs: 1
Page size: 4096
Core 0: traces/charlie/charlie_0004.champsim.gz
Off-chip DRAM Size: 64 GiB Channels: 1 Width: 64-bit Data Rate: 4807 MT/s
[BTB] WARNING: target of return is a lower address than the corresponding call. This is usually a problem with your trace.
[BTB] WARNING: target of return is a lower address than the corresponding call. This is usually a problem with your trace.
[BTB] WARNING: target of return is a lower address than the corresponding call. This is usually a problem with your trace.
[BTB] WARNING: target of return is a lower address than the corresponding call. This is usually a problem with your trace.
[BTB] WARNING: target of return is a lower address than the corresponding call. This is usually a problem with your trace.
[BTB] WARNING: target of return is a lower address than the corresponding call. This is usually a problem with your trace.
[BTB] WARNING: target of return is a lower address than the corresponding call. This is usually a problem with your trace.
[BTB] WARNING: target of return is a lower address than the corresponding call. This is usually a problem with your trace.
[BTB] WARNING: target of return is a lower address than the corresponding call. This is usually a problem with your trace.
[BTB] WARNING: target of return is a lower address than the corresponding call. This is usually a problem with your trace.
Heartbeat CPU 0 instructions: 500006 cycles: 216571 heartbeat IPC: 2.309 cumulative IPC: 2.309 (Simulation time: 00 hr 00 min 02 sec)
Heartbeat CPU 0 instructions: 1000006 cycles: 328196 heartbeat IPC: 4.479 cumulative IPC: 3.047 (Simulation time: 00 hr 00 min 04 sec)
Heartbeat CPU 0 instructions: 1500013 cycles: 501076 heartbeat IPC: 2.892 cumulative IPC: 2.994 (Simulation time: 00 hr 00 min 05 sec)
Heartbeat CPU 0 instructions: 2000013 cycles: 620368 heartbeat IPC: 4.191 cumulative IPC: 3.224 (Simulation time: 00 hr 00 min 07 sec)
Heartbeat CPU 0 instructions: 2500016 cycles: 727268 heartbeat IPC: 4.677 cumulative IPC: 3.438 (Simulation time: 00 hr 00 min 08 sec)
Heartbeat CPU 0 instructions: 3000019 cycles: 837276 heartbeat IPC: 4.545 cumulative IPC: 3.583 (Simulation time: 00 hr 00 min 09 sec)
Heartbeat CPU 0 instructions: 3500026 cycles: 944028 heartbeat IPC: 4.684 cumulative IPC: 3.708 (Simulation time: 00 hr 00 min 11 sec)
Heartbeat CPU 0 instructions: 4000032 cycles: 1053773 heartbeat IPC: 4.556 cumulative IPC: 3.796 (Simulation time: 00 hr 00 min 12 sec)
Heartbeat CPU 0 instructions: 4500033 cycles: 1158495 heartbeat IPC: 4.775 cumulative IPC: 3.884 (Simulation time: 00 hr 00 min 13 sec)
Heartbeat CPU 0 instructions: 5000039 cycles: 1263810 heartbeat IPC: 4.748 cumulative IPC: 3.956 (Simulation time: 00 hr 00 min 14 sec)
Heartbeat CPU 0 instructions: 5500045 cycles: 1370330 heartbeat IPC: 4.694 cumulative IPC: 4.014 (Simulation time: 00 hr 00 min 15 sec)
Heartbeat CPU 0 instructions: 6000045 cycles: 1476333 heartbeat IPC: 4.717 cumulative IPC: 4.064 (Simulation time: 00 hr 00 min 17 sec)
Heartbeat CPU 0 instructions: 6500051 cycles: 1579878 heartbeat IPC: 4.829 cumulative IPC: 4.114 (Simulation time: 00 hr 00 min 18 sec)
Heartbeat CPU 0 instructions: 7000053 cycles: 1685937 heartbeat IPC: 4.714 cumulative IPC: 4.152 (Simulation time: 00 hr 00 min 19 sec)
Heartbeat CPU 0 instructions: 7500055 cycles: 1840489 heartbeat IPC: 3.235 cumulative IPC: 4.075 (Simulation time: 00 hr 00 min 21 sec)
Heartbeat CPU 0 instructions: 8000057 cycles: 1958953 heartbeat IPC: 4.221 cumulative IPC: 4.084 (Simulation time: 00 hr 00 min 22 sec)
Heartbeat CPU 0 instructions: 8500061 cycles: 2069699 heartbeat IPC: 4.515 cumulative IPC: 4.107 (Simulation time: 00 hr 00 min 24 sec)
Heartbeat CPU 0 instructions: 9000061 cycles: 2184319 heartbeat IPC: 4.362 cumulative IPC: 4.12 (Simulation time: 00 hr 00 min 25 sec)
Heartbeat CPU 0 instructions: 9500067 cycles: 2376430 heartbeat IPC: 2.603 cumulative IPC: 3.998 (Simulation time: 00 hr 00 min 28 sec)
Warmup finished CPU 0 instructions: 10000005 cycles: 2490939 cumulative IPC: 4.015 (Simulation time: 00 hr 00 min 29 sec)
Warmup complete CPU 0 instructions: 10000005 cycles: 2490939 cumulative IPC: 4.015 (Simulation time: 00 hr 00 min 29 sec)
Heartbeat CPU 0 instructions: 10000069 cycles: 2490947 heartbeat IPC: 4.366 cumulative IPC: 8 (Simulation time: 00 hr 00 min 29 sec)
Heartbeat CPU 0 instructions: 10500070 cycles: 3091486 heartbeat IPC: 0.8326 cumulative IPC: 0.8327 (Simulation time: 00 hr 00 min 32 sec)
Heartbeat CPU 0 instructions: 11000073 cycles: 3663063 heartbeat IPC: 0.8748 cumulative IPC: 0.8532 (Simulation time: 00 hr 00 min 36 sec)
Heartbeat CPU 0 instructions: 11500075 cycles: 4195916 heartbeat IPC: 0.9383 cumulative IPC: 0.8798 (Simulation time: 00 hr 00 min 39 sec)
Heartbeat CPU 0 instructions: 12000075 cycles: 4816476 heartbeat IPC: 0.8057 cumulative IPC: 0.86 (Simulation time: 00 hr 00 min 43 sec)
Heartbeat CPU 0 instructions: 12500076 cycles: 5369371 heartbeat IPC: 0.9043 cumulative IPC: 0.8686 (Simulation time: 00 hr 00 min 46 sec)
Heartbeat CPU 0 instructions: 13000079 cycles: 5947182 heartbeat IPC: 0.8653 cumulative IPC: 0.868 (Simulation time: 00 hr 00 min 50 sec)
Heartbeat CPU 0 instructions: 13500080 cycles: 6502073 heartbeat IPC: 0.9011 cumulative IPC: 0.8726 (Simulation time: 00 hr 00 min 53 sec)
Heartbeat CPU 0 instructions: 14000082 cycles: 7037736 heartbeat IPC: 0.9334 cumulative IPC: 0.8798 (Simulation time: 00 hr 00 min 57 sec)
Heartbeat CPU 0 instructions: 14500086 cycles: 7558751 heartbeat IPC: 0.9597 cumulative IPC: 0.888 (Simulation time: 00 hr 01 min 00 sec)
Heartbeat CPU 0 instructions: 15000086 cycles: 8189471 heartbeat IPC: 0.7927 cumulative IPC: 0.8774 (Simulation time: 00 hr 01 min 05 sec)
Heartbeat CPU 0 instructions: 15500086 cycles: 8735513 heartbeat IPC: 0.9157 cumulative IPC: 0.8808 (Simulation time: 00 hr 01 min 08 sec)
Heartbeat CPU 0 instructions: 16000086 cycles: 9295708 heartbeat IPC: 0.8925 cumulative IPC: 0.8817 (Simulation time: 00 hr 01 min 11 sec)
Heartbeat CPU 0 instructions: 16500090 cycles: 9852696 heartbeat IPC: 0.8977 cumulative IPC: 0.883 (Simulation time: 00 hr 01 min 15 sec)
Heartbeat CPU 0 instructions: 17000090 cycles: 11021268 heartbeat IPC: 0.4279 cumulative IPC: 0.8206 (Simulation time: 00 hr 01 min 21 sec)
Heartbeat CPU 0 instructions: 17500092 cycles: 12215676 heartbeat IPC: 0.4186 cumulative IPC: 0.7712 (Simulation time: 00 hr 01 min 26 sec)
Heartbeat CPU 0 instructions: 18000098 cycles: 13774242 heartbeat IPC: 0.3208 cumulative IPC: 0.709 (Simulation time: 00 hr 01 min 33 sec)
Heartbeat CPU 0 instructions: 18500098 cycles: 14673843 heartbeat IPC: 0.5558 cumulative IPC: 0.6977 (Simulation time: 00 hr 01 min 37 sec)
Heartbeat CPU 0 instructions: 19000101 cycles: 15363132 heartbeat IPC: 0.7254 cumulative IPC: 0.6992 (Simulation time: 00 hr 01 min 41 sec)
Heartbeat CPU 0 instructions: 19500104 cycles: 15787232 heartbeat IPC: 1.179 cumulative IPC: 0.7145 (Simulation time: 00 hr 01 min 44 sec)
Heartbeat CPU 0 instructions: 20000106 cycles: 16254438 heartbeat IPC: 1.07 cumulative IPC: 0.7266 (Simulation time: 00 hr 01 min 47 sec)
Heartbeat CPU 0 instructions: 20500106 cycles: 16742427 heartbeat IPC: 1.025 cumulative IPC: 0.7368 (Simulation time: 00 hr 01 min 50 sec)
Heartbeat CPU 0 instructions: 21000106 cycles: 17205647 heartbeat IPC: 1.079 cumulative IPC: 0.7476 (Simulation time: 00 hr 01 min 53 sec)
Heartbeat CPU 0 instructions: 21500107 cycles: 17828658 heartbeat IPC: 0.8026 cumulative IPC: 0.7498 (Simulation time: 00 hr 01 min 56 sec)
Heartbeat CPU 0 instructions: 22000107 cycles: 18252421 heartbeat IPC: 1.18 cumulative IPC: 0.7614 (Simulation time: 00 hr 01 min 59 sec)
Heartbeat CPU 0 instructions: 22500113 cycles: 18678230 heartbeat IPC: 1.174 cumulative IPC: 0.7722 (Simulation time: 00 hr 02 min 01 sec)
Heartbeat CPU 0 instructions: 23000115 cycles: 19100585 heartbeat IPC: 1.184 cumulative IPC: 0.7827 (Simulation time: 00 hr 02 min 04 sec)
Heartbeat CPU 0 instructions: 23500115 cycles: 19477333 heartbeat IPC: 1.327 cumulative IPC: 0.7948 (Simulation time: 00 hr 02 min 06 sec)
Heartbeat CPU 0 instructions: 24000117 cycles: 19936182 heartbeat IPC: 1.09 cumulative IPC: 0.8025 (Simulation time: 00 hr 02 min 09 sec)
Heartbeat CPU 0 instructions: 24500124 cycles: 20357856 heartbeat IPC: 1.186 cumulative IPC: 0.8116 (Simulation time: 00 hr 02 min 12 sec)
Heartbeat CPU 0 instructions: 25000125 cycles: 20792606 heartbeat IPC: 1.15 cumulative IPC: 0.8196 (Simulation time: 00 hr 02 min 15 sec)
Heartbeat CPU 0 instructions: 25500127 cycles: 21233091 heartbeat IPC: 1.135 cumulative IPC: 0.827 (Simulation time: 00 hr 02 min 17 sec)
Heartbeat CPU 0 instructions: 26000134 cycles: 21716384 heartbeat IPC: 1.035 cumulative IPC: 0.8322 (Simulation time: 00 hr 02 min 20 sec)
Heartbeat CPU 0 instructions: 26500134 cycles: 22174107 heartbeat IPC: 1.092 cumulative IPC: 0.8383 (Simulation time: 00 hr 02 min 22 sec)
Heartbeat CPU 0 instructions: 27000141 cycles: 22623049 heartbeat IPC: 1.114 cumulative IPC: 0.8444 (Simulation time: 00 hr 02 min 25 sec)
Heartbeat CPU 0 instructions: 27500144 cycles: 23003761 heartbeat IPC: 1.313 cumulative IPC: 0.8531 (Simulation time: 00 hr 02 min 27 sec)
Heartbeat CPU 0 instructions: 28000144 cycles: 23412854 heartbeat IPC: 1.222 cumulative IPC: 0.8603 (Simulation time: 00 hr 02 min 30 sec)
Heartbeat CPU 0 instructions: 28500145 cycles: 23840706 heartbeat IPC: 1.169 cumulative IPC: 0.8665 (Simulation time: 00 hr 02 min 33 sec)
Heartbeat CPU 0 instructions: 29000145 cycles: 24228174 heartbeat IPC: 1.29 cumulative IPC: 0.8741 (Simulation time: 00 hr 02 min 35 sec)
Heartbeat CPU 0 instructions: 29500148 cycles: 24665520 heartbeat IPC: 1.143 cumulative IPC: 0.8794 (Simulation time: 00 hr 02 min 38 sec)
Heartbeat CPU 0 instructions: 30000148 cycles: 25076797 heartbeat IPC: 1.216 cumulative IPC: 0.8855 (Simulation time: 00 hr 02 min 40 sec)
Heartbeat CPU 0 instructions: 30500150 cycles: 25503434 heartbeat IPC: 1.172 cumulative IPC: 0.8908 (Simulation time: 00 hr 02 min 43 sec)
Heartbeat CPU 0 instructions: 31000150 cycles: 25925099 heartbeat IPC: 1.186 cumulative IPC: 0.8961 (Simulation time: 00 hr 02 min 45 sec)
Heartbeat CPU 0 instructions: 31500151 cycles: 26688063 heartbeat IPC: 0.6553 cumulative IPC: 0.8885 (Simulation time: 00 hr 02 min 49 sec)
Heartbeat CPU 0 instructions: 32000151 cycles: 27166634 heartbeat IPC: 1.045 cumulative IPC: 0.8916 (Simulation time: 00 hr 02 min 52 sec)
Heartbeat CPU 0 instructions: 32500154 cycles: 27577659 heartbeat IPC: 1.216 cumulative IPC: 0.8969 (Simulation time: 00 hr 02 min 54 sec)
Heartbeat CPU 0 instructions: 33000157 cycles: 27969555 heartbeat IPC: 1.276 cumulative IPC: 0.9027 (Simulation time: 00 hr 02 min 57 sec)
Heartbeat CPU 0 instructions: 33500158 cycles: 28396789 heartbeat IPC: 1.17 cumulative IPC: 0.9071 (Simulation time: 00 hr 02 min 59 sec)
Heartbeat CPU 0 instructions: 34000158 cycles: 28797012 heartbeat IPC: 1.249 cumulative IPC: 0.9123 (Simulation time: 00 hr 03 min 02 sec)
Heartbeat CPU 0 instructions: 34500163 cycles: 29208160 heartbeat IPC: 1.216 cumulative IPC: 0.917 (Simulation time: 00 hr 03 min 04 sec)
Heartbeat CPU 0 instructions: 35000164 cycles: 29623576 heartbeat IPC: 1.204 cumulative IPC: 0.9214 (Simulation time: 00 hr 03 min 07 sec)
Heartbeat CPU 0 instructions: 35500171 cycles: 29991921 heartbeat IPC: 1.357 cumulative IPC: 0.9272 (Simulation time: 00 hr 03 min 09 sec)
Heartbeat CPU 0 instructions: 36000174 cycles: 30392729 heartbeat IPC: 1.247 cumulative IPC: 0.9318 (Simulation time: 00 hr 03 min 12 sec)
Heartbeat CPU 0 instructions: 36500176 cycles: 30811650 heartbeat IPC: 1.194 cumulative IPC: 0.9357 (Simulation time: 00 hr 03 min 14 sec)
Heartbeat CPU 0 instructions: 37000176 cycles: 31209634 heartbeat IPC: 1.256 cumulative IPC: 0.9402 (Simulation time: 00 hr 03 min 16 sec)
Heartbeat CPU 0 instructions: 37500177 cycles: 31617094 heartbeat IPC: 1.227 cumulative IPC: 0.9442 (Simulation time: 00 hr 03 min 19 sec)
Heartbeat CPU 0 instructions: 38000183 cycles: 32003647 heartbeat IPC: 1.293 cumulative IPC: 0.9487 (Simulation time: 00 hr 03 min 21 sec)
Heartbeat CPU 0 instructions: 38500185 cycles: 32398123 heartbeat IPC: 1.268 cumulative IPC: 0.953 (Simulation time: 00 hr 03 min 24 sec)
Heartbeat CPU 0 instructions: 39000191 cycles: 32829760 heartbeat IPC: 1.158 cumulative IPC: 0.9559 (Simulation time: 00 hr 03 min 26 sec)
Heartbeat CPU 0 instructions: 39500191 cycles: 33253966 heartbeat IPC: 1.179 cumulative IPC: 0.9589 (Simulation time: 00 hr 03 min 29 sec)
Heartbeat CPU 0 instructions: 40000193 cycles: 33819544 heartbeat IPC: 0.8841 cumulative IPC: 0.9576 (Simulation time: 00 hr 03 min 32 sec)
Heartbeat CPU 0 instructions: 40500196 cycles: 34275864 heartbeat IPC: 1.096 cumulative IPC: 0.9596 (Simulation time: 00 hr 03 min 35 sec)
Heartbeat CPU 0 instructions: 41000201 cycles: 34698634 heartbeat IPC: 1.183 cumulative IPC: 0.9625 (Simulation time: 00 hr 03 min 37 sec)
Heartbeat CPU 0 instructions: 41500202 cycles: 35618559 heartbeat IPC: 0.5435 cumulative IPC: 0.9509 (Simulation time: 00 hr 03 min 42 sec)
Heartbeat CPU 0 instructions: 42000202 cycles: 36057664 heartbeat IPC: 1.139 cumulative IPC: 0.9533 (Simulation time: 00 hr 03 min 44 sec)
Heartbeat CPU 0 instructions: 42500207 cycles: 36431201 heartbeat IPC: 1.339 cumulative IPC: 0.9576 (Simulation time: 00 hr 03 min 46 sec)
Heartbeat CPU 0 instructions: 43000207 cycles: 36848498 heartbeat IPC: 1.198 cumulative IPC: 0.9605 (Simulation time: 00 hr 03 min 49 sec)
Heartbeat CPU 0 instructions: 43500210 cycles: 37304849 heartbeat IPC: 1.096 cumulative IPC: 0.9623 (Simulation time: 00 hr 03 min 51 sec)
Heartbeat CPU 0 instructions: 44000216 cycles: 37708435 heartbeat IPC: 1.239 cumulative IPC: 0.9654 (Simulation time: 00 hr 03 min 54 sec)
Heartbeat CPU 0 instructions: 44500220 cycles: 38110159 heartbeat IPC: 1.245 cumulative IPC: 0.9686 (Simulation time: 00 hr 03 min 56 sec)
Heartbeat CPU 0 instructions: 45000221 cycles: 38565266 heartbeat IPC: 1.099 cumulative IPC: 0.9702 (Simulation time: 00 hr 03 min 59 sec)
Heartbeat CPU 0 instructions: 45500223 cycles: 38990890 heartbeat IPC: 1.175 cumulative IPC: 0.9726 (Simulation time: 00 hr 04 min 01 sec)
Heartbeat CPU 0 instructions: 46000225 cycles: 39433086 heartbeat IPC: 1.131 cumulative IPC: 0.9745 (Simulation time: 00 hr 04 min 04 sec)
Heartbeat CPU 0 instructions: 46500232 cycles: 39802921 heartbeat IPC: 1.352 cumulative IPC: 0.9782 (Simulation time: 00 hr 04 min 06 sec)
Heartbeat CPU 0 instructions: 47000237 cycles: 40235362 heartbeat IPC: 1.156 cumulative IPC: 0.9803 (Simulation time: 00 hr 04 min 09 sec)
Heartbeat CPU 0 instructions: 47500240 cycles: 40614111 heartbeat IPC: 1.32 cumulative IPC: 0.9837 (Simulation time: 00 hr 04 min 12 sec)
Heartbeat CPU 0 instructions: 48000240 cycles: 42040926 heartbeat IPC: 0.3504 cumulative IPC: 0.9608 (Simulation time: 00 hr 04 min 19 sec)
Heartbeat CPU 0 instructions: 48500240 cycles: 42980562 heartbeat IPC: 0.5321 cumulative IPC: 0.9509 (Simulation time: 00 hr 04 min 23 sec)
Heartbeat CPU 0 instructions: 49000243 cycles: 43571358 heartbeat IPC: 0.8463 cumulative IPC: 0.9494 (Simulation time: 00 hr 04 min 27 sec)
Heartbeat CPU 0 instructions: 49500243 cycles: 44442835 heartbeat IPC: 0.5737 cumulative IPC: 0.9416 (Simulation time: 00 hr 04 min 31 sec)
Heartbeat CPU 0 instructions: 50000243 cycles: 45443114 heartbeat IPC: 0.4999 cumulative IPC: 0.9313 (Simulation time: 00 hr 04 min 36 sec)
Heartbeat CPU 0 instructions: 50500244 cycles: 46367990 heartbeat IPC: 0.5406 cumulative IPC: 0.923 (Simulation time: 00 hr 04 min 40 sec)
Heartbeat CPU 0 instructions: 51000244 cycles: 47519673 heartbeat IPC: 0.4341 cumulative IPC: 0.9105 (Simulation time: 00 hr 04 min 45 sec)
Heartbeat CPU 0 instructions: 51500249 cycles: 49214726 heartbeat IPC: 0.295 cumulative IPC: 0.8882 (Simulation time: 00 hr 04 min 53 sec)
Heartbeat CPU 0 instructions: 52000249 cycles: 49676674 heartbeat IPC: 1.082 cumulative IPC: 0.8901 (Simulation time: 00 hr 04 min 55 sec)
Heartbeat CPU 0 instructions: 52500250 cycles: 54441541 heartbeat IPC: 0.1049 cumulative IPC: 0.8181 (Simulation time: 00 hr 05 min 13 sec)
Heartbeat CPU 0 instructions: 53000250 cycles: 57775275 heartbeat IPC: 0.15 cumulative IPC: 0.7778 (Simulation time: 00 hr 05 min 25 sec)
Heartbeat CPU 0 instructions: 53500257 cycles: 60346918 heartbeat IPC: 0.1944 cumulative IPC: 0.7519 (Simulation time: 00 hr 05 min 35 sec)
Heartbeat CPU 0 instructions: 54000262 cycles: 61571316 heartbeat IPC: 0.4084 cumulative IPC: 0.7448 (Simulation time: 00 hr 05 min 40 sec)
Heartbeat CPU 0 instructions: 54500262 cycles: 62886747 heartbeat IPC: 0.3801 cumulative IPC: 0.7368 (Simulation time: 00 hr 05 min 46 sec)
Heartbeat CPU 0 instructions: 55000263 cycles: 64010090 heartbeat IPC: 0.4451 cumulative IPC: 0.7315 (Simulation time: 00 hr 05 min 51 sec)
Heartbeat CPU 0 instructions: 55500266 cycles: 65140124 heartbeat IPC: 0.4425 cumulative IPC: 0.7263 (Simulation time: 00 hr 05 min 56 sec)
Heartbeat CPU 0 instructions: 56000273 cycles: 65814728 heartbeat IPC: 0.7412 cumulative IPC: 0.7264 (Simulation time: 00 hr 06 min 00 sec)
Heartbeat CPU 0 instructions: 56500274 cycles: 66840585 heartbeat IPC: 0.4874 cumulative IPC: 0.7226 (Simulation time: 00 hr 06 min 04 sec)
Heartbeat CPU 0 instructions: 57000277 cycles: 67931803 heartbeat IPC: 0.4582 cumulative IPC: 0.7182 (Simulation time: 00 hr 06 min 09 sec)
Heartbeat CPU 0 instructions: 57500277 cycles: 68809734 heartbeat IPC: 0.5695 cumulative IPC: 0.7162 (Simulation time: 00 hr 06 min 13 sec)
Heartbeat CPU 0 instructions: 58000277 cycles: 69820007 heartbeat IPC: 0.4949 cumulative IPC: 0.7129 (Simulation time: 00 hr 06 min 17 sec)
Heartbeat CPU 0 instructions: 58500279 cycles: 71052261 heartbeat IPC: 0.4058 cumulative IPC: 0.7074 (Simulation time: 00 hr 06 min 22 sec)
Heartbeat CPU 0 instructions: 59000282 cycles: 71519674 heartbeat IPC: 1.07 cumulative IPC: 0.7099 (Simulation time: 00 hr 06 min 24 sec)
Heartbeat CPU 0 instructions: 59500282 cycles: 72474496 heartbeat IPC: 0.5237 cumulative IPC: 0.7073 (Simulation time: 00 hr 06 min 28 sec)
Simulation finished CPU 0 instructions: 50000002 cycles: 70996977 cumulative IPC: 0.7043 (Simulation time: 00 hr 06 min 32 sec)
Simulation complete CPU 0 instructions: 50000002 cycles: 70996977 cumulative IPC: 0.7043 (Simulation time: 00 hr 06 min 32 sec)

ChampSim completed all CPUs

=== Simulation ===
CPU 0 runs traces/charlie/charlie_0004.champsim.gz

Region of Interest Statistics

CPU 0 cumulative IPC: 0.7043 instructions: 50000002 cycles: 70996977
CPU 0 Branch Prediction Accuracy: 91.31% MPKI: 17.06 Average ROB Occupancy at Mispredict: 34.2
Branch type MPKI
BRANCH_DIRECT_JUMP: 0.3662
BRANCH_INDIRECT: 0.473
BRANCH_CONDITIONAL: 14.93
BRANCH_DIRECT_CALL: 0.1817
BRANCH_INDIRECT_CALL: 0.615
BRANCH_RETURN: 0.498

cpu0->cpu0_STLB TOTAL        ACCESS:     229047 HIT:     171978 MISS:      57069 MSHR_MERGE:          0
cpu0->cpu0_STLB LOAD         ACCESS:     229047 HIT:     171978 MISS:      57069 MSHR_MERGE:          0
cpu0->cpu0_STLB RFO          ACCESS:          0 HIT:          0 MISS:          0 MSHR_MERGE:          0
cpu0->cpu0_STLB PREFETCH     ACCESS:          0 HIT:          0 MISS:          0 MSHR_MERGE:          0
cpu0->cpu0_STLB WRITE        ACCESS:          0 HIT:          0 MISS:          0 MSHR_MERGE:          0
cpu0->cpu0_STLB TRANSLATION  ACCESS:          0 HIT:          0 MISS:          0 MSHR_MERGE:          0
cpu0->cpu0_STLB PREFETCH REQUESTED:          0 ISSUED:          0 USEFUL:          0 USELESS:          0
cpu0->cpu0_STLB AVERAGE MISS LATENCY: 248 cycles
cpu0->cpu0_L2C TOTAL        ACCESS:    1687861 HIT:    1154469 MISS:     533392 MSHR_MERGE:      79425
cpu0->cpu0_L2C LOAD         ACCESS:     884131 HIT:     706277 MISS:     177854 MSHR_MERGE:       6434
cpu0->cpu0_L2C RFO          ACCESS:     204965 HIT:      16394 MISS:     188571 MSHR_MERGE:          0
cpu0->cpu0_L2C PREFETCH     ACCESS:     251896 HIT:     112973 MISS:     138923 MSHR_MERGE:      72991
cpu0->cpu0_L2C WRITE        ACCESS:     281317 HIT:     281311 MISS:          6 MSHR_MERGE:          0
cpu0->cpu0_L2C TRANSLATION  ACCESS:      65552 HIT:      37514 MISS:      28038 MSHR_MERGE:          0
cpu0->cpu0_L2C PREFETCH REQUESTED:     304356 ISSUED:     251896 USEFUL:      35528 USELESS:      30901
cpu0->cpu0_L2C AVERAGE MISS LATENCY: 255.2 cycles
cpu0->cpu0_L1I TOTAL        ACCESS:    3420152 HIT:    2819018 MISS:     601134 MSHR_MERGE:     153411
cpu0->cpu0_L1I LOAD         ACCESS:    3420152 HIT:    2819018 MISS:     601134 MSHR_MERGE:     153411
cpu0->cpu0_L1I RFO          ACCESS:          0 HIT:          0 MISS:          0 MSHR_MERGE:          0
cpu0->cpu0_L1I PREFETCH     ACCESS:          0 HIT:          0 MISS:          0 MSHR_MERGE:          0
cpu0->cpu0_L1I WRITE        ACCESS:          0 HIT:          0 MISS:          0 MSHR_MERGE:          0
cpu0->cpu0_L1I TRANSLATION  ACCESS:          0 HIT:          0 MISS:          0 MSHR_MERGE:          0
cpu0->cpu0_L1I PREFETCH REQUESTED:          0 ISSUED:          0 USEFUL:          0 USELESS:          0
cpu0->cpu0_L1I AVERAGE MISS LATENCY: 29.95 cycles
cpu0->cpu0_L1D TOTAL        ACCESS:   14098946 HIT:   12576539 MISS:    1522407 MSHR_MERGE:     815481
cpu0->cpu0_L1D LOAD         ACCESS:    8662629 HIT:    8014856 MISS:     647773 MSHR_MERGE:     211364
cpu0->cpu0_L1D RFO          ACCESS:          0 HIT:          0 MISS:          0 MSHR_MERGE:          0
cpu0->cpu0_L1D PREFETCH     ACCESS:          0 HIT:          0 MISS:          0 MSHR_MERGE:          0
cpu0->cpu0_L1D WRITE        ACCESS:    5278053 HIT:    4470242 MISS:     807811 MSHR_MERGE:     602846
cpu0->cpu0_L1D TRANSLATION  ACCESS:     158264 HIT:      91441 MISS:      66823 MSHR_MERGE:       1271
cpu0->cpu0_L1D PREFETCH REQUESTED:          0 ISSUED:          0 USEFUL:          0 USELESS:          0
cpu0->cpu0_L1D AVERAGE MISS LATENCY: 137.2 cycles
cpu0->cpu0_ITLB TOTAL        ACCESS:    2809103 HIT:    2737586 MISS:      71517 MSHR_MERGE:      34429
cpu0->cpu0_ITLB LOAD         ACCESS:    2809103 HIT:    2737586 MISS:      71517 MSHR_MERGE:      34429
cpu0->cpu0_ITLB RFO          ACCESS:          0 HIT:          0 MISS:          0 MSHR_MERGE:          0
cpu0->cpu0_ITLB PREFETCH     ACCESS:          0 HIT:          0 MISS:          0 MSHR_MERGE:          0
cpu0->cpu0_ITLB WRITE        ACCESS:          0 HIT:          0 MISS:          0 MSHR_MERGE:          0
cpu0->cpu0_ITLB TRANSLATION  ACCESS:          0 HIT:          0 MISS:          0 MSHR_MERGE:          0
cpu0->cpu0_ITLB PREFETCH REQUESTED:          0 ISSUED:          0 USEFUL:          0 USELESS:          0
cpu0->cpu0_ITLB AVERAGE MISS LATENCY: 23.94 cycles
cpu0->cpu0_DTLB TOTAL        ACCESS:   13354393 HIT:   13010838 MISS:     343555 MSHR_MERGE:     151596
cpu0->cpu0_DTLB LOAD         ACCESS:   13354393 HIT:   13010838 MISS:     343555 MSHR_MERGE:     151596
cpu0->cpu0_DTLB RFO          ACCESS:          0 HIT:          0 MISS:          0 MSHR_MERGE:          0
cpu0->cpu0_DTLB PREFETCH     ACCESS:          0 HIT:          0 MISS:          0 MSHR_MERGE:          0
cpu0->cpu0_DTLB WRITE        ACCESS:          0 HIT:          0 MISS:          0 MSHR_MERGE:          0
cpu0->cpu0_DTLB TRANSLATION  ACCESS:          0 HIT:          0 MISS:          0 MSHR_MERGE:          0
cpu0->cpu0_DTLB PREFETCH REQUESTED:          0 ISSUED:          0 USEFUL:          0 USELESS:          0
cpu0->cpu0_DTLB AVERAGE MISS LATENCY: 75.38 cycles
cpu0->LLC TOTAL        ACCESS:     687170 HIT:      51014 MISS:     636156 MSHR_MERGE:          0
cpu0->LLC LOAD         ACCESS:     171420 HIT:      15562 MISS:     155858 MSHR_MERGE:          0
cpu0->LLC RFO          ACCESS:     188571 HIT:       3170 MISS:     185401 MSHR_MERGE:          0
cpu0->LLC PREFETCH     ACCESS:      65932 HIT:       1228 MISS:      64704 MSHR_MERGE:          0
cpu0->LLC WRITE        ACCESS:     233209 HIT:      28785 MISS:     204424 MSHR_MERGE:          0
cpu0->LLC TRANSLATION  ACCESS:      28038 HIT:       2269 MISS:      25769 MSHR_MERGE:          0
cpu0->LLC PREFETCH REQUESTED:          0 ISSUED:          0 USEFUL:          0 USELESS:          0
cpu0->LLC AVERAGE MISS LATENCY: 164.1 cycles

DRAM Statistics

Channel 0 RQ ROW_BUFFER_HIT:      26140
  ROW_BUFFER_MISS:     405584
  AVG DBUS CONGESTED CYCLE: 27.27
Channel 0 WQ ROW_BUFFER_HIT:      46731
  ROW_BUFFER_MISS:     172704
  FULL:        486
Channel 0 REFRESHES ISSUED:       5916


--- STDERR ---



=== TRACE: traces/GAP/sssp-14.trace.gz ===
COMMAND: ./bin/1C.fullBW.ghb_pccs --warmup-instructions=10000000 --simulation-instructions=50000000 traces/GAP/sssp-14.trace.gz
RETURNCODE: 0

--- STDOUT ---
[VMEM] WARNING: physical memory size is smaller than virtual memory size.

*** ChampSim Multicore Out-of-Order Simulator ***
Warmup Instructions: 10000000
Simulation Instructions: 50000000
Number of CPUs: 1
Page size: 4096
Core 0: traces/GAP/sssp-14.trace.gz
Off-chip DRAM Size: 64 GiB Channels: 1 Width: 64-bit Data Rate: 4807 MT/s
Heartbeat CPU 0 instructions: 500004 cycles: 181447 heartbeat IPC: 2.756 cumulative IPC: 2.756 (Simulation time: 00 hr 00 min 02 sec)
Heartbeat CPU 0 instructions: 1000004 cycles: 358695 heartbeat IPC: 2.821 cumulative IPC: 2.788 (Simulation time: 00 hr 00 min 03 sec)
Heartbeat CPU 0 instructions: 1500004 cycles: 511776 heartbeat IPC: 3.266 cumulative IPC: 2.931 (Simulation time: 00 hr 00 min 04 sec)
Heartbeat CPU 0 instructions: 2000010 cycles: 615189 heartbeat IPC: 4.835 cumulative IPC: 3.251 (Simulation time: 00 hr 00 min 06 sec)
Heartbeat CPU 0 instructions: 2500014 cycles: 718316 heartbeat IPC: 4.848 cumulative IPC: 3.48 (Simulation time: 00 hr 00 min 07 sec)
Heartbeat CPU 0 instructions: 3000019 cycles: 824967 heartbeat IPC: 4.688 cumulative IPC: 3.637 (Simulation time: 00 hr 00 min 08 sec)
Heartbeat CPU 0 instructions: 3500021 cycles: 931633 heartbeat IPC: 4.688 cumulative IPC: 3.757 (Simulation time: 00 hr 00 min 09 sec)
Heartbeat CPU 0 instructions: 4000027 cycles: 1036858 heartbeat IPC: 4.752 cumulative IPC: 3.858 (Simulation time: 00 hr 00 min 11 sec)
Heartbeat CPU 0 instructions: 4500028 cycles: 1143674 heartbeat IPC: 4.681 cumulative IPC: 3.935 (Simulation time: 00 hr 00 min 12 sec)
Heartbeat CPU 0 instructions: 5000033 cycles: 1248758 heartbeat IPC: 4.758 cumulative IPC: 4.004 (Simulation time: 00 hr 00 min 13 sec)
Heartbeat CPU 0 instructions: 5500036 cycles: 1356780 heartbeat IPC: 4.629 cumulative IPC: 4.054 (Simulation time: 00 hr 00 min 14 sec)
Heartbeat CPU 0 instructions: 6000041 cycles: 1463641 heartbeat IPC: 4.679 cumulative IPC: 4.099 (Simulation time: 00 hr 00 min 16 sec)
Heartbeat CPU 0 instructions: 6500044 cycles: 1569651 heartbeat IPC: 4.717 cumulative IPC: 4.141 (Simulation time: 00 hr 00 min 17 sec)
Heartbeat CPU 0 instructions: 7000046 cycles: 1676199 heartbeat IPC: 4.693 cumulative IPC: 4.176 (Simulation time: 00 hr 00 min 18 sec)
Heartbeat CPU 0 instructions: 7500052 cycles: 1782523 heartbeat IPC: 4.703 cumulative IPC: 4.208 (Simulation time: 00 hr 00 min 19 sec)
Heartbeat CPU 0 instructions: 8000056 cycles: 1889180 heartbeat IPC: 4.688 cumulative IPC: 4.235 (Simulation time: 00 hr 00 min 21 sec)
Heartbeat CPU 0 instructions: 8500061 cycles: 1997907 heartbeat IPC: 4.599 cumulative IPC: 4.254 (Simulation time: 00 hr 00 min 22 sec)
Heartbeat CPU 0 instructions: 9000066 cycles: 2104594 heartbeat IPC: 4.687 cumulative IPC: 4.276 (Simulation time: 00 hr 00 min 23 sec)
Heartbeat CPU 0 instructions: 9500069 cycles: 2210971 heartbeat IPC: 4.7 cumulative IPC: 4.297 (Simulation time: 00 hr 00 min 25 sec)
Warmup finished CPU 0 instructions: 10000003 cycles: 2316961 cumulative IPC: 4.316 (Simulation time: 00 hr 00 min 26 sec)
Warmup complete CPU 0 instructions: 10000003 cycles: 2316961 cumulative IPC: 4.316 (Simulation time: 00 hr 00 min 26 sec)
Heartbeat CPU 0 instructions: 10000070 cycles: 2316980 heartbeat IPC: 4.717 cumulative IPC: 3.526 (Simulation time: 00 hr 00 min 26 sec)
Heartbeat CPU 0 instructions: 10500070 cycles: 3374148 heartbeat IPC: 0.473 cumulative IPC: 0.473 (Simulation time: 00 hr 00 min 31 sec)
Heartbeat CPU 0 instructions: 11000071 cycles: 4466964 heartbeat IPC: 0.4575 cumulative IPC: 0.4651 (Simulation time: 00 hr 00 min 36 sec)
Heartbeat CPU 0 instructions: 11500078 cycles: 5522621 heartbeat IPC: 0.4736 cumulative IPC: 0.4679 (Simulation time: 00 hr 00 min 40 sec)
Heartbeat CPU 0 instructions: 12000082 cycles: 6592441 heartbeat IPC: 0.4674 cumulative IPC: 0.4678 (Simulation time: 00 hr 00 min 44 sec)
Heartbeat CPU 0 instructions: 12500082 cycles: 7670270 heartbeat IPC: 0.4639 cumulative IPC: 0.467 (Simulation time: 00 hr 00 min 49 sec)
Heartbeat CPU 0 instructions: 13000082 cycles: 8764206 heartbeat IPC: 0.4571 cumulative IPC: 0.4653 (Simulation time: 00 hr 00 min 53 sec)
Heartbeat CPU 0 instructions: 13500082 cycles: 9931011 heartbeat IPC: 0.4285 cumulative IPC: 0.4597 (Simulation time: 00 hr 00 min 59 sec)
Heartbeat CPU 0 instructions: 14000083 cycles: 10966147 heartbeat IPC: 0.483 cumulative IPC: 0.4625 (Simulation time: 00 hr 01 min 03 sec)
Heartbeat CPU 0 instructions: 14500084 cycles: 12012287 heartbeat IPC: 0.4779 cumulative IPC: 0.4641 (Simulation time: 00 hr 01 min 08 sec)
Heartbeat CPU 0 instructions: 15000085 cycles: 13020387 heartbeat IPC: 0.496 cumulative IPC: 0.4671 (Simulation time: 00 hr 01 min 12 sec)
Heartbeat CPU 0 instructions: 15500089 cycles: 14058327 heartbeat IPC: 0.4817 cumulative IPC: 0.4684 (Simulation time: 00 hr 01 min 17 sec)
Heartbeat CPU 0 instructions: 16000096 cycles: 15081807 heartbeat IPC: 0.4885 cumulative IPC: 0.47 (Simulation time: 00 hr 01 min 21 sec)
Heartbeat CPU 0 instructions: 16500097 cycles: 16091458 heartbeat IPC: 0.4952 cumulative IPC: 0.4719 (Simulation time: 00 hr 01 min 26 sec)
Heartbeat CPU 0 instructions: 17000100 cycles: 16977008 heartbeat IPC: 0.5646 cumulative IPC: 0.4775 (Simulation time: 00 hr 01 min 30 sec)
Heartbeat CPU 0 instructions: 17500101 cycles: 17839302 heartbeat IPC: 0.5798 cumulative IPC: 0.4832 (Simulation time: 00 hr 01 min 34 sec)
Heartbeat CPU 0 instructions: 18000106 cycles: 18732366 heartbeat IPC: 0.5599 cumulative IPC: 0.4874 (Simulation time: 00 hr 01 min 39 sec)
Heartbeat CPU 0 instructions: 18500110 cycles: 19676676 heartbeat IPC: 0.5295 cumulative IPC: 0.4896 (Simulation time: 00 hr 01 min 44 sec)
Heartbeat CPU 0 instructions: 19000111 cycles: 20656708 heartbeat IPC: 0.5102 cumulative IPC: 0.4907 (Simulation time: 00 hr 01 min 49 sec)
Heartbeat CPU 0 instructions: 19500111 cycles: 21616715 heartbeat IPC: 0.5208 cumulative IPC: 0.4922 (Simulation time: 00 hr 01 min 54 sec)
Heartbeat CPU 0 instructions: 20000113 cycles: 22572077 heartbeat IPC: 0.5234 cumulative IPC: 0.4937 (Simulation time: 00 hr 01 min 58 sec)
Heartbeat CPU 0 instructions: 20500113 cycles: 23574519 heartbeat IPC: 0.4988 cumulative IPC: 0.4939 (Simulation time: 00 hr 02 min 03 sec)
Heartbeat CPU 0 instructions: 21000113 cycles: 24549570 heartbeat IPC: 0.5128 cumulative IPC: 0.4948 (Simulation time: 00 hr 02 min 07 sec)
Heartbeat CPU 0 instructions: 21500113 cycles: 25561426 heartbeat IPC: 0.4941 cumulative IPC: 0.4947 (Simulation time: 00 hr 02 min 12 sec)
Heartbeat CPU 0 instructions: 22000115 cycles: 26536641 heartbeat IPC: 0.5127 cumulative IPC: 0.4955 (Simulation time: 00 hr 02 min 16 sec)
Heartbeat CPU 0 instructions: 22500116 cycles: 27493552 heartbeat IPC: 0.5225 cumulative IPC: 0.4965 (Simulation time: 00 hr 02 min 21 sec)
Heartbeat CPU 0 instructions: 23000121 cycles: 28472762 heartbeat IPC: 0.5106 cumulative IPC: 0.497 (Simulation time: 00 hr 02 min 25 sec)
Heartbeat CPU 0 instructions: 23500122 cycles: 29447754 heartbeat IPC: 0.5128 cumulative IPC: 0.4976 (Simulation time: 00 hr 02 min 29 sec)
Heartbeat CPU 0 instructions: 24000124 cycles: 30516350 heartbeat IPC: 0.4679 cumulative IPC: 0.4965 (Simulation time: 00 hr 02 min 34 sec)
Heartbeat CPU 0 instructions: 24500127 cycles: 31498927 heartbeat IPC: 0.5089 cumulative IPC: 0.4969 (Simulation time: 00 hr 02 min 39 sec)
Heartbeat CPU 0 instructions: 25000129 cycles: 32420924 heartbeat IPC: 0.5423 cumulative IPC: 0.4983 (Simulation time: 00 hr 02 min 43 sec)
Heartbeat CPU 0 instructions: 25500133 cycles: 33337107 heartbeat IPC: 0.5457 cumulative IPC: 0.4997 (Simulation time: 00 hr 02 min 47 sec)
Heartbeat CPU 0 instructions: 26000138 cycles: 34248153 heartbeat IPC: 0.5488 cumulative IPC: 0.5011 (Simulation time: 00 hr 02 min 51 sec)
Heartbeat CPU 0 instructions: 26500140 cycles: 35178090 heartbeat IPC: 0.5377 cumulative IPC: 0.5021 (Simulation time: 00 hr 02 min 55 sec)
Heartbeat CPU 0 instructions: 27000142 cycles: 36113300 heartbeat IPC: 0.5346 cumulative IPC: 0.503 (Simulation time: 00 hr 03 min 00 sec)
Heartbeat CPU 0 instructions: 27500149 cycles: 37030421 heartbeat IPC: 0.5452 cumulative IPC: 0.5041 (Simulation time: 00 hr 03 min 04 sec)
Heartbeat CPU 0 instructions: 28000154 cycles: 37930824 heartbeat IPC: 0.5553 cumulative IPC: 0.5054 (Simulation time: 00 hr 03 min 08 sec)
Heartbeat CPU 0 instructions: 28500156 cycles: 38838504 heartbeat IPC: 0.5509 cumulative IPC: 0.5066 (Simulation time: 00 hr 03 min 12 sec)
Heartbeat CPU 0 instructions: 29000163 cycles: 39764058 heartbeat IPC: 0.5402 cumulative IPC: 0.5074 (Simulation time: 00 hr 03 min 17 sec)
Heartbeat CPU 0 instructions: 29500170 cycles: 40699361 heartbeat IPC: 0.5346 cumulative IPC: 0.508 (Simulation time: 00 hr 03 min 21 sec)
Heartbeat CPU 0 instructions: 30000176 cycles: 41633439 heartbeat IPC: 0.5353 cumulative IPC: 0.5087 (Simulation time: 00 hr 03 min 25 sec)
Heartbeat CPU 0 instructions: 30500180 cycles: 42521302 heartbeat IPC: 0.5632 cumulative IPC: 0.5099 (Simulation time: 00 hr 03 min 29 sec)
Heartbeat CPU 0 instructions: 31000183 cycles: 43423380 heartbeat IPC: 0.5543 cumulative IPC: 0.5109 (Simulation time: 00 hr 03 min 33 sec)
Heartbeat CPU 0 instructions: 31500184 cycles: 44286821 heartbeat IPC: 0.5791 cumulative IPC: 0.5123 (Simulation time: 00 hr 03 min 37 sec)
Heartbeat CPU 0 instructions: 32000186 cycles: 45158723 heartbeat IPC: 0.5735 cumulative IPC: 0.5135 (Simulation time: 00 hr 03 min 42 sec)
Heartbeat CPU 0 instructions: 32500192 cycles: 46047262 heartbeat IPC: 0.5627 cumulative IPC: 0.5145 (Simulation time: 00 hr 03 min 46 sec)
Heartbeat CPU 0 instructions: 33000197 cycles: 47051166 heartbeat IPC: 0.4981 cumulative IPC: 0.5142 (Simulation time: 00 hr 03 min 50 sec)
Heartbeat CPU 0 instructions: 33500199 cycles: 47961161 heartbeat IPC: 0.5495 cumulative IPC: 0.5149 (Simulation time: 00 hr 03 min 55 sec)
Heartbeat CPU 0 instructions: 34000201 cycles: 48862219 heartbeat IPC: 0.5549 cumulative IPC: 0.5156 (Simulation time: 00 hr 03 min 59 sec)
Heartbeat CPU 0 instructions: 34500202 cycles: 49776314 heartbeat IPC: 0.547 cumulative IPC: 0.5162 (Simulation time: 00 hr 04 min 03 sec)
Heartbeat CPU 0 instructions: 35000207 cycles: 50651423 heartbeat IPC: 0.5714 cumulative IPC: 0.5172 (Simulation time: 00 hr 04 min 07 sec)
Heartbeat CPU 0 instructions: 35500213 cycles: 51538950 heartbeat IPC: 0.5634 cumulative IPC: 0.5181 (Simulation time: 00 hr 04 min 11 sec)
Heartbeat CPU 0 instructions: 36000215 cycles: 52502497 heartbeat IPC: 0.5189 cumulative IPC: 0.5181 (Simulation time: 00 hr 04 min 16 sec)
Heartbeat CPU 0 instructions: 36500215 cycles: 53402755 heartbeat IPC: 0.5554 cumulative IPC: 0.5187 (Simulation time: 00 hr 04 min 21 sec)
Heartbeat CPU 0 instructions: 37000215 cycles: 54263700 heartbeat IPC: 0.5808 cumulative IPC: 0.5198 (Simulation time: 00 hr 04 min 25 sec)
Heartbeat CPU 0 instructions: 37500215 cycles: 55114662 heartbeat IPC: 0.5876 cumulative IPC: 0.5209 (Simulation time: 00 hr 04 min 29 sec)
Heartbeat CPU 0 instructions: 38000216 cycles: 55997621 heartbeat IPC: 0.5663 cumulative IPC: 0.5216 (Simulation time: 00 hr 04 min 33 sec)
Heartbeat CPU 0 instructions: 38500221 cycles: 56839062 heartbeat IPC: 0.5942 cumulative IPC: 0.5227 (Simulation time: 00 hr 04 min 37 sec)
Heartbeat CPU 0 instructions: 39000222 cycles: 57704289 heartbeat IPC: 0.5779 cumulative IPC: 0.5236 (Simulation time: 00 hr 04 min 41 sec)
Heartbeat CPU 0 instructions: 39500229 cycles: 58566872 heartbeat IPC: 0.5797 cumulative IPC: 0.5244 (Simulation time: 00 hr 04 min 45 sec)
Heartbeat CPU 0 instructions: 40000229 cycles: 59406519 heartbeat IPC: 0.5955 cumulative IPC: 0.5255 (Simulation time: 00 hr 04 min 49 sec)
Heartbeat CPU 0 instructions: 40500230 cycles: 60239526 heartbeat IPC: 0.6002 cumulative IPC: 0.5266 (Simulation time: 00 hr 04 min 53 sec)
Heartbeat CPU 0 instructions: 41000231 cycles: 61094164 heartbeat IPC: 0.585 cumulative IPC: 0.5274 (Simulation time: 00 hr 04 min 57 sec)
Heartbeat CPU 0 instructions: 41500234 cycles: 61909561 heartbeat IPC: 0.6132 cumulative IPC: 0.5286 (Simulation time: 00 hr 05 min 01 sec)
Heartbeat CPU 0 instructions: 42000238 cycles: 62764268 heartbeat IPC: 0.585 cumulative IPC: 0.5294 (Simulation time: 00 hr 05 min 06 sec)
Heartbeat CPU 0 instructions: 42500242 cycles: 63636906 heartbeat IPC: 0.573 cumulative IPC: 0.53 (Simulation time: 00 hr 05 min 10 sec)
Heartbeat CPU 0 instructions: 43000248 cycles: 64472924 heartbeat IPC: 0.5981 cumulative IPC: 0.5309 (Simulation time: 00 hr 05 min 14 sec)
Heartbeat CPU 0 instructions: 43500252 cycles: 65323232 heartbeat IPC: 0.588 cumulative IPC: 0.5317 (Simulation time: 00 hr 05 min 18 sec)
Heartbeat CPU 0 instructions: 44000253 cycles: 66159372 heartbeat IPC: 0.598 cumulative IPC: 0.5326 (Simulation time: 00 hr 05 min 22 sec)
Heartbeat CPU 0 instructions: 44500253 cycles: 66992687 heartbeat IPC: 0.6 cumulative IPC: 0.5334 (Simulation time: 00 hr 05 min 26 sec)
Heartbeat CPU 0 instructions: 45000257 cycles: 67826240 heartbeat IPC: 0.5998 cumulative IPC: 0.5343 (Simulation time: 00 hr 05 min 30 sec)
Heartbeat CPU 0 instructions: 45500261 cycles: 68675425 heartbeat IPC: 0.5888 cumulative IPC: 0.535 (Simulation time: 00 hr 05 min 34 sec)
Heartbeat CPU 0 instructions: 46000267 cycles: 69517175 heartbeat IPC: 0.594 cumulative IPC: 0.5357 (Simulation time: 00 hr 05 min 38 sec)
Heartbeat CPU 0 instructions: 46500268 cycles: 70359853 heartbeat IPC: 0.5933 cumulative IPC: 0.5364 (Simulation time: 00 hr 05 min 42 sec)
Heartbeat CPU 0 instructions: 47000269 cycles: 71197669 heartbeat IPC: 0.5968 cumulative IPC: 0.5372 (Simulation time: 00 hr 05 min 46 sec)
Heartbeat CPU 0 instructions: 47500275 cycles: 72003096 heartbeat IPC: 0.6208 cumulative IPC: 0.5381 (Simulation time: 00 hr 05 min 50 sec)
Heartbeat CPU 0 instructions: 48000275 cycles: 72825676 heartbeat IPC: 0.6078 cumulative IPC: 0.5389 (Simulation time: 00 hr 05 min 54 sec)
Heartbeat CPU 0 instructions: 48500277 cycles: 73668772 heartbeat IPC: 0.5931 cumulative IPC: 0.5396 (Simulation time: 00 hr 05 min 58 sec)
Heartbeat CPU 0 instructions: 49000277 cycles: 74488568 heartbeat IPC: 0.6099 cumulative IPC: 0.5404 (Simulation time: 00 hr 06 min 02 sec)
Heartbeat CPU 0 instructions: 49500283 cycles: 75296901 heartbeat IPC: 0.6186 cumulative IPC: 0.5412 (Simulation time: 00 hr 06 min 05 sec)
Heartbeat CPU 0 instructions: 50000286 cycles: 76108486 heartbeat IPC: 0.6161 cumulative IPC: 0.5421 (Simulation time: 00 hr 06 min 09 sec)
Heartbeat CPU 0 instructions: 50500288 cycles: 76918172 heartbeat IPC: 0.6175 cumulative IPC: 0.5429 (Simulation time: 00 hr 06 min 13 sec)
Heartbeat CPU 0 instructions: 51000288 cycles: 77739299 heartbeat IPC: 0.6089 cumulative IPC: 0.5436 (Simulation time: 00 hr 06 min 17 sec)
Heartbeat CPU 0 instructions: 51500293 cycles: 78529601 heartbeat IPC: 0.6327 cumulative IPC: 0.5445 (Simulation time: 00 hr 06 min 21 sec)
Heartbeat CPU 0 instructions: 52000297 cycles: 79346819 heartbeat IPC: 0.6118 cumulative IPC: 0.5452 (Simulation time: 00 hr 06 min 25 sec)
Heartbeat CPU 0 instructions: 52500298 cycles: 80130722 heartbeat IPC: 0.6378 cumulative IPC: 0.5462 (Simulation time: 00 hr 06 min 29 sec)
Heartbeat CPU 0 instructions: 53000301 cycles: 80924115 heartbeat IPC: 0.6302 cumulative IPC: 0.547 (Simulation time: 00 hr 06 min 33 sec)
Heartbeat CPU 0 instructions: 53500303 cycles: 81752868 heartbeat IPC: 0.6033 cumulative IPC: 0.5476 (Simulation time: 00 hr 06 min 36 sec)
Heartbeat CPU 0 instructions: 54000306 cycles: 82661861 heartbeat IPC: 0.5501 cumulative IPC: 0.5476 (Simulation time: 00 hr 06 min 41 sec)
Heartbeat CPU 0 instructions: 54500307 cycles: 83547369 heartbeat IPC: 0.5646 cumulative IPC: 0.5478 (Simulation time: 00 hr 06 min 45 sec)
Heartbeat CPU 0 instructions: 55000311 cycles: 84422989 heartbeat IPC: 0.571 cumulative IPC: 0.5481 (Simulation time: 00 hr 06 min 49 sec)
Heartbeat CPU 0 instructions: 55500311 cycles: 85212840 heartbeat IPC: 0.633 cumulative IPC: 0.5489 (Simulation time: 00 hr 06 min 52 sec)
Heartbeat CPU 0 instructions: 56000313 cycles: 86008758 heartbeat IPC: 0.6282 cumulative IPC: 0.5496 (Simulation time: 00 hr 06 min 56 sec)
Heartbeat CPU 0 instructions: 56500313 cycles: 86784649 heartbeat IPC: 0.6444 cumulative IPC: 0.5505 (Simulation time: 00 hr 06 min 59 sec)
Heartbeat CPU 0 instructions: 57000315 cycles: 87581773 heartbeat IPC: 0.6273 cumulative IPC: 0.5512 (Simulation time: 00 hr 07 min 03 sec)
Heartbeat CPU 0 instructions: 57500316 cycles: 88380593 heartbeat IPC: 0.6259 cumulative IPC: 0.5519 (Simulation time: 00 hr 07 min 07 sec)
Heartbeat CPU 0 instructions: 58000316 cycles: 89268825 heartbeat IPC: 0.5629 cumulative IPC: 0.552 (Simulation time: 00 hr 07 min 11 sec)
Heartbeat CPU 0 instructions: 58500317 cycles: 90084936 heartbeat IPC: 0.6127 cumulative IPC: 0.5526 (Simulation time: 00 hr 07 min 15 sec)
Heartbeat CPU 0 instructions: 59000318 cycles: 90879938 heartbeat IPC: 0.6289 cumulative IPC: 0.5533 (Simulation time: 00 hr 07 min 19 sec)
Heartbeat CPU 0 instructions: 59500320 cycles: 91680968 heartbeat IPC: 0.6242 cumulative IPC: 0.5539 (Simulation time: 00 hr 07 min 22 sec)
Simulation finished CPU 0 instructions: 50000003 cycles: 90235754 cumulative IPC: 0.5541 (Simulation time: 00 hr 07 min 26 sec)
Simulation complete CPU 0 instructions: 50000003 cycles: 90235754 cumulative IPC: 0.5541 (Simulation time: 00 hr 07 min 26 sec)

ChampSim completed all CPUs

=== Simulation ===
CPU 0 runs traces/GAP/sssp-14.trace.gz

Region of Interest Statistics

CPU 0 cumulative IPC: 0.5541 instructions: 50000003 cycles: 90235754
CPU 0 Branch Prediction Accuracy: 94.07% MPKI: 8.732 Average ROB Occupancy at Mispredict: 57.48
Branch type MPKI
BRANCH_DIRECT_JUMP: 6e-05
BRANCH_INDIRECT: 0
BRANCH_CONDITIONAL: 8.732
BRANCH_DIRECT_CALL: 0
BRANCH_INDIRECT_CALL: 0
BRANCH_RETURN: 0

cpu0->cpu0_STLB TOTAL        ACCESS:     928918 HIT:     918589 MISS:      10329 MSHR_MERGE:          0
cpu0->cpu0_STLB LOAD         ACCESS:     928918 HIT:     918589 MISS:      10329 MSHR_MERGE:          0
cpu0->cpu0_STLB RFO          ACCESS:          0 HIT:          0 MISS:          0 MSHR_MERGE:          0
cpu0->cpu0_STLB PREFETCH     ACCESS:          0 HIT:          0 MISS:          0 MSHR_MERGE:          0
cpu0->cpu0_STLB WRITE        ACCESS:          0 HIT:          0 MISS:          0 MSHR_MERGE:          0
cpu0->cpu0_STLB TRANSLATION  ACCESS:          0 HIT:          0 MISS:          0 MSHR_MERGE:          0
cpu0->cpu0_STLB PREFETCH REQUESTED:          0 ISSUED:          0 USEFUL:          0 USELESS:          0
cpu0->cpu0_STLB AVERAGE MISS LATENCY: 277.4 cycles
cpu0->cpu0_L2C TOTAL        ACCESS:    5247030 HIT:    3571541 MISS:    1675489 MSHR_MERGE:     262638
cpu0->cpu0_L2C LOAD         ACCESS:    2251151 HIT:    1406068 MISS:     845083 MSHR_MERGE:      24672
cpu0->cpu0_L2C RFO          ACCESS:     272149 HIT:     219089 MISS:      53060 MSHR_MERGE:          0
cpu0->cpu0_L2C PREFETCH     ACCESS:    1953982 HIT:    1182216 MISS:     771766 MSHR_MERGE:     237966
cpu0->cpu0_L2C WRITE        ACCESS:     761478 HIT:     761319 MISS:        159 MSHR_MERGE:          0
cpu0->cpu0_L2C TRANSLATION  ACCESS:       8270 HIT:       2849 MISS:       5421 MSHR_MERGE:          0
cpu0->cpu0_L2C PREFETCH REQUESTED:    1981182 ISSUED:    1953982 USEFUL:     299452 USELESS:     233585
cpu0->cpu0_L2C AVERAGE MISS LATENCY: 115.6 cycles
cpu0->cpu0_L1I TOTAL        ACCESS:    2025791 HIT:    2025790 MISS:          1 MSHR_MERGE:          0
cpu0->cpu0_L1I LOAD         ACCESS:    2025791 HIT:    2025790 MISS:          1 MSHR_MERGE:          0
cpu0->cpu0_L1I RFO          ACCESS:          0 HIT:          0 MISS:          0 MSHR_MERGE:          0
cpu0->cpu0_L1I PREFETCH     ACCESS:          0 HIT:          0 MISS:          0 MSHR_MERGE:          0
cpu0->cpu0_L1I WRITE        ACCESS:          0 HIT:          0 MISS:          0 MSHR_MERGE:          0
cpu0->cpu0_L1I TRANSLATION  ACCESS:          0 HIT:          0 MISS:          0 MSHR_MERGE:          0
cpu0->cpu0_L1I PREFETCH REQUESTED:          0 ISSUED:          0 USEFUL:          0 USELESS:          0
cpu0->cpu0_L1I AVERAGE MISS LATENCY: 235 cycles
cpu0->cpu0_L1D TOTAL        ACCESS:   14364493 HIT:   11330834 MISS:    3033659 MSHR_MERGE:     502082
cpu0->cpu0_L1D LOAD         ACCESS:   12882073 HIT:   10242850 MISS:    2639223 MSHR_MERGE:     388073
cpu0->cpu0_L1D RFO          ACCESS:          0 HIT:          0 MISS:          0 MSHR_MERGE:          0
cpu0->cpu0_L1D PREFETCH     ACCESS:          0 HIT:          0 MISS:          0 MSHR_MERGE:          0
cpu0->cpu0_L1D WRITE        ACCESS:    1460633 HIT:    1074526 MISS:     386107 MSHR_MERGE:     113950
cpu0->cpu0_L1D TRANSLATION  ACCESS:      21787 HIT:      13458 MISS:       8329 MSHR_MERGE:         59
cpu0->cpu0_L1D PREFETCH REQUESTED:          0 ISSUED:          0 USEFUL:          0 USELESS:          0
cpu0->cpu0_L1D AVERAGE MISS LATENCY: 49.85 cycles
cpu0->cpu0_ITLB TOTAL        ACCESS:    2022747 HIT:    2022747 MISS:          0 MSHR_MERGE:          0
cpu0->cpu0_ITLB LOAD         ACCESS:    2022747 HIT:    2022747 MISS:          0 MSHR_MERGE:          0
cpu0->cpu0_ITLB RFO          ACCESS:          0 HIT:          0 MISS:          0 MSHR_MERGE:          0
cpu0->cpu0_ITLB PREFETCH     ACCESS:          0 HIT:          0 MISS:          0 MSHR_MERGE:          0
cpu0->cpu0_ITLB WRITE        ACCESS:          0 HIT:          0 MISS:          0 MSHR_MERGE:          0
cpu0->cpu0_ITLB TRANSLATION  ACCESS:          0 HIT:          0 MISS:          0 MSHR_MERGE:          0
cpu0->cpu0_ITLB PREFETCH REQUESTED:          0 ISSUED:          0 USEFUL:          0 USELESS:          0
cpu0->cpu0_ITLB AVERAGE MISS LATENCY: - cycles
cpu0->cpu0_DTLB TOTAL        ACCESS:   14259036 HIT:   13057936 MISS:    1201100 MSHR_MERGE:     272182
cpu0->cpu0_DTLB LOAD         ACCESS:   14259036 HIT:   13057936 MISS:    1201100 MSHR_MERGE:     272182
cpu0->cpu0_DTLB RFO          ACCESS:          0 HIT:          0 MISS:          0 MSHR_MERGE:          0
cpu0->cpu0_DTLB PREFETCH     ACCESS:          0 HIT:          0 MISS:          0 MSHR_MERGE:          0
cpu0->cpu0_DTLB WRITE        ACCESS:          0 HIT:          0 MISS:          0 MSHR_MERGE:          0
cpu0->cpu0_DTLB TRANSLATION  ACCESS:          0 HIT:          0 MISS:          0 MSHR_MERGE:          0
cpu0->cpu0_DTLB PREFETCH REQUESTED:          0 ISSUED:          0 USEFUL:          0 USELESS:          0
cpu0->cpu0_DTLB AVERAGE MISS LATENCY: 8.103 cycles
cpu0->LLC TOTAL        ACCESS:    1842131 HIT:     844051 MISS:     998080 MSHR_MERGE:          0
cpu0->LLC LOAD         ACCESS:     820411 HIT:     521424 MISS:     298987 MSHR_MERGE:          0
cpu0->LLC RFO          ACCESS:      53060 HIT:       2880 MISS:      50180 MSHR_MERGE:          0
cpu0->LLC PREFETCH     ACCESS:     533800 HIT:      75859 MISS:     457941 MSHR_MERGE:          0
cpu0->LLC WRITE        ACCESS:     429439 HIT:     243743 MISS:     185696 MSHR_MERGE:          0
cpu0->LLC TRANSLATION  ACCESS:       5421 HIT:        145 MISS:       5276 MSHR_MERGE:          0
cpu0->LLC PREFETCH REQUESTED:          0 ISSUED:          0 USEFUL:          0 USELESS:          0
cpu0->LLC AVERAGE MISS LATENCY: 156.6 cycles

DRAM Statistics

Channel 0 RQ ROW_BUFFER_HIT:      25863
  ROW_BUFFER_MISS:     786396
  AVG DBUS CONGESTED CYCLE: 31.27
Channel 0 WQ ROW_BUFFER_HIT:      56564
  ROW_BUFFER_MISS:     161854
  FULL:          0
Channel 0 REFRESHES ISSUED:       7519


--- STDERR ---



=== TRACE: traces/GAP/sssp-10.trace.gz ===
COMMAND: ./bin/1C.fullBW.ghb_pccs --warmup-instructions=10000000 --simulation-instructions=50000000 traces/GAP/sssp-10.trace.gz
RETURNCODE: 0

--- STDOUT ---
[VMEM] WARNING: physical memory size is smaller than virtual memory size.

*** ChampSim Multicore Out-of-Order Simulator ***
Warmup Instructions: 10000000
Simulation Instructions: 50000000
Number of CPUs: 1
Page size: 4096
Core 0: traces/GAP/sssp-10.trace.gz
Off-chip DRAM Size: 64 GiB Channels: 1 Width: 64-bit Data Rate: 4807 MT/s
Heartbeat CPU 0 instructions: 500004 cycles: 182232 heartbeat IPC: 2.744 cumulative IPC: 2.744 (Simulation time: 00 hr 00 min 02 sec)
Heartbeat CPU 0 instructions: 1000004 cycles: 359486 heartbeat IPC: 2.821 cumulative IPC: 2.782 (Simulation time: 00 hr 00 min 03 sec)
Heartbeat CPU 0 instructions: 1500011 cycles: 511484 heartbeat IPC: 3.29 cumulative IPC: 2.933 (Simulation time: 00 hr 00 min 04 sec)
Heartbeat CPU 0 instructions: 2000015 cycles: 613401 heartbeat IPC: 4.906 cumulative IPC: 3.261 (Simulation time: 00 hr 00 min 06 sec)
Heartbeat CPU 0 instructions: 2500017 cycles: 718518 heartbeat IPC: 4.757 cumulative IPC: 3.479 (Simulation time: 00 hr 00 min 07 sec)
Heartbeat CPU 0 instructions: 3000022 cycles: 826221 heartbeat IPC: 4.642 cumulative IPC: 3.631 (Simulation time: 00 hr 00 min 08 sec)
Heartbeat CPU 0 instructions: 3500027 cycles: 932691 heartbeat IPC: 4.696 cumulative IPC: 3.753 (Simulation time: 00 hr 00 min 10 sec)
Heartbeat CPU 0 instructions: 4000033 cycles: 1039253 heartbeat IPC: 4.692 cumulative IPC: 3.849 (Simulation time: 00 hr 00 min 11 sec)
Heartbeat CPU 0 instructions: 4500036 cycles: 1147925 heartbeat IPC: 4.601 cumulative IPC: 3.92 (Simulation time: 00 hr 00 min 12 sec)
Heartbeat CPU 0 instructions: 5000036 cycles: 1253671 heartbeat IPC: 4.728 cumulative IPC: 3.988 (Simulation time: 00 hr 00 min 13 sec)
Heartbeat CPU 0 instructions: 5500043 cycles: 1360435 heartbeat IPC: 4.683 cumulative IPC: 4.043 (Simulation time: 00 hr 00 min 15 sec)
Heartbeat CPU 0 instructions: 6000043 cycles: 1467768 heartbeat IPC: 4.658 cumulative IPC: 4.088 (Simulation time: 00 hr 00 min 16 sec)
Heartbeat CPU 0 instructions: 6500048 cycles: 1574003 heartbeat IPC: 4.707 cumulative IPC: 4.13 (Simulation time: 00 hr 00 min 17 sec)
Heartbeat CPU 0 instructions: 7000054 cycles: 1683865 heartbeat IPC: 4.551 cumulative IPC: 4.157 (Simulation time: 00 hr 00 min 18 sec)
Heartbeat CPU 0 instructions: 7500055 cycles: 1791325 heartbeat IPC: 4.653 cumulative IPC: 4.187 (Simulation time: 00 hr 00 min 20 sec)
Heartbeat CPU 0 instructions: 8000062 cycles: 1898048 heartbeat IPC: 4.685 cumulative IPC: 4.215 (Simulation time: 00 hr 00 min 21 sec)
Heartbeat CPU 0 instructions: 8500066 cycles: 2002881 heartbeat IPC: 4.77 cumulative IPC: 4.244 (Simulation time: 00 hr 00 min 22 sec)
Heartbeat CPU 0 instructions: 9000072 cycles: 2107666 heartbeat IPC: 4.772 cumulative IPC: 4.27 (Simulation time: 00 hr 00 min 23 sec)
Heartbeat CPU 0 instructions: 9500074 cycles: 2214296 heartbeat IPC: 4.689 cumulative IPC: 4.29 (Simulation time: 00 hr 00 min 25 sec)
Warmup finished CPU 0 instructions: 10000001 cycles: 2319583 cumulative IPC: 4.311 (Simulation time: 00 hr 00 min 26 sec)
Warmup complete CPU 0 instructions: 10000001 cycles: 2319583 cumulative IPC: 4.311 (Simulation time: 00 hr 00 min 26 sec)
Heartbeat CPU 0 instructions: 10000075 cycles: 2319607 heartbeat IPC: 4.748 cumulative IPC: 3.083 (Simulation time: 00 hr 00 min 26 sec)
Heartbeat CPU 0 instructions: 10500080 cycles: 3412041 heartbeat IPC: 0.4577 cumulative IPC: 0.4578 (Simulation time: 00 hr 00 min 31 sec)
Heartbeat CPU 0 instructions: 11000080 cycles: 4465927 heartbeat IPC: 0.4744 cumulative IPC: 0.4659 (Simulation time: 00 hr 00 min 36 sec)
Heartbeat CPU 0 instructions: 11500083 cycles: 5571025 heartbeat IPC: 0.4525 cumulative IPC: 0.4614 (Simulation time: 00 hr 00 min 40 sec)
Heartbeat CPU 0 instructions: 12000085 cycles: 6713087 heartbeat IPC: 0.4378 cumulative IPC: 0.4552 (Simulation time: 00 hr 00 min 45 sec)
Heartbeat CPU 0 instructions: 12500085 cycles: 7818541 heartbeat IPC: 0.4523 cumulative IPC: 0.4546 (Simulation time: 00 hr 00 min 50 sec)
Heartbeat CPU 0 instructions: 13000092 cycles: 8893941 heartbeat IPC: 0.4649 cumulative IPC: 0.4563 (Simulation time: 00 hr 00 min 54 sec)
Heartbeat CPU 0 instructions: 13500093 cycles: 10011890 heartbeat IPC: 0.4472 cumulative IPC: 0.455 (Simulation time: 00 hr 01 min 00 sec)
Heartbeat CPU 0 instructions: 14000097 cycles: 11172915 heartbeat IPC: 0.4307 cumulative IPC: 0.4518 (Simulation time: 00 hr 01 min 05 sec)
Heartbeat CPU 0 instructions: 14500103 cycles: 12226815 heartbeat IPC: 0.4744 cumulative IPC: 0.4542 (Simulation time: 00 hr 01 min 09 sec)
Heartbeat CPU 0 instructions: 15000103 cycles: 13365747 heartbeat IPC: 0.439 cumulative IPC: 0.4527 (Simulation time: 00 hr 01 min 14 sec)
Heartbeat CPU 0 instructions: 15500106 cycles: 14480208 heartbeat IPC: 0.4487 cumulative IPC: 0.4523 (Simulation time: 00 hr 01 min 19 sec)
Heartbeat CPU 0 instructions: 16000106 cycles: 15514244 heartbeat IPC: 0.4835 cumulative IPC: 0.4547 (Simulation time: 00 hr 01 min 24 sec)
Heartbeat CPU 0 instructions: 16500109 cycles: 16511562 heartbeat IPC: 0.5013 cumulative IPC: 0.458 (Simulation time: 00 hr 01 min 28 sec)
Heartbeat CPU 0 instructions: 17000113 cycles: 17539422 heartbeat IPC: 0.4865 cumulative IPC: 0.4599 (Simulation time: 00 hr 01 min 33 sec)
Heartbeat CPU 0 instructions: 17500113 cycles: 18538735 heartbeat IPC: 0.5003 cumulative IPC: 0.4624 (Simulation time: 00 hr 01 min 37 sec)
Heartbeat CPU 0 instructions: 18000115 cycles: 19530331 heartbeat IPC: 0.5042 cumulative IPC: 0.4648 (Simulation time: 00 hr 01 min 42 sec)
Heartbeat CPU 0 instructions: 18500118 cycles: 20508127 heartbeat IPC: 0.5114 cumulative IPC: 0.4673 (Simulation time: 00 hr 01 min 47 sec)
Heartbeat CPU 0 instructions: 19000124 cycles: 21497457 heartbeat IPC: 0.5054 cumulative IPC: 0.4693 (Simulation time: 00 hr 01 min 52 sec)
Heartbeat CPU 0 instructions: 19500125 cycles: 22497821 heartbeat IPC: 0.4998 cumulative IPC: 0.4708 (Simulation time: 00 hr 01 min 56 sec)
Heartbeat CPU 0 instructions: 20000125 cycles: 23495245 heartbeat IPC: 0.5013 cumulative IPC: 0.4722 (Simulation time: 00 hr 02 min 01 sec)
Heartbeat CPU 0 instructions: 20500131 cycles: 24475134 heartbeat IPC: 0.5103 cumulative IPC: 0.4739 (Simulation time: 00 hr 02 min 05 sec)
Heartbeat CPU 0 instructions: 21000132 cycles: 25492738 heartbeat IPC: 0.4914 cumulative IPC: 0.4747 (Simulation time: 00 hr 02 min 10 sec)
Heartbeat CPU 0 instructions: 21500135 cycles: 26441042 heartbeat IPC: 0.5273 cumulative IPC: 0.4768 (Simulation time: 00 hr 02 min 15 sec)
Heartbeat CPU 0 instructions: 22000137 cycles: 27433192 heartbeat IPC: 0.504 cumulative IPC: 0.4778 (Simulation time: 00 hr 02 min 19 sec)
Heartbeat CPU 0 instructions: 22500144 cycles: 28402008 heartbeat IPC: 0.5161 cumulative IPC: 0.4793 (Simulation time: 00 hr 02 min 23 sec)
Heartbeat CPU 0 instructions: 23000144 cycles: 29362507 heartbeat IPC: 0.5206 cumulative IPC: 0.4807 (Simulation time: 00 hr 02 min 28 sec)
Heartbeat CPU 0 instructions: 23500147 cycles: 30312470 heartbeat IPC: 0.5263 cumulative IPC: 0.4823 (Simulation time: 00 hr 02 min 32 sec)
Heartbeat CPU 0 instructions: 24000151 cycles: 31252439 heartbeat IPC: 0.5319 cumulative IPC: 0.4839 (Simulation time: 00 hr 02 min 36 sec)
Heartbeat CPU 0 instructions: 24500152 cycles: 32163835 heartbeat IPC: 0.5486 cumulative IPC: 0.4859 (Simulation time: 00 hr 02 min 40 sec)
Heartbeat CPU 0 instructions: 25000154 cycles: 33136378 heartbeat IPC: 0.5141 cumulative IPC: 0.4868 (Simulation time: 00 hr 02 min 45 sec)
Heartbeat CPU 0 instructions: 25500156 cycles: 34226278 heartbeat IPC: 0.4588 cumulative IPC: 0.4858 (Simulation time: 00 hr 02 min 49 sec)
Heartbeat CPU 0 instructions: 26000158 cycles: 35172583 heartbeat IPC: 0.5284 cumulative IPC: 0.487 (Simulation time: 00 hr 02 min 54 sec)
Heartbeat CPU 0 instructions: 26500160 cycles: 36146537 heartbeat IPC: 0.5134 cumulative IPC: 0.4878 (Simulation time: 00 hr 02 min 58 sec)
Heartbeat CPU 0 instructions: 27000164 cycles: 37124497 heartbeat IPC: 0.5113 cumulative IPC: 0.4884 (Simulation time: 00 hr 03 min 03 sec)
Heartbeat CPU 0 instructions: 27500169 cycles: 38076529 heartbeat IPC: 0.5252 cumulative IPC: 0.4894 (Simulation time: 00 hr 03 min 07 sec)
Heartbeat CPU 0 instructions: 28000170 cycles: 39111989 heartbeat IPC: 0.4829 cumulative IPC: 0.4892 (Simulation time: 00 hr 03 min 12 sec)
Heartbeat CPU 0 instructions: 28500170 cycles: 40042396 heartbeat IPC: 0.5374 cumulative IPC: 0.4904 (Simulation time: 00 hr 03 min 16 sec)
Heartbeat CPU 0 instructions: 29000177 cycles: 40954405 heartbeat IPC: 0.5482 cumulative IPC: 0.4918 (Simulation time: 00 hr 03 min 20 sec)
Heartbeat CPU 0 instructions: 29500179 cycles: 41882354 heartbeat IPC: 0.5388 cumulative IPC: 0.4929 (Simulation time: 00 hr 03 min 24 sec)
Heartbeat CPU 0 instructions: 30000184 cycles: 42799486 heartbeat IPC: 0.5452 cumulative IPC: 0.4941 (Simulation time: 00 hr 03 min 28 sec)
Heartbeat CPU 0 instructions: 30500184 cycles: 43675561 heartbeat IPC: 0.5707 cumulative IPC: 0.4957 (Simulation time: 00 hr 03 min 32 sec)
Heartbeat CPU 0 instructions: 31000188 cycles: 44666523 heartbeat IPC: 0.5046 cumulative IPC: 0.4959 (Simulation time: 00 hr 03 min 37 sec)
Heartbeat CPU 0 instructions: 31500188 cycles: 45620103 heartbeat IPC: 0.5243 cumulative IPC: 0.4965 (Simulation time: 00 hr 03 min 41 sec)
Heartbeat CPU 0 instructions: 32000190 cycles: 46519994 heartbeat IPC: 0.5556 cumulative IPC: 0.4977 (Simulation time: 00 hr 03 min 45 sec)
Heartbeat CPU 0 instructions: 32500191 cycles: 47432408 heartbeat IPC: 0.548 cumulative IPC: 0.4988 (Simulation time: 00 hr 03 min 50 sec)
Heartbeat CPU 0 instructions: 33000193 cycles: 48310257 heartbeat IPC: 0.5696 cumulative IPC: 0.5001 (Simulation time: 00 hr 03 min 54 sec)
Heartbeat CPU 0 instructions: 33500194 cycles: 49207042 heartbeat IPC: 0.5575 cumulative IPC: 0.5012 (Simulation time: 00 hr 03 min 58 sec)
Heartbeat CPU 0 instructions: 34000194 cycles: 50067199 heartbeat IPC: 0.5813 cumulative IPC: 0.5026 (Simulation time: 00 hr 04 min 02 sec)
Heartbeat CPU 0 instructions: 34500200 cycles: 50947650 heartbeat IPC: 0.5679 cumulative IPC: 0.5038 (Simulation time: 00 hr 04 min 06 sec)
Heartbeat CPU 0 instructions: 35000204 cycles: 51848067 heartbeat IPC: 0.5553 cumulative IPC: 0.5048 (Simulation time: 00 hr 04 min 10 sec)
Heartbeat CPU 0 instructions: 35500206 cycles: 52686628 heartbeat IPC: 0.5963 cumulative IPC: 0.5063 (Simulation time: 00 hr 04 min 15 sec)
Heartbeat CPU 0 instructions: 36000212 cycles: 53537426 heartbeat IPC: 0.5877 cumulative IPC: 0.5076 (Simulation time: 00 hr 04 min 19 sec)
Heartbeat CPU 0 instructions: 36500216 cycles: 54443486 heartbeat IPC: 0.5518 cumulative IPC: 0.5084 (Simulation time: 00 hr 04 min 23 sec)
Heartbeat CPU 0 instructions: 37000220 cycles: 55337597 heartbeat IPC: 0.5592 cumulative IPC: 0.5093 (Simulation time: 00 hr 04 min 28 sec)
Heartbeat CPU 0 instructions: 37500223 cycles: 56299846 heartbeat IPC: 0.5196 cumulative IPC: 0.5094 (Simulation time: 00 hr 04 min 32 sec)
Heartbeat CPU 0 instructions: 38000223 cycles: 57218487 heartbeat IPC: 0.5443 cumulative IPC: 0.51 (Simulation time: 00 hr 04 min 37 sec)
Heartbeat CPU 0 instructions: 38500228 cycles: 58074442 heartbeat IPC: 0.5841 cumulative IPC: 0.5112 (Simulation time: 00 hr 04 min 41 sec)
Heartbeat CPU 0 instructions: 39000234 cycles: 58933575 heartbeat IPC: 0.582 cumulative IPC: 0.5122 (Simulation time: 00 hr 04 min 45 sec)
Heartbeat CPU 0 instructions: 39500238 cycles: 59771138 heartbeat IPC: 0.597 cumulative IPC: 0.5135 (Simulation time: 00 hr 04 min 49 sec)
Heartbeat CPU 0 instructions: 40000239 cycles: 60619615 heartbeat IPC: 0.5893 cumulative IPC: 0.5146 (Simulation time: 00 hr 04 min 53 sec)
Heartbeat CPU 0 instructions: 40500239 cycles: 61471314 heartbeat IPC: 0.5871 cumulative IPC: 0.5156 (Simulation time: 00 hr 04 min 57 sec)
Heartbeat CPU 0 instructions: 41000240 cycles: 62321192 heartbeat IPC: 0.5883 cumulative IPC: 0.5167 (Simulation time: 00 hr 05 min 01 sec)
Heartbeat CPU 0 instructions: 41500240 cycles: 63174607 heartbeat IPC: 0.5859 cumulative IPC: 0.5176 (Simulation time: 00 hr 05 min 05 sec)
Heartbeat CPU 0 instructions: 42000244 cycles: 64066712 heartbeat IPC: 0.5605 cumulative IPC: 0.5182 (Simulation time: 00 hr 05 min 09 sec)
Heartbeat CPU 0 instructions: 42500244 cycles: 64999595 heartbeat IPC: 0.536 cumulative IPC: 0.5185 (Simulation time: 00 hr 05 min 14 sec)
Heartbeat CPU 0 instructions: 43000248 cycles: 65838835 heartbeat IPC: 0.5958 cumulative IPC: 0.5195 (Simulation time: 00 hr 05 min 18 sec)
Heartbeat CPU 0 instructions: 43500248 cycles: 66676745 heartbeat IPC: 0.5967 cumulative IPC: 0.5205 (Simulation time: 00 hr 05 min 22 sec)
Heartbeat CPU 0 instructions: 44000254 cycles: 67500410 heartbeat IPC: 0.6071 cumulative IPC: 0.5216 (Simulation time: 00 hr 05 min 26 sec)
Heartbeat CPU 0 instructions: 44500254 cycles: 68334214 heartbeat IPC: 0.5997 cumulative IPC: 0.5226 (Simulation time: 00 hr 05 min 30 sec)
Heartbeat CPU 0 instructions: 45000260 cycles: 69179785 heartbeat IPC: 0.5913 cumulative IPC: 0.5235 (Simulation time: 00 hr 05 min 34 sec)
Heartbeat CPU 0 instructions: 45500260 cycles: 70091495 heartbeat IPC: 0.5484 cumulative IPC: 0.5238 (Simulation time: 00 hr 05 min 38 sec)
Heartbeat CPU 0 instructions: 46000267 cycles: 71003504 heartbeat IPC: 0.5482 cumulative IPC: 0.5241 (Simulation time: 00 hr 05 min 42 sec)
Heartbeat CPU 0 instructions: 46500269 cycles: 71824244 heartbeat IPC: 0.6092 cumulative IPC: 0.5251 (Simulation time: 00 hr 05 min 46 sec)
Heartbeat CPU 0 instructions: 47000270 cycles: 72664191 heartbeat IPC: 0.5953 cumulative IPC: 0.526 (Simulation time: 00 hr 05 min 50 sec)
Heartbeat CPU 0 instructions: 47500273 cycles: 73496562 heartbeat IPC: 0.6007 cumulative IPC: 0.5269 (Simulation time: 00 hr 05 min 54 sec)
Heartbeat CPU 0 instructions: 48000273 cycles: 74329917 heartbeat IPC: 0.6 cumulative IPC: 0.5277 (Simulation time: 00 hr 05 min 58 sec)
Heartbeat CPU 0 instructions: 48500279 cycles: 75166858 heartbeat IPC: 0.5974 cumulative IPC: 0.5285 (Simulation time: 00 hr 06 min 02 sec)
Heartbeat CPU 0 instructions: 49000279 cycles: 75962891 heartbeat IPC: 0.6281 cumulative IPC: 0.5296 (Simulation time: 00 hr 06 min 06 sec)
Heartbeat CPU 0 instructions: 49500285 cycles: 76767676 heartbeat IPC: 0.6213 cumulative IPC: 0.5306 (Simulation time: 00 hr 06 min 10 sec)
Heartbeat CPU 0 instructions: 50000290 cycles: 77578523 heartbeat IPC: 0.6166 cumulative IPC: 0.5315 (Simulation time: 00 hr 06 min 14 sec)
Heartbeat CPU 0 instructions: 50500293 cycles: 78403245 heartbeat IPC: 0.6063 cumulative IPC: 0.5323 (Simulation time: 00 hr 06 min 18 sec)
Heartbeat CPU 0 instructions: 51000294 cycles: 79261514 heartbeat IPC: 0.5826 cumulative IPC: 0.5329 (Simulation time: 00 hr 06 min 22 sec)
Heartbeat CPU 0 instructions: 51500300 cycles: 80149413 heartbeat IPC: 0.5631 cumulative IPC: 0.5332 (Simulation time: 00 hr 06 min 26 sec)
Heartbeat CPU 0 instructions: 52000307 cycles: 80967000 heartbeat IPC: 0.6116 cumulative IPC: 0.534 (Simulation time: 00 hr 06 min 30 sec)
Heartbeat CPU 0 instructions: 52500310 cycles: 81789590 heartbeat IPC: 0.6078 cumulative IPC: 0.5348 (Simulation time: 00 hr 06 min 34 sec)
Heartbeat CPU 0 instructions: 53000316 cycles: 82595100 heartbeat IPC: 0.6207 cumulative IPC: 0.5357 (Simulation time: 00 hr 06 min 38 sec)
Heartbeat CPU 0 instructions: 53500316 cycles: 83383414 heartbeat IPC: 0.6343 cumulative IPC: 0.5366 (Simulation time: 00 hr 06 min 41 sec)
Heartbeat CPU 0 instructions: 54000316 cycles: 84196517 heartbeat IPC: 0.6149 cumulative IPC: 0.5374 (Simulation time: 00 hr 06 min 45 sec)
Heartbeat CPU 0 instructions: 54500318 cycles: 85000490 heartbeat IPC: 0.6219 cumulative IPC: 0.5382 (Simulation time: 00 hr 06 min 49 sec)
Heartbeat CPU 0 instructions: 55000322 cycles: 85787785 heartbeat IPC: 0.6351 cumulative IPC: 0.5391 (Simulation time: 00 hr 06 min 52 sec)
Heartbeat CPU 0 instructions: 55500327 cycles: 86560295 heartbeat IPC: 0.6472 cumulative IPC: 0.5401 (Simulation time: 00 hr 06 min 56 sec)
Heartbeat CPU 0 instructions: 56000331 cycles: 87341846 heartbeat IPC: 0.6398 cumulative IPC: 0.541 (Simulation time: 00 hr 06 min 59 sec)
Heartbeat CPU 0 instructions: 56500332 cycles: 88113065 heartbeat IPC: 0.6483 cumulative IPC: 0.542 (Simulation time: 00 hr 07 min 03 sec)
Heartbeat CPU 0 instructions: 57000335 cycles: 88889492 heartbeat IPC: 0.644 cumulative IPC: 0.5429 (Simulation time: 00 hr 07 min 07 sec)
Heartbeat CPU 0 instructions: 57500336 cycles: 89647351 heartbeat IPC: 0.6598 cumulative IPC: 0.5439 (Simulation time: 00 hr 07 min 10 sec)
Heartbeat CPU 0 instructions: 58000337 cycles: 90429896 heartbeat IPC: 0.6389 cumulative IPC: 0.5448 (Simulation time: 00 hr 07 min 14 sec)
Heartbeat CPU 0 instructions: 58500344 cycles: 91207069 heartbeat IPC: 0.6434 cumulative IPC: 0.5456 (Simulation time: 00 hr 07 min 18 sec)
Heartbeat CPU 0 instructions: 59000345 cycles: 91977998 heartbeat IPC: 0.6486 cumulative IPC: 0.5465 (Simulation time: 00 hr 07 min 21 sec)
Heartbeat CPU 0 instructions: 59500349 cycles: 92762403 heartbeat IPC: 0.6374 cumulative IPC: 0.5473 (Simulation time: 00 hr 07 min 25 sec)
Simulation finished CPU 0 instructions: 50000006 cycles: 91297804 cumulative IPC: 0.5477 (Simulation time: 00 hr 07 min 29 sec)
Simulation complete CPU 0 instructions: 50000006 cycles: 91297804 cumulative IPC: 0.5477 (Simulation time: 00 hr 07 min 29 sec)

ChampSim completed all CPUs

=== Simulation ===
CPU 0 runs traces/GAP/sssp-10.trace.gz

Region of Interest Statistics

CPU 0 cumulative IPC: 0.5477 instructions: 50000006 cycles: 91297804
CPU 0 Branch Prediction Accuracy: 94.11% MPKI: 8.664 Average ROB Occupancy at Mispredict: 58.04
Branch type MPKI
BRANCH_DIRECT_JUMP: 2e-05
BRANCH_INDIRECT: 0
BRANCH_CONDITIONAL: 8.664
BRANCH_DIRECT_CALL: 0
BRANCH_INDIRECT_CALL: 0
BRANCH_RETURN: 0

cpu0->cpu0_STLB TOTAL        ACCESS:     923007 HIT:     912211 MISS:      10796 MSHR_MERGE:          0
cpu0->cpu0_STLB LOAD         ACCESS:     923007 HIT:     912211 MISS:      10796 MSHR_MERGE:          0
cpu0->cpu0_STLB RFO          ACCESS:          0 HIT:          0 MISS:          0 MSHR_MERGE:          0
cpu0->cpu0_STLB PREFETCH     ACCESS:          0 HIT:          0 MISS:          0 MSHR_MERGE:          0
cpu0->cpu0_STLB WRITE        ACCESS:          0 HIT:          0 MISS:          0 MSHR_MERGE:          0
cpu0->cpu0_STLB TRANSLATION  ACCESS:          0 HIT:          0 MISS:          0 MSHR_MERGE:          0
cpu0->cpu0_STLB PREFETCH REQUESTED:          0 ISSUED:          0 USEFUL:          0 USELESS:          0
cpu0->cpu0_STLB AVERAGE MISS LATENCY: 259.2 cycles
cpu0->cpu0_L2C TOTAL        ACCESS:    5230237 HIT:    3538502 MISS:    1691735 MSHR_MERGE:     251918
cpu0->cpu0_L2C LOAD         ACCESS:    2263956 HIT:    1392137 MISS:     871819 MSHR_MERGE:      24486
cpu0->cpu0_L2C RFO          ACCESS:     272131 HIT:     218129 MISS:      54002 MSHR_MERGE:          0
cpu0->cpu0_L2C PREFETCH     ACCESS:    1924475 HIT:    1164141 MISS:     760334 MSHR_MERGE:     227432
cpu0->cpu0_L2C WRITE        ACCESS:     760972 HIT:     760821 MISS:        151 MSHR_MERGE:          0
cpu0->cpu0_L2C TRANSLATION  ACCESS:       8703 HIT:       3274 MISS:       5429 MSHR_MERGE:          0
cpu0->cpu0_L2C PREFETCH REQUESTED:    1947432 ISSUED:    1924475 USEFUL:     288463 USELESS:     244337
cpu0->cpu0_L2C AVERAGE MISS LATENCY: 114.3 cycles
cpu0->cpu0_L1I TOTAL        ACCESS:    2039306 HIT:    2039306 MISS:          0 MSHR_MERGE:          0
cpu0->cpu0_L1I LOAD         ACCESS:    2039306 HIT:    2039306 MISS:          0 MSHR_MERGE:          0
cpu0->cpu0_L1I RFO          ACCESS:          0 HIT:          0 MISS:          0 MSHR_MERGE:          0
cpu0->cpu0_L1I PREFETCH     ACCESS:          0 HIT:          0 MISS:          0 MSHR_MERGE:          0
cpu0->cpu0_L1I WRITE        ACCESS:          0 HIT:          0 MISS:          0 MSHR_MERGE:          0
cpu0->cpu0_L1I TRANSLATION  ACCESS:          0 HIT:          0 MISS:          0 MSHR_MERGE:          0
cpu0->cpu0_L1I PREFETCH REQUESTED:          0 ISSUED:          0 USEFUL:          0 USELESS:          0
cpu0->cpu0_L1I AVERAGE MISS LATENCY: - cycles
cpu0->cpu0_L1D TOTAL        ACCESS:   14335350 HIT:   11285272 MISS:    3050078 MSHR_MERGE:     505286
cpu0->cpu0_L1D LOAD         ACCESS:   12865575 HIT:   10213225 MISS:    2652350 MSHR_MERGE:     388394
cpu0->cpu0_L1D RFO          ACCESS:          0 HIT:          0 MISS:          0 MSHR_MERGE:          0
cpu0->cpu0_L1D PREFETCH     ACCESS:          0 HIT:          0 MISS:          0 MSHR_MERGE:          0
cpu0->cpu0_L1D WRITE        ACCESS:    1446944 HIT:    1057977 MISS:     388967 MSHR_MERGE:     116834
cpu0->cpu0_L1D TRANSLATION  ACCESS:      22831 HIT:      14070 MISS:       8761 MSHR_MERGE:         58
cpu0->cpu0_L1D PREFETCH REQUESTED:          0 ISSUED:          0 USEFUL:          0 USELESS:          0
cpu0->cpu0_L1D AVERAGE MISS LATENCY: 50.4 cycles
cpu0->cpu0_ITLB TOTAL        ACCESS:    2036849 HIT:    2036849 MISS:          0 MSHR_MERGE:          0
cpu0->cpu0_ITLB LOAD         ACCESS:    2036849 HIT:    2036849 MISS:          0 MSHR_MERGE:          0
cpu0->cpu0_ITLB RFO          ACCESS:          0 HIT:          0 MISS:          0 MSHR_MERGE:          0
cpu0->cpu0_ITLB PREFETCH     ACCESS:          0 HIT:          0 MISS:          0 MSHR_MERGE:          0
cpu0->cpu0_ITLB WRITE        ACCESS:          0 HIT:          0 MISS:          0 MSHR_MERGE:          0
cpu0->cpu0_ITLB TRANSLATION  ACCESS:          0 HIT:          0 MISS:          0 MSHR_MERGE:          0
cpu0->cpu0_ITLB PREFETCH REQUESTED:          0 ISSUED:          0 USEFUL:          0 USELESS:          0
cpu0->cpu0_ITLB AVERAGE MISS LATENCY: - cycles
cpu0->cpu0_DTLB TOTAL        ACCESS:   14230819 HIT:   13045461 MISS:    1185358 MSHR_MERGE:     262351
cpu0->cpu0_DTLB LOAD         ACCESS:   14230819 HIT:   13045461 MISS:    1185358 MSHR_MERGE:     262351
cpu0->cpu0_DTLB RFO          ACCESS:          0 HIT:          0 MISS:          0 MSHR_MERGE:          0
cpu0->cpu0_DTLB PREFETCH     ACCESS:          0 HIT:          0 MISS:          0 MSHR_MERGE:          0
cpu0->cpu0_DTLB WRITE        ACCESS:          0 HIT:          0 MISS:          0 MSHR_MERGE:          0
cpu0->cpu0_DTLB TRANSLATION  ACCESS:          0 HIT:          0 MISS:          0 MSHR_MERGE:          0
cpu0->cpu0_DTLB PREFETCH REQUESTED:          0 ISSUED:          0 USEFUL:          0 USELESS:          0
cpu0->cpu0_DTLB AVERAGE MISS LATENCY: 8.052 cycles
cpu0->LLC TOTAL        ACCESS:    1868019 HIT:     865796 MISS:    1002223 MSHR_MERGE:          0
cpu0->LLC LOAD         ACCESS:     847333 HIT:     542869 MISS:     304464 MSHR_MERGE:          0
cpu0->LLC RFO          ACCESS:      54002 HIT:       2841 MISS:      51161 MSHR_MERGE:          0
cpu0->LLC PREFETCH     ACCESS:     532902 HIT:      74230 MISS:     458672 MSHR_MERGE:          0
cpu0->LLC WRITE        ACCESS:     428353 HIT:     245469 MISS:     182884 MSHR_MERGE:          0
cpu0->LLC TRANSLATION  ACCESS:       5429 HIT:        387 MISS:       5042 MSHR_MERGE:          0
cpu0->LLC PREFETCH REQUESTED:          0 ISSUED:          0 USEFUL:          0 USELESS:          0
cpu0->LLC AVERAGE MISS LATENCY: 157.9 cycles

DRAM Statistics

Channel 0 RQ ROW_BUFFER_HIT:      26811
  ROW_BUFFER_MISS:     792398
  AVG DBUS CONGESTED CYCLE: 31.66
Channel 0 WQ ROW_BUFFER_HIT:      56192
  ROW_BUFFER_MISS:     159423
  FULL:          0
Channel 0 REFRESHES ISSUED:       7607


--- STDERR ---



=== TRACE: traces/GAP/cc-5.trace.gz ===
COMMAND: ./bin/1C.fullBW.ghb_pccs --warmup-instructions=10000000 --simulation-instructions=50000000 traces/GAP/cc-5.trace.gz
RETURNCODE: 0

--- STDOUT ---
[VMEM] WARNING: physical memory size is smaller than virtual memory size.

*** ChampSim Multicore Out-of-Order Simulator ***
Warmup Instructions: 10000000
Simulation Instructions: 50000000
Number of CPUs: 1
Page size: 4096
Core 0: traces/GAP/cc-5.trace.gz
Off-chip DRAM Size: 64 GiB Channels: 1 Width: 64-bit Data Rate: 4807 MT/s
Heartbeat CPU 0 instructions: 500004 cycles: 151360 heartbeat IPC: 3.303 cumulative IPC: 3.303 (Simulation time: 00 hr 00 min 02 sec)
Heartbeat CPU 0 instructions: 1000005 cycles: 299075 heartbeat IPC: 3.385 cumulative IPC: 3.344 (Simulation time: 00 hr 00 min 03 sec)
Heartbeat CPU 0 instructions: 1500005 cycles: 446636 heartbeat IPC: 3.388 cumulative IPC: 3.358 (Simulation time: 00 hr 00 min 04 sec)
Heartbeat CPU 0 instructions: 2000010 cycles: 556938 heartbeat IPC: 4.533 cumulative IPC: 3.591 (Simulation time: 00 hr 00 min 05 sec)
Heartbeat CPU 0 instructions: 2500010 cycles: 659895 heartbeat IPC: 4.856 cumulative IPC: 3.788 (Simulation time: 00 hr 00 min 06 sec)
Heartbeat CPU 0 instructions: 3000013 cycles: 762976 heartbeat IPC: 4.851 cumulative IPC: 3.932 (Simulation time: 00 hr 00 min 08 sec)
Heartbeat CPU 0 instructions: 3500018 cycles: 866374 heartbeat IPC: 4.836 cumulative IPC: 4.04 (Simulation time: 00 hr 00 min 09 sec)
Heartbeat CPU 0 instructions: 4000023 cycles: 969398 heartbeat IPC: 4.853 cumulative IPC: 4.126 (Simulation time: 00 hr 00 min 10 sec)
Heartbeat CPU 0 instructions: 4500025 cycles: 1072631 heartbeat IPC: 4.843 cumulative IPC: 4.195 (Simulation time: 00 hr 00 min 11 sec)
Heartbeat CPU 0 instructions: 5000028 cycles: 1175867 heartbeat IPC: 4.843 cumulative IPC: 4.252 (Simulation time: 00 hr 00 min 12 sec)
Heartbeat CPU 0 instructions: 5500030 cycles: 1279291 heartbeat IPC: 4.834 cumulative IPC: 4.299 (Simulation time: 00 hr 00 min 13 sec)
Heartbeat CPU 0 instructions: 6000033 cycles: 1382626 heartbeat IPC: 4.839 cumulative IPC: 4.34 (Simulation time: 00 hr 00 min 15 sec)
Heartbeat CPU 0 instructions: 6500034 cycles: 1485995 heartbeat IPC: 4.837 cumulative IPC: 4.374 (Simulation time: 00 hr 00 min 16 sec)
Heartbeat CPU 0 instructions: 7000039 cycles: 1589316 heartbeat IPC: 4.839 cumulative IPC: 4.404 (Simulation time: 00 hr 00 min 17 sec)
Heartbeat CPU 0 instructions: 7500041 cycles: 1692767 heartbeat IPC: 4.833 cumulative IPC: 4.431 (Simulation time: 00 hr 00 min 18 sec)
Heartbeat CPU 0 instructions: 8000042 cycles: 1796113 heartbeat IPC: 4.838 cumulative IPC: 4.454 (Simulation time: 00 hr 00 min 19 sec)
Heartbeat CPU 0 instructions: 8500046 cycles: 1899451 heartbeat IPC: 4.839 cumulative IPC: 4.475 (Simulation time: 00 hr 00 min 21 sec)
Heartbeat CPU 0 instructions: 9000047 cycles: 2002907 heartbeat IPC: 4.833 cumulative IPC: 4.493 (Simulation time: 00 hr 00 min 22 sec)
Heartbeat CPU 0 instructions: 9500052 cycles: 2106339 heartbeat IPC: 4.834 cumulative IPC: 4.51 (Simulation time: 00 hr 00 min 23 sec)
Warmup finished CPU 0 instructions: 10000003 cycles: 2209669 cumulative IPC: 4.526 (Simulation time: 00 hr 00 min 24 sec)
Warmup complete CPU 0 instructions: 10000003 cycles: 2209669 cumulative IPC: 4.526 (Simulation time: 00 hr 00 min 24 sec)
Heartbeat CPU 0 instructions: 10000057 cycles: 2209707 heartbeat IPC: 4.837 cumulative IPC: 1.421 (Simulation time: 00 hr 00 min 24 sec)
Heartbeat CPU 0 instructions: 10500059 cycles: 3286261 heartbeat IPC: 0.4644 cumulative IPC: 0.4645 (Simulation time: 00 hr 00 min 29 sec)
Heartbeat CPU 0 instructions: 11000060 cycles: 4491924 heartbeat IPC: 0.4147 cumulative IPC: 0.4382 (Simulation time: 00 hr 00 min 34 sec)
Heartbeat CPU 0 instructions: 11500061 cycles: 5571070 heartbeat IPC: 0.4633 cumulative IPC: 0.4463 (Simulation time: 00 hr 00 min 39 sec)
Heartbeat CPU 0 instructions: 12000061 cycles: 6686141 heartbeat IPC: 0.4484 cumulative IPC: 0.4468 (Simulation time: 00 hr 00 min 43 sec)
Heartbeat CPU 0 instructions: 12500062 cycles: 7734970 heartbeat IPC: 0.4767 cumulative IPC: 0.4525 (Simulation time: 00 hr 00 min 48 sec)
Heartbeat CPU 0 instructions: 13000062 cycles: 8867477 heartbeat IPC: 0.4415 cumulative IPC: 0.4506 (Simulation time: 00 hr 00 min 53 sec)
Heartbeat CPU 0 instructions: 13500063 cycles: 9809675 heartbeat IPC: 0.5307 cumulative IPC: 0.4605 (Simulation time: 00 hr 00 min 57 sec)
Heartbeat CPU 0 instructions: 14000063 cycles: 10760687 heartbeat IPC: 0.5258 cumulative IPC: 0.4678 (Simulation time: 00 hr 01 min 02 sec)
Heartbeat CPU 0 instructions: 14500064 cycles: 11670998 heartbeat IPC: 0.5493 cumulative IPC: 0.4756 (Simulation time: 00 hr 01 min 06 sec)
Heartbeat CPU 0 instructions: 15000065 cycles: 12623071 heartbeat IPC: 0.5252 cumulative IPC: 0.4802 (Simulation time: 00 hr 01 min 10 sec)
Heartbeat CPU 0 instructions: 15500071 cycles: 13614821 heartbeat IPC: 0.5042 cumulative IPC: 0.4822 (Simulation time: 00 hr 01 min 15 sec)
Heartbeat CPU 0 instructions: 16000076 cycles: 14571654 heartbeat IPC: 0.5226 cumulative IPC: 0.4854 (Simulation time: 00 hr 01 min 19 sec)
Heartbeat CPU 0 instructions: 16500076 cycles: 15555577 heartbeat IPC: 0.5082 cumulative IPC: 0.487 (Simulation time: 00 hr 01 min 23 sec)
Heartbeat CPU 0 instructions: 17000077 cycles: 16575502 heartbeat IPC: 0.4902 cumulative IPC: 0.4873 (Simulation time: 00 hr 01 min 28 sec)
Heartbeat CPU 0 instructions: 17500077 cycles: 17522678 heartbeat IPC: 0.5279 cumulative IPC: 0.4898 (Simulation time: 00 hr 01 min 32 sec)
Heartbeat CPU 0 instructions: 18000080 cycles: 18442288 heartbeat IPC: 0.5437 cumulative IPC: 0.4928 (Simulation time: 00 hr 01 min 37 sec)
Heartbeat CPU 0 instructions: 18500083 cycles: 19459955 heartbeat IPC: 0.4913 cumulative IPC: 0.4928 (Simulation time: 00 hr 01 min 41 sec)
Heartbeat CPU 0 instructions: 19000083 cycles: 20363318 heartbeat IPC: 0.5535 cumulative IPC: 0.4958 (Simulation time: 00 hr 01 min 46 sec)
Heartbeat CPU 0 instructions: 19500084 cycles: 21308278 heartbeat IPC: 0.5291 cumulative IPC: 0.4974 (Simulation time: 00 hr 01 min 51 sec)
Heartbeat CPU 0 instructions: 20000085 cycles: 22263953 heartbeat IPC: 0.5232 cumulative IPC: 0.4987 (Simulation time: 00 hr 01 min 55 sec)
Heartbeat CPU 0 instructions: 20500086 cycles: 23230942 heartbeat IPC: 0.5171 cumulative IPC: 0.4995 (Simulation time: 00 hr 02 min 00 sec)
Heartbeat CPU 0 instructions: 21000086 cycles: 24200745 heartbeat IPC: 0.5156 cumulative IPC: 0.5002 (Simulation time: 00 hr 02 min 04 sec)
Heartbeat CPU 0 instructions: 21500087 cycles: 25168245 heartbeat IPC: 0.5168 cumulative IPC: 0.5009 (Simulation time: 00 hr 02 min 09 sec)
Heartbeat CPU 0 instructions: 22000087 cycles: 26141866 heartbeat IPC: 0.5135 cumulative IPC: 0.5014 (Simulation time: 00 hr 02 min 14 sec)
Heartbeat CPU 0 instructions: 22500089 cycles: 27140126 heartbeat IPC: 0.5009 cumulative IPC: 0.5014 (Simulation time: 00 hr 02 min 18 sec)
Heartbeat CPU 0 instructions: 23000091 cycles: 28099576 heartbeat IPC: 0.5211 cumulative IPC: 0.5021 (Simulation time: 00 hr 02 min 22 sec)
Heartbeat CPU 0 instructions: 23500091 cycles: 29053972 heartbeat IPC: 0.5239 cumulative IPC: 0.5029 (Simulation time: 00 hr 02 min 27 sec)
Heartbeat CPU 0 instructions: 24000094 cycles: 30028571 heartbeat IPC: 0.513 cumulative IPC: 0.5033 (Simulation time: 00 hr 02 min 31 sec)
Heartbeat CPU 0 instructions: 24500094 cycles: 30973519 heartbeat IPC: 0.5291 cumulative IPC: 0.5041 (Simulation time: 00 hr 02 min 35 sec)
Heartbeat CPU 0 instructions: 25000098 cycles: 31864747 heartbeat IPC: 0.561 cumulative IPC: 0.5058 (Simulation time: 00 hr 02 min 40 sec)
Heartbeat CPU 0 instructions: 25500103 cycles: 32794550 heartbeat IPC: 0.5378 cumulative IPC: 0.5068 (Simulation time: 00 hr 02 min 44 sec)
Heartbeat CPU 0 instructions: 26000107 cycles: 33755559 heartbeat IPC: 0.5203 cumulative IPC: 0.5072 (Simulation time: 00 hr 02 min 48 sec)
Heartbeat CPU 0 instructions: 26500110 cycles: 34689583 heartbeat IPC: 0.5353 cumulative IPC: 0.508 (Simulation time: 00 hr 02 min 53 sec)
Heartbeat CPU 0 instructions: 27000110 cycles: 35585377 heartbeat IPC: 0.5582 cumulative IPC: 0.5094 (Simulation time: 00 hr 02 min 57 sec)
Heartbeat CPU 0 instructions: 27500110 cycles: 36496744 heartbeat IPC: 0.5486 cumulative IPC: 0.5104 (Simulation time: 00 hr 03 min 02 sec)
Heartbeat CPU 0 instructions: 28000112 cycles: 37435343 heartbeat IPC: 0.5327 cumulative IPC: 0.511 (Simulation time: 00 hr 03 min 06 sec)
Heartbeat CPU 0 instructions: 28500112 cycles: 38371010 heartbeat IPC: 0.5344 cumulative IPC: 0.5116 (Simulation time: 00 hr 03 min 10 sec)
Heartbeat CPU 0 instructions: 29000116 cycles: 39289776 heartbeat IPC: 0.5442 cumulative IPC: 0.5124 (Simulation time: 00 hr 03 min 15 sec)
Heartbeat CPU 0 instructions: 29500116 cycles: 40184303 heartbeat IPC: 0.559 cumulative IPC: 0.5135 (Simulation time: 00 hr 03 min 19 sec)
Heartbeat CPU 0 instructions: 30000122 cycles: 41126576 heartbeat IPC: 0.5306 cumulative IPC: 0.5139 (Simulation time: 00 hr 03 min 23 sec)
Heartbeat CPU 0 instructions: 30500125 cycles: 42077329 heartbeat IPC: 0.5259 cumulative IPC: 0.5142 (Simulation time: 00 hr 03 min 27 sec)
Heartbeat CPU 0 instructions: 31000127 cycles: 42960309 heartbeat IPC: 0.5663 cumulative IPC: 0.5153 (Simulation time: 00 hr 03 min 31 sec)
Heartbeat CPU 0 instructions: 31500127 cycles: 44031207 heartbeat IPC: 0.4669 cumulative IPC: 0.5141 (Simulation time: 00 hr 03 min 36 sec)
Heartbeat CPU 0 instructions: 32000130 cycles: 44871102 heartbeat IPC: 0.5953 cumulative IPC: 0.5157 (Simulation time: 00 hr 03 min 40 sec)
Heartbeat CPU 0 instructions: 32500131 cycles: 45804924 heartbeat IPC: 0.5354 cumulative IPC: 0.5161 (Simulation time: 00 hr 03 min 44 sec)
Heartbeat CPU 0 instructions: 33000134 cycles: 46703465 heartbeat IPC: 0.5565 cumulative IPC: 0.5169 (Simulation time: 00 hr 03 min 49 sec)
Heartbeat CPU 0 instructions: 33500134 cycles: 47651087 heartbeat IPC: 0.5276 cumulative IPC: 0.5172 (Simulation time: 00 hr 03 min 53 sec)
Heartbeat CPU 0 instructions: 34000135 cycles: 48539845 heartbeat IPC: 0.5626 cumulative IPC: 0.518 (Simulation time: 00 hr 03 min 57 sec)
Heartbeat CPU 0 instructions: 34500135 cycles: 49481478 heartbeat IPC: 0.531 cumulative IPC: 0.5183 (Simulation time: 00 hr 04 min 01 sec)
Heartbeat CPU 0 instructions: 35000139 cycles: 50418332 heartbeat IPC: 0.5337 cumulative IPC: 0.5186 (Simulation time: 00 hr 04 min 06 sec)
Heartbeat CPU 0 instructions: 35500140 cycles: 51248851 heartbeat IPC: 0.602 cumulative IPC: 0.52 (Simulation time: 00 hr 04 min 10 sec)
Heartbeat CPU 0 instructions: 36000140 cycles: 52300589 heartbeat IPC: 0.4754 cumulative IPC: 0.5191 (Simulation time: 00 hr 04 min 15 sec)
Heartbeat CPU 0 instructions: 36500144 cycles: 53349399 heartbeat IPC: 0.4767 cumulative IPC: 0.5182 (Simulation time: 00 hr 04 min 20 sec)
Heartbeat CPU 0 instructions: 37000144 cycles: 54391005 heartbeat IPC: 0.48 cumulative IPC: 0.5174 (Simulation time: 00 hr 04 min 24 sec)
Heartbeat CPU 0 instructions: 37500145 cycles: 55355678 heartbeat IPC: 0.5183 cumulative IPC: 0.5174 (Simulation time: 00 hr 04 min 29 sec)
Heartbeat CPU 0 instructions: 38000146 cycles: 56217154 heartbeat IPC: 0.5804 cumulative IPC: 0.5184 (Simulation time: 00 hr 04 min 33 sec)
Heartbeat CPU 0 instructions: 38500146 cycles: 57151101 heartbeat IPC: 0.5354 cumulative IPC: 0.5187 (Simulation time: 00 hr 04 min 37 sec)
Heartbeat CPU 0 instructions: 39000146 cycles: 58152579 heartbeat IPC: 0.4993 cumulative IPC: 0.5184 (Simulation time: 00 hr 04 min 42 sec)
Heartbeat CPU 0 instructions: 39500150 cycles: 59076297 heartbeat IPC: 0.5413 cumulative IPC: 0.5188 (Simulation time: 00 hr 04 min 46 sec)
Heartbeat CPU 0 instructions: 40000151 cycles: 59985985 heartbeat IPC: 0.5496 cumulative IPC: 0.5192 (Simulation time: 00 hr 04 min 50 sec)
Heartbeat CPU 0 instructions: 40500153 cycles: 60929970 heartbeat IPC: 0.5297 cumulative IPC: 0.5194 (Simulation time: 00 hr 04 min 54 sec)
Heartbeat CPU 0 instructions: 41000153 cycles: 61945875 heartbeat IPC: 0.4922 cumulative IPC: 0.519 (Simulation time: 00 hr 04 min 59 sec)
Heartbeat CPU 0 instructions: 41500158 cycles: 62828391 heartbeat IPC: 0.5666 cumulative IPC: 0.5196 (Simulation time: 00 hr 05 min 03 sec)
Heartbeat CPU 0 instructions: 42000158 cycles: 63705164 heartbeat IPC: 0.5703 cumulative IPC: 0.5204 (Simulation time: 00 hr 05 min 07 sec)
Heartbeat CPU 0 instructions: 42500159 cycles: 64634890 heartbeat IPC: 0.5378 cumulative IPC: 0.5206 (Simulation time: 00 hr 05 min 11 sec)
Heartbeat CPU 0 instructions: 43000160 cycles: 65506287 heartbeat IPC: 0.5738 cumulative IPC: 0.5214 (Simulation time: 00 hr 05 min 16 sec)
Heartbeat CPU 0 instructions: 43500164 cycles: 66437777 heartbeat IPC: 0.5368 cumulative IPC: 0.5216 (Simulation time: 00 hr 05 min 20 sec)
Heartbeat CPU 0 instructions: 44000166 cycles: 67392172 heartbeat IPC: 0.5239 cumulative IPC: 0.5216 (Simulation time: 00 hr 05 min 24 sec)
Heartbeat CPU 0 instructions: 44500166 cycles: 68266540 heartbeat IPC: 0.5718 cumulative IPC: 0.5223 (Simulation time: 00 hr 05 min 29 sec)
Heartbeat CPU 0 instructions: 45000166 cycles: 69106558 heartbeat IPC: 0.5952 cumulative IPC: 0.5232 (Simulation time: 00 hr 05 min 33 sec)
Heartbeat CPU 0 instructions: 45500169 cycles: 69976224 heartbeat IPC: 0.5749 cumulative IPC: 0.5239 (Simulation time: 00 hr 05 min 37 sec)
Heartbeat CPU 0 instructions: 46000173 cycles: 70831192 heartbeat IPC: 0.5848 cumulative IPC: 0.5246 (Simulation time: 00 hr 05 min 41 sec)
Heartbeat CPU 0 instructions: 46500174 cycles: 71757659 heartbeat IPC: 0.5397 cumulative IPC: 0.5248 (Simulation time: 00 hr 05 min 46 sec)
Heartbeat CPU 0 instructions: 47000175 cycles: 72708806 heartbeat IPC: 0.5257 cumulative IPC: 0.5248 (Simulation time: 00 hr 05 min 50 sec)
Heartbeat CPU 0 instructions: 47500175 cycles: 73636814 heartbeat IPC: 0.5388 cumulative IPC: 0.525 (Simulation time: 00 hr 05 min 54 sec)
Heartbeat CPU 0 instructions: 48000177 cycles: 74506009 heartbeat IPC: 0.5752 cumulative IPC: 0.5256 (Simulation time: 00 hr 05 min 58 sec)
Heartbeat CPU 0 instructions: 48500179 cycles: 75426321 heartbeat IPC: 0.5433 cumulative IPC: 0.5258 (Simulation time: 00 hr 06 min 02 sec)
Heartbeat CPU 0 instructions: 49000179 cycles: 76364789 heartbeat IPC: 0.5328 cumulative IPC: 0.5259 (Simulation time: 00 hr 06 min 06 sec)
Heartbeat CPU 0 instructions: 49500180 cycles: 77266834 heartbeat IPC: 0.5543 cumulative IPC: 0.5263 (Simulation time: 00 hr 06 min 10 sec)
Heartbeat CPU 0 instructions: 50000180 cycles: 78080233 heartbeat IPC: 0.6147 cumulative IPC: 0.5272 (Simulation time: 00 hr 06 min 14 sec)
Heartbeat CPU 0 instructions: 50500184 cycles: 79051421 heartbeat IPC: 0.5148 cumulative IPC: 0.5271 (Simulation time: 00 hr 06 min 18 sec)
Heartbeat CPU 0 instructions: 51000186 cycles: 79870937 heartbeat IPC: 0.6101 cumulative IPC: 0.5279 (Simulation time: 00 hr 06 min 22 sec)
Heartbeat CPU 0 instructions: 51500191 cycles: 80831465 heartbeat IPC: 0.5206 cumulative IPC: 0.5278 (Simulation time: 00 hr 06 min 27 sec)
Heartbeat CPU 0 instructions: 52000191 cycles: 81672962 heartbeat IPC: 0.5942 cumulative IPC: 0.5285 (Simulation time: 00 hr 06 min 31 sec)
Heartbeat CPU 0 instructions: 52500193 cycles: 82617284 heartbeat IPC: 0.5295 cumulative IPC: 0.5286 (Simulation time: 00 hr 06 min 35 sec)
Heartbeat CPU 0 instructions: 53000195 cycles: 83570153 heartbeat IPC: 0.5247 cumulative IPC: 0.5285 (Simulation time: 00 hr 06 min 39 sec)
Heartbeat CPU 0 instructions: 53500196 cycles: 84494555 heartbeat IPC: 0.5409 cumulative IPC: 0.5287 (Simulation time: 00 hr 06 min 43 sec)
Heartbeat CPU 0 instructions: 54000196 cycles: 85388329 heartbeat IPC: 0.5594 cumulative IPC: 0.529 (Simulation time: 00 hr 06 min 47 sec)
Heartbeat CPU 0 instructions: 54500197 cycles: 86384758 heartbeat IPC: 0.5018 cumulative IPC: 0.5287 (Simulation time: 00 hr 06 min 51 sec)
Heartbeat CPU 0 instructions: 55000201 cycles: 87374492 heartbeat IPC: 0.5052 cumulative IPC: 0.5284 (Simulation time: 00 hr 06 min 55 sec)
Heartbeat CPU 0 instructions: 55500201 cycles: 88320004 heartbeat IPC: 0.5288 cumulative IPC: 0.5284 (Simulation time: 00 hr 06 min 59 sec)
Heartbeat CPU 0 instructions: 56000201 cycles: 89172382 heartbeat IPC: 0.5866 cumulative IPC: 0.529 (Simulation time: 00 hr 07 min 02 sec)
Heartbeat CPU 0 instructions: 56500202 cycles: 90036776 heartbeat IPC: 0.5784 cumulative IPC: 0.5295 (Simulation time: 00 hr 07 min 06 sec)
Heartbeat CPU 0 instructions: 57000203 cycles: 90951768 heartbeat IPC: 0.5465 cumulative IPC: 0.5296 (Simulation time: 00 hr 07 min 10 sec)
Heartbeat CPU 0 instructions: 57500208 cycles: 91857840 heartbeat IPC: 0.5518 cumulative IPC: 0.5299 (Simulation time: 00 hr 07 min 14 sec)
Heartbeat CPU 0 instructions: 58000209 cycles: 92705131 heartbeat IPC: 0.5901 cumulative IPC: 0.5304 (Simulation time: 00 hr 07 min 18 sec)
Heartbeat CPU 0 instructions: 58500211 cycles: 93604398 heartbeat IPC: 0.556 cumulative IPC: 0.5307 (Simulation time: 00 hr 07 min 22 sec)
Heartbeat CPU 0 instructions: 59000216 cycles: 94517718 heartbeat IPC: 0.5475 cumulative IPC: 0.5308 (Simulation time: 00 hr 07 min 26 sec)
Heartbeat CPU 0 instructions: 59500218 cycles: 95366697 heartbeat IPC: 0.5889 cumulative IPC: 0.5314 (Simulation time: 00 hr 07 min 29 sec)
Simulation finished CPU 0 instructions: 50000000 cycles: 94015957 cumulative IPC: 0.5318 (Simulation time: 00 hr 07 min 33 sec)
Simulation complete CPU 0 instructions: 50000000 cycles: 94015957 cumulative IPC: 0.5318 (Simulation time: 00 hr 07 min 33 sec)

ChampSim completed all CPUs

=== Simulation ===
CPU 0 runs traces/GAP/cc-5.trace.gz

Region of Interest Statistics

CPU 0 cumulative IPC: 0.5318 instructions: 50000000 cycles: 94015957
CPU 0 Branch Prediction Accuracy: 93.05% MPKI: 13.72 Average ROB Occupancy at Mispredict: 46.55
Branch type MPKI
BRANCH_DIRECT_JUMP: 0
BRANCH_INDIRECT: 0
BRANCH_CONDITIONAL: 13.72
BRANCH_DIRECT_CALL: 0
BRANCH_INDIRECT_CALL: 0
BRANCH_RETURN: 0

cpu0->cpu0_STLB TOTAL        ACCESS:    2309224 HIT:    2305747 MISS:       3477 MSHR_MERGE:          0
cpu0->cpu0_STLB LOAD         ACCESS:    2309224 HIT:    2305747 MISS:       3477 MSHR_MERGE:          0
cpu0->cpu0_STLB RFO          ACCESS:          0 HIT:          0 MISS:          0 MSHR_MERGE:          0
cpu0->cpu0_STLB PREFETCH     ACCESS:          0 HIT:          0 MISS:          0 MSHR_MERGE:          0
cpu0->cpu0_STLB WRITE        ACCESS:          0 HIT:          0 MISS:          0 MSHR_MERGE:          0
cpu0->cpu0_STLB TRANSLATION  ACCESS:          0 HIT:          0 MISS:          0 MSHR_MERGE:          0
cpu0->cpu0_STLB PREFETCH REQUESTED:          0 ISSUED:          0 USEFUL:          0 USELESS:          0
cpu0->cpu0_STLB AVERAGE MISS LATENCY: 249.2 cycles
cpu0->cpu0_L2C TOTAL        ACCESS:    5205068 HIT:    3848108 MISS:    1356960 MSHR_MERGE:      62783
cpu0->cpu0_L2C LOAD         ACCESS:    3564347 HIT:    2619261 MISS:     945086 MSHR_MERGE:       1956
cpu0->cpu0_L2C RFO          ACCESS:          0 HIT:          0 MISS:          0 MSHR_MERGE:          0
cpu0->cpu0_L2C PREFETCH     ACCESS:    1432167 HIT:    1020741 MISS:     411426 MSHR_MERGE:      60827
cpu0->cpu0_L2C WRITE        ACCESS:     205235 HIT:     205232 MISS:          3 MSHR_MERGE:          0
cpu0->cpu0_L2C TRANSLATION  ACCESS:       3319 HIT:       2874 MISS:        445 MSHR_MERGE:          0
cpu0->cpu0_L2C PREFETCH REQUESTED:    1433502 ISSUED:    1432173 USEFUL:     218589 USELESS:     132612
cpu0->cpu0_L2C AVERAGE MISS LATENCY: 86.48 cycles
cpu0->cpu0_L1I TOTAL        ACCESS:     101236 HIT:     101236 MISS:          0 MSHR_MERGE:          0
cpu0->cpu0_L1I LOAD         ACCESS:     101236 HIT:     101236 MISS:          0 MSHR_MERGE:          0
cpu0->cpu0_L1I RFO          ACCESS:          0 HIT:          0 MISS:          0 MSHR_MERGE:          0
cpu0->cpu0_L1I PREFETCH     ACCESS:          0 HIT:          0 MISS:          0 MSHR_MERGE:          0
cpu0->cpu0_L1I WRITE        ACCESS:          0 HIT:          0 MISS:          0 MSHR_MERGE:          0
cpu0->cpu0_L1I TRANSLATION  ACCESS:          0 HIT:          0 MISS:          0 MSHR_MERGE:          0
cpu0->cpu0_L1I PREFETCH REQUESTED:          0 ISSUED:          0 USEFUL:          0 USELESS:          0
cpu0->cpu0_L1I AVERAGE MISS LATENCY: - cycles
cpu0->cpu0_L1D TOTAL        ACCESS:   12795281 HIT:    8825333 MISS:    3969948 MSHR_MERGE:     402280
cpu0->cpu0_L1D LOAD         ACCESS:   12550070 HIT:    8583441 MISS:    3966629 MSHR_MERGE:     402280
cpu0->cpu0_L1D RFO          ACCESS:          0 HIT:          0 MISS:          0 MSHR_MERGE:          0
cpu0->cpu0_L1D PREFETCH     ACCESS:          0 HIT:          0 MISS:          0 MSHR_MERGE:          0
cpu0->cpu0_L1D WRITE        ACCESS:     238250 HIT:     238250 MISS:          0 MSHR_MERGE:          0
cpu0->cpu0_L1D TRANSLATION  ACCESS:       6961 HIT:       3642 MISS:       3319 MSHR_MERGE:          0
cpu0->cpu0_L1D PREFETCH REQUESTED:          0 ISSUED:          0 USEFUL:          0 USELESS:          0
cpu0->cpu0_L1D AVERAGE MISS LATENCY: 31.33 cycles
cpu0->cpu0_ITLB TOTAL        ACCESS:      96974 HIT:      96974 MISS:          0 MSHR_MERGE:          0
cpu0->cpu0_ITLB LOAD         ACCESS:      96974 HIT:      96974 MISS:          0 MSHR_MERGE:          0
cpu0->cpu0_ITLB RFO          ACCESS:          0 HIT:          0 MISS:          0 MSHR_MERGE:          0
cpu0->cpu0_ITLB PREFETCH     ACCESS:          0 HIT:          0 MISS:          0 MSHR_MERGE:          0
cpu0->cpu0_ITLB WRITE        ACCESS:          0 HIT:          0 MISS:          0 MSHR_MERGE:          0
cpu0->cpu0_ITLB TRANSLATION  ACCESS:          0 HIT:          0 MISS:          0 MSHR_MERGE:          0
cpu0->cpu0_ITLB PREFETCH REQUESTED:          0 ISSUED:          0 USEFUL:          0 USELESS:          0
cpu0->cpu0_ITLB AVERAGE MISS LATENCY: - cycles
cpu0->cpu0_DTLB TOTAL        ACCESS:   12787838 HIT:   10059348 MISS:    2728490 MSHR_MERGE:     419266
cpu0->cpu0_DTLB LOAD         ACCESS:   12787838 HIT:   10059348 MISS:    2728490 MSHR_MERGE:     419266
cpu0->cpu0_DTLB RFO          ACCESS:          0 HIT:          0 MISS:          0 MSHR_MERGE:          0
cpu0->cpu0_DTLB PREFETCH     ACCESS:          0 HIT:          0 MISS:          0 MSHR_MERGE:          0
cpu0->cpu0_DTLB WRITE        ACCESS:          0 HIT:          0 MISS:          0 MSHR_MERGE:          0
cpu0->cpu0_DTLB TRANSLATION  ACCESS:          0 HIT:          0 MISS:          0 MSHR_MERGE:          0
cpu0->cpu0_DTLB PREFETCH REQUESTED:          0 ISSUED:          0 USEFUL:          0 USELESS:          0
cpu0->cpu0_DTLB AVERAGE MISS LATENCY: 5.385 cycles
cpu0->LLC TOTAL        ACCESS:    1487231 HIT:     832652 MISS:     654579 MSHR_MERGE:          0
cpu0->LLC LOAD         ACCESS:     943126 HIT:     667245 MISS:     275881 MSHR_MERGE:          0
cpu0->LLC RFO          ACCESS:          0 HIT:          0 MISS:          0 MSHR_MERGE:          0
cpu0->LLC PREFETCH     ACCESS:     350599 HIT:      33087 MISS:     317512 MSHR_MERGE:          0
cpu0->LLC WRITE        ACCESS:     193061 HIT:     132320 MISS:      60741 MSHR_MERGE:          0
cpu0->LLC TRANSLATION  ACCESS:        445 HIT:          0 MISS:        445 MSHR_MERGE:          0
cpu0->LLC PREFETCH REQUESTED:          0 ISSUED:          0 USEFUL:          0 USELESS:          0
cpu0->LLC AVERAGE MISS LATENCY: 182.7 cycles

DRAM Statistics

Channel 0 RQ ROW_BUFFER_HIT:       7994
  ROW_BUFFER_MISS:     585787
  AVG DBUS CONGESTED CYCLE: 29.85
Channel 0 WQ ROW_BUFFER_HIT:      18954
  ROW_BUFFER_MISS:      61598
  FULL:          0
Channel 0 REFRESHES ISSUED:       7834


--- STDERR ---



=== TRACE: traces/GAP/cc-14.trace.gz ===
COMMAND: ./bin/1C.fullBW.ghb_pccs --warmup-instructions=10000000 --simulation-instructions=50000000 traces/GAP/cc-14.trace.gz
RETURNCODE: 0

--- STDOUT ---
[VMEM] WARNING: physical memory size is smaller than virtual memory size.

*** ChampSim Multicore Out-of-Order Simulator ***
Warmup Instructions: 10000000
Simulation Instructions: 50000000
Number of CPUs: 1
Page size: 4096
Core 0: traces/GAP/cc-14.trace.gz
Off-chip DRAM Size: 64 GiB Channels: 1 Width: 64-bit Data Rate: 4807 MT/s
Heartbeat CPU 0 instructions: 500004 cycles: 151570 heartbeat IPC: 3.299 cumulative IPC: 3.299 (Simulation time: 00 hr 00 min 02 sec)
Heartbeat CPU 0 instructions: 1000005 cycles: 299495 heartbeat IPC: 3.38 cumulative IPC: 3.339 (Simulation time: 00 hr 00 min 03 sec)
Heartbeat CPU 0 instructions: 1500005 cycles: 447062 heartbeat IPC: 3.388 cumulative IPC: 3.355 (Simulation time: 00 hr 00 min 04 sec)
Heartbeat CPU 0 instructions: 2000009 cycles: 557085 heartbeat IPC: 4.545 cumulative IPC: 3.59 (Simulation time: 00 hr 00 min 05 sec)
Heartbeat CPU 0 instructions: 2500011 cycles: 660104 heartbeat IPC: 4.853 cumulative IPC: 3.787 (Simulation time: 00 hr 00 min 06 sec)
Heartbeat CPU 0 instructions: 3000012 cycles: 763339 heartbeat IPC: 4.843 cumulative IPC: 3.93 (Simulation time: 00 hr 00 min 07 sec)
Heartbeat CPU 0 instructions: 3500014 cycles: 866643 heartbeat IPC: 4.84 cumulative IPC: 4.039 (Simulation time: 00 hr 00 min 09 sec)
Heartbeat CPU 0 instructions: 4000020 cycles: 969856 heartbeat IPC: 4.844 cumulative IPC: 4.124 (Simulation time: 00 hr 00 min 10 sec)
Heartbeat CPU 0 instructions: 4500024 cycles: 1073163 heartbeat IPC: 4.84 cumulative IPC: 4.193 (Simulation time: 00 hr 00 min 11 sec)
Heartbeat CPU 0 instructions: 5000030 cycles: 1176705 heartbeat IPC: 4.829 cumulative IPC: 4.249 (Simulation time: 00 hr 00 min 12 sec)
Heartbeat CPU 0 instructions: 5500034 cycles: 1280136 heartbeat IPC: 4.834 cumulative IPC: 4.296 (Simulation time: 00 hr 00 min 13 sec)
Heartbeat CPU 0 instructions: 6000041 cycles: 1383377 heartbeat IPC: 4.843 cumulative IPC: 4.337 (Simulation time: 00 hr 00 min 14 sec)
Heartbeat CPU 0 instructions: 6500042 cycles: 1486822 heartbeat IPC: 4.833 cumulative IPC: 4.372 (Simulation time: 00 hr 00 min 16 sec)
Heartbeat CPU 0 instructions: 7000043 cycles: 1590254 heartbeat IPC: 4.834 cumulative IPC: 4.402 (Simulation time: 00 hr 00 min 17 sec)
Heartbeat CPU 0 instructions: 7500047 cycles: 1693367 heartbeat IPC: 4.849 cumulative IPC: 4.429 (Simulation time: 00 hr 00 min 18 sec)
Heartbeat CPU 0 instructions: 8000049 cycles: 1796790 heartbeat IPC: 4.835 cumulative IPC: 4.452 (Simulation time: 00 hr 00 min 19 sec)
Heartbeat CPU 0 instructions: 8500052 cycles: 1900237 heartbeat IPC: 4.833 cumulative IPC: 4.473 (Simulation time: 00 hr 00 min 20 sec)
Heartbeat CPU 0 instructions: 9000055 cycles: 2003693 heartbeat IPC: 4.833 cumulative IPC: 4.492 (Simulation time: 00 hr 00 min 22 sec)
Heartbeat CPU 0 instructions: 9500057 cycles: 2107007 heartbeat IPC: 4.84 cumulative IPC: 4.509 (Simulation time: 00 hr 00 min 23 sec)
Warmup finished CPU 0 instructions: 10000005 cycles: 2210340 cumulative IPC: 4.524 (Simulation time: 00 hr 00 min 24 sec)
Warmup complete CPU 0 instructions: 10000005 cycles: 2210340 cumulative IPC: 4.524 (Simulation time: 00 hr 00 min 24 sec)
Heartbeat CPU 0 instructions: 10000058 cycles: 2210381 heartbeat IPC: 4.837 cumulative IPC: 1.293 (Simulation time: 00 hr 00 min 24 sec)
Heartbeat CPU 0 instructions: 10500062 cycles: 3447057 heartbeat IPC: 0.4043 cumulative IPC: 0.4043 (Simulation time: 00 hr 00 min 30 sec)
Heartbeat CPU 0 instructions: 11000067 cycles: 4592815 heartbeat IPC: 0.4364 cumulative IPC: 0.4198 (Simulation time: 00 hr 00 min 35 sec)
Heartbeat CPU 0 instructions: 11500072 cycles: 5771931 heartbeat IPC: 0.4241 cumulative IPC: 0.4212 (Simulation time: 00 hr 00 min 39 sec)
Heartbeat CPU 0 instructions: 12000077 cycles: 6969137 heartbeat IPC: 0.4176 cumulative IPC: 0.4203 (Simulation time: 00 hr 00 min 44 sec)
Heartbeat CPU 0 instructions: 12500077 cycles: 8004816 heartbeat IPC: 0.4828 cumulative IPC: 0.4315 (Simulation time: 00 hr 00 min 49 sec)
Heartbeat CPU 0 instructions: 13000083 cycles: 9153052 heartbeat IPC: 0.4355 cumulative IPC: 0.4321 (Simulation time: 00 hr 00 min 53 sec)
Heartbeat CPU 0 instructions: 13500086 cycles: 10243046 heartbeat IPC: 0.4587 cumulative IPC: 0.4357 (Simulation time: 00 hr 00 min 58 sec)
Heartbeat CPU 0 instructions: 14000087 cycles: 11403739 heartbeat IPC: 0.4308 cumulative IPC: 0.4351 (Simulation time: 00 hr 01 min 03 sec)
Heartbeat CPU 0 instructions: 14500087 cycles: 12573050 heartbeat IPC: 0.4276 cumulative IPC: 0.4343 (Simulation time: 00 hr 01 min 08 sec)
Heartbeat CPU 0 instructions: 15000087 cycles: 13842259 heartbeat IPC: 0.3939 cumulative IPC: 0.4299 (Simulation time: 00 hr 01 min 14 sec)
Heartbeat CPU 0 instructions: 15500088 cycles: 15029012 heartbeat IPC: 0.4213 cumulative IPC: 0.4291 (Simulation time: 00 hr 01 min 19 sec)
Heartbeat CPU 0 instructions: 16000088 cycles: 16173891 heartbeat IPC: 0.4367 cumulative IPC: 0.4297 (Simulation time: 00 hr 01 min 24 sec)
Heartbeat CPU 0 instructions: 16500089 cycles: 17362974 heartbeat IPC: 0.4205 cumulative IPC: 0.429 (Simulation time: 00 hr 01 min 29 sec)
Heartbeat CPU 0 instructions: 17000094 cycles: 18529445 heartbeat IPC: 0.4286 cumulative IPC: 0.429 (Simulation time: 00 hr 01 min 34 sec)
Heartbeat CPU 0 instructions: 17500094 cycles: 19651211 heartbeat IPC: 0.4457 cumulative IPC: 0.43 (Simulation time: 00 hr 01 min 39 sec)
Heartbeat CPU 0 instructions: 18000096 cycles: 20793745 heartbeat IPC: 0.4376 cumulative IPC: 0.4305 (Simulation time: 00 hr 01 min 44 sec)
Heartbeat CPU 0 instructions: 18500096 cycles: 21887305 heartbeat IPC: 0.4572 cumulative IPC: 0.432 (Simulation time: 00 hr 01 min 49 sec)
Heartbeat CPU 0 instructions: 19000098 cycles: 22997075 heartbeat IPC: 0.4505 cumulative IPC: 0.433 (Simulation time: 00 hr 01 min 54 sec)
Heartbeat CPU 0 instructions: 19500099 cycles: 23987362 heartbeat IPC: 0.5049 cumulative IPC: 0.4362 (Simulation time: 00 hr 01 min 59 sec)
Heartbeat CPU 0 instructions: 20000099 cycles: 25036169 heartbeat IPC: 0.4767 cumulative IPC: 0.4381 (Simulation time: 00 hr 02 min 03 sec)
Heartbeat CPU 0 instructions: 20500100 cycles: 26052635 heartbeat IPC: 0.4919 cumulative IPC: 0.4404 (Simulation time: 00 hr 02 min 08 sec)
Heartbeat CPU 0 instructions: 21000101 cycles: 27225282 heartbeat IPC: 0.4264 cumulative IPC: 0.4397 (Simulation time: 00 hr 02 min 13 sec)
Heartbeat CPU 0 instructions: 21500101 cycles: 28384056 heartbeat IPC: 0.4315 cumulative IPC: 0.4394 (Simulation time: 00 hr 02 min 18 sec)
Heartbeat CPU 0 instructions: 22000104 cycles: 29455545 heartbeat IPC: 0.4666 cumulative IPC: 0.4404 (Simulation time: 00 hr 02 min 23 sec)
Heartbeat CPU 0 instructions: 22500104 cycles: 30526539 heartbeat IPC: 0.4669 cumulative IPC: 0.4414 (Simulation time: 00 hr 02 min 27 sec)
Heartbeat CPU 0 instructions: 23000106 cycles: 31585971 heartbeat IPC: 0.472 cumulative IPC: 0.4425 (Simulation time: 00 hr 02 min 32 sec)
Heartbeat CPU 0 instructions: 23500108 cycles: 32615124 heartbeat IPC: 0.4858 cumulative IPC: 0.444 (Simulation time: 00 hr 02 min 36 sec)
Heartbeat CPU 0 instructions: 24000114 cycles: 33617418 heartbeat IPC: 0.4989 cumulative IPC: 0.4458 (Simulation time: 00 hr 02 min 41 sec)
Heartbeat CPU 0 instructions: 24500114 cycles: 34626030 heartbeat IPC: 0.4957 cumulative IPC: 0.4473 (Simulation time: 00 hr 02 min 45 sec)
Heartbeat CPU 0 instructions: 25000120 cycles: 35592866 heartbeat IPC: 0.5172 cumulative IPC: 0.4493 (Simulation time: 00 hr 02 min 49 sec)
Heartbeat CPU 0 instructions: 25500120 cycles: 36608083 heartbeat IPC: 0.4925 cumulative IPC: 0.4506 (Simulation time: 00 hr 02 min 54 sec)
Heartbeat CPU 0 instructions: 26000124 cycles: 37735781 heartbeat IPC: 0.4434 cumulative IPC: 0.4504 (Simulation time: 00 hr 02 min 59 sec)
Heartbeat CPU 0 instructions: 26500130 cycles: 38928117 heartbeat IPC: 0.4193 cumulative IPC: 0.4494 (Simulation time: 00 hr 03 min 04 sec)
Heartbeat CPU 0 instructions: 27000130 cycles: 39948522 heartbeat IPC: 0.49 cumulative IPC: 0.4505 (Simulation time: 00 hr 03 min 09 sec)
Heartbeat CPU 0 instructions: 27500133 cycles: 41158507 heartbeat IPC: 0.4132 cumulative IPC: 0.4493 (Simulation time: 00 hr 03 min 14 sec)
Heartbeat CPU 0 instructions: 28000134 cycles: 42121081 heartbeat IPC: 0.5194 cumulative IPC: 0.451 (Simulation time: 00 hr 03 min 18 sec)
Heartbeat CPU 0 instructions: 28500135 cycles: 43050926 heartbeat IPC: 0.5377 cumulative IPC: 0.453 (Simulation time: 00 hr 03 min 22 sec)
Heartbeat CPU 0 instructions: 29000138 cycles: 44022385 heartbeat IPC: 0.5147 cumulative IPC: 0.4544 (Simulation time: 00 hr 03 min 26 sec)
Heartbeat CPU 0 instructions: 29500139 cycles: 45018879 heartbeat IPC: 0.5018 cumulative IPC: 0.4555 (Simulation time: 00 hr 03 min 31 sec)
Heartbeat CPU 0 instructions: 30000140 cycles: 46006516 heartbeat IPC: 0.5063 cumulative IPC: 0.4567 (Simulation time: 00 hr 03 min 35 sec)
Heartbeat CPU 0 instructions: 30500141 cycles: 47165270 heartbeat IPC: 0.4315 cumulative IPC: 0.456 (Simulation time: 00 hr 03 min 40 sec)
Heartbeat CPU 0 instructions: 31000142 cycles: 48224257 heartbeat IPC: 0.4722 cumulative IPC: 0.4564 (Simulation time: 00 hr 03 min 44 sec)
Heartbeat CPU 0 instructions: 31500144 cycles: 49272266 heartbeat IPC: 0.4771 cumulative IPC: 0.4568 (Simulation time: 00 hr 03 min 49 sec)
Heartbeat CPU 0 instructions: 32000147 cycles: 50231162 heartbeat IPC: 0.5214 cumulative IPC: 0.4581 (Simulation time: 00 hr 03 min 53 sec)
Heartbeat CPU 0 instructions: 32500149 cycles: 51299823 heartbeat IPC: 0.4679 cumulative IPC: 0.4583 (Simulation time: 00 hr 03 min 58 sec)
Heartbeat CPU 0 instructions: 33000149 cycles: 52241654 heartbeat IPC: 0.5309 cumulative IPC: 0.4597 (Simulation time: 00 hr 04 min 02 sec)
Heartbeat CPU 0 instructions: 33500149 cycles: 53264302 heartbeat IPC: 0.4889 cumulative IPC: 0.4603 (Simulation time: 00 hr 04 min 07 sec)
Heartbeat CPU 0 instructions: 34000152 cycles: 54364704 heartbeat IPC: 0.4544 cumulative IPC: 0.4602 (Simulation time: 00 hr 04 min 11 sec)
Heartbeat CPU 0 instructions: 34500153 cycles: 55319544 heartbeat IPC: 0.5236 cumulative IPC: 0.4613 (Simulation time: 00 hr 04 min 16 sec)
Heartbeat CPU 0 instructions: 35000156 cycles: 56269145 heartbeat IPC: 0.5265 cumulative IPC: 0.4625 (Simulation time: 00 hr 04 min 21 sec)
Heartbeat CPU 0 instructions: 35500161 cycles: 57287009 heartbeat IPC: 0.4912 cumulative IPC: 0.463 (Simulation time: 00 hr 04 min 25 sec)
Heartbeat CPU 0 instructions: 36000162 cycles: 58376814 heartbeat IPC: 0.4588 cumulative IPC: 0.4629 (Simulation time: 00 hr 04 min 30 sec)
Heartbeat CPU 0 instructions: 36500166 cycles: 59463277 heartbeat IPC: 0.4602 cumulative IPC: 0.4629 (Simulation time: 00 hr 04 min 35 sec)
Heartbeat CPU 0 instructions: 37000166 cycles: 60431241 heartbeat IPC: 0.5165 cumulative IPC: 0.4638 (Simulation time: 00 hr 04 min 39 sec)
Heartbeat CPU 0 instructions: 37500168 cycles: 61432051 heartbeat IPC: 0.4996 cumulative IPC: 0.4644 (Simulation time: 00 hr 04 min 44 sec)
Heartbeat CPU 0 instructions: 38000168 cycles: 62482979 heartbeat IPC: 0.4758 cumulative IPC: 0.4646 (Simulation time: 00 hr 04 min 48 sec)
Heartbeat CPU 0 instructions: 38500171 cycles: 63605677 heartbeat IPC: 0.4454 cumulative IPC: 0.4642 (Simulation time: 00 hr 04 min 53 sec)
Heartbeat CPU 0 instructions: 39000172 cycles: 64699247 heartbeat IPC: 0.4572 cumulative IPC: 0.4641 (Simulation time: 00 hr 04 min 58 sec)
Heartbeat CPU 0 instructions: 39500173 cycles: 65757675 heartbeat IPC: 0.4724 cumulative IPC: 0.4642 (Simulation time: 00 hr 05 min 02 sec)
Heartbeat CPU 0 instructions: 40000175 cycles: 66695294 heartbeat IPC: 0.5333 cumulative IPC: 0.4652 (Simulation time: 00 hr 05 min 07 sec)
Heartbeat CPU 0 instructions: 40500175 cycles: 67719598 heartbeat IPC: 0.4881 cumulative IPC: 0.4656 (Simulation time: 00 hr 05 min 11 sec)
Heartbeat CPU 0 instructions: 41000175 cycles: 68804425 heartbeat IPC: 0.4609 cumulative IPC: 0.4655 (Simulation time: 00 hr 05 min 16 sec)
Heartbeat CPU 0 instructions: 41500175 cycles: 69896226 heartbeat IPC: 0.458 cumulative IPC: 0.4654 (Simulation time: 00 hr 05 min 20 sec)
Heartbeat CPU 0 instructions: 42000180 cycles: 70986271 heartbeat IPC: 0.4587 cumulative IPC: 0.4653 (Simulation time: 00 hr 05 min 25 sec)
Heartbeat CPU 0 instructions: 42500186 cycles: 72090173 heartbeat IPC: 0.4529 cumulative IPC: 0.4651 (Simulation time: 00 hr 05 min 29 sec)
Heartbeat CPU 0 instructions: 43000188 cycles: 73234242 heartbeat IPC: 0.437 cumulative IPC: 0.4646 (Simulation time: 00 hr 05 min 34 sec)
Heartbeat CPU 0 instructions: 43500191 cycles: 74283552 heartbeat IPC: 0.4765 cumulative IPC: 0.4648 (Simulation time: 00 hr 05 min 39 sec)
Heartbeat CPU 0 instructions: 44000192 cycles: 75375855 heartbeat IPC: 0.4577 cumulative IPC: 0.4647 (Simulation time: 00 hr 05 min 43 sec)
Heartbeat CPU 0 instructions: 44500192 cycles: 76437371 heartbeat IPC: 0.471 cumulative IPC: 0.4648 (Simulation time: 00 hr 05 min 48 sec)
Heartbeat CPU 0 instructions: 45000198 cycles: 77427053 heartbeat IPC: 0.5052 cumulative IPC: 0.4653 (Simulation time: 00 hr 05 min 52 sec)
Heartbeat CPU 0 instructions: 45500198 cycles: 78458390 heartbeat IPC: 0.4848 cumulative IPC: 0.4656 (Simulation time: 00 hr 05 min 56 sec)
Heartbeat CPU 0 instructions: 46000198 cycles: 79442101 heartbeat IPC: 0.5083 cumulative IPC: 0.4661 (Simulation time: 00 hr 06 min 01 sec)
Heartbeat CPU 0 instructions: 46500199 cycles: 80349108 heartbeat IPC: 0.5513 cumulative IPC: 0.4671 (Simulation time: 00 hr 06 min 05 sec)
Heartbeat CPU 0 instructions: 47000201 cycles: 81311825 heartbeat IPC: 0.5194 cumulative IPC: 0.4678 (Simulation time: 00 hr 06 min 09 sec)
Heartbeat CPU 0 instructions: 47500201 cycles: 82228406 heartbeat IPC: 0.5455 cumulative IPC: 0.4686 (Simulation time: 00 hr 06 min 13 sec)
Heartbeat CPU 0 instructions: 48000203 cycles: 83112545 heartbeat IPC: 0.5655 cumulative IPC: 0.4697 (Simulation time: 00 hr 06 min 17 sec)
Heartbeat CPU 0 instructions: 48500204 cycles: 84047517 heartbeat IPC: 0.5348 cumulative IPC: 0.4704 (Simulation time: 00 hr 06 min 21 sec)
Heartbeat CPU 0 instructions: 49000208 cycles: 85042316 heartbeat IPC: 0.5026 cumulative IPC: 0.4708 (Simulation time: 00 hr 06 min 25 sec)
Heartbeat CPU 0 instructions: 49500209 cycles: 85995294 heartbeat IPC: 0.5247 cumulative IPC: 0.4714 (Simulation time: 00 hr 06 min 30 sec)
Heartbeat CPU 0 instructions: 50000209 cycles: 87028535 heartbeat IPC: 0.4839 cumulative IPC: 0.4716 (Simulation time: 00 hr 06 min 34 sec)
Heartbeat CPU 0 instructions: 50500210 cycles: 88062208 heartbeat IPC: 0.4837 cumulative IPC: 0.4717 (Simulation time: 00 hr 06 min 38 sec)
Heartbeat CPU 0 instructions: 51000213 cycles: 89021001 heartbeat IPC: 0.5215 cumulative IPC: 0.4723 (Simulation time: 00 hr 06 min 42 sec)
Heartbeat CPU 0 instructions: 51500216 cycles: 90024330 heartbeat IPC: 0.4983 cumulative IPC: 0.4726 (Simulation time: 00 hr 06 min 46 sec)
Heartbeat CPU 0 instructions: 52000216 cycles: 90920049 heartbeat IPC: 0.5582 cumulative IPC: 0.4735 (Simulation time: 00 hr 06 min 50 sec)
Heartbeat CPU 0 instructions: 52500216 cycles: 91913601 heartbeat IPC: 0.5032 cumulative IPC: 0.4738 (Simulation time: 00 hr 06 min 55 sec)
Heartbeat CPU 0 instructions: 53000217 cycles: 92920655 heartbeat IPC: 0.4965 cumulative IPC: 0.474 (Simulation time: 00 hr 06 min 59 sec)
Heartbeat CPU 0 instructions: 53500218 cycles: 93865747 heartbeat IPC: 0.5291 cumulative IPC: 0.4746 (Simulation time: 00 hr 07 min 03 sec)
Heartbeat CPU 0 instructions: 54000218 cycles: 94905379 heartbeat IPC: 0.4809 cumulative IPC: 0.4747 (Simulation time: 00 hr 07 min 07 sec)
Heartbeat CPU 0 instructions: 54500221 cycles: 95833925 heartbeat IPC: 0.5385 cumulative IPC: 0.4753 (Simulation time: 00 hr 07 min 11 sec)
Heartbeat CPU 0 instructions: 55000221 cycles: 96809141 heartbeat IPC: 0.5127 cumulative IPC: 0.4757 (Simulation time: 00 hr 07 min 15 sec)
Heartbeat CPU 0 instructions: 55500221 cycles: 97811154 heartbeat IPC: 0.499 cumulative IPC: 0.4759 (Simulation time: 00 hr 07 min 20 sec)
Heartbeat CPU 0 instructions: 56000221 cycles: 98929151 heartbeat IPC: 0.4472 cumulative IPC: 0.4756 (Simulation time: 00 hr 07 min 24 sec)
Heartbeat CPU 0 instructions: 56500223 cycles: 99992202 heartbeat IPC: 0.4703 cumulative IPC: 0.4756 (Simulation time: 00 hr 07 min 28 sec)
Heartbeat CPU 0 instructions: 57000224 cycles: 100996372 heartbeat IPC: 0.4979 cumulative IPC: 0.4758 (Simulation time: 00 hr 07 min 32 sec)
Heartbeat CPU 0 instructions: 57500224 cycles: 101957575 heartbeat IPC: 0.5202 cumulative IPC: 0.4762 (Simulation time: 00 hr 07 min 35 sec)
Heartbeat CPU 0 instructions: 58000224 cycles: 103076378 heartbeat IPC: 0.4469 cumulative IPC: 0.4759 (Simulation time: 00 hr 07 min 39 sec)
Heartbeat CPU 0 instructions: 58500224 cycles: 104152195 heartbeat IPC: 0.4648 cumulative IPC: 0.4758 (Simulation time: 00 hr 07 min 43 sec)
Heartbeat CPU 0 instructions: 59000224 cycles: 105146925 heartbeat IPC: 0.5026 cumulative IPC: 0.476 (Simulation time: 00 hr 07 min 46 sec)
Heartbeat CPU 0 instructions: 59500225 cycles: 106350160 heartbeat IPC: 0.4155 cumulative IPC: 0.4753 (Simulation time: 00 hr 07 min 50 sec)
Simulation finished CPU 0 instructions: 50000006 cycles: 105126719 cumulative IPC: 0.4756 (Simulation time: 00 hr 07 min 53 sec)
Simulation complete CPU 0 instructions: 50000006 cycles: 105126719 cumulative IPC: 0.4756 (Simulation time: 00 hr 07 min 53 sec)

ChampSim completed all CPUs

=== Simulation ===
CPU 0 runs traces/GAP/cc-14.trace.gz

Region of Interest Statistics

CPU 0 cumulative IPC: 0.4756 instructions: 50000006 cycles: 105126719
CPU 0 Branch Prediction Accuracy: 91.01% MPKI: 17.9 Average ROB Occupancy at Mispredict: 33.27
Branch type MPKI
BRANCH_DIRECT_JUMP: 0
BRANCH_INDIRECT: 0
BRANCH_CONDITIONAL: 17.9
BRANCH_DIRECT_CALL: 0
BRANCH_INDIRECT_CALL: 0
BRANCH_RETURN: 0

cpu0->cpu0_STLB TOTAL        ACCESS:    2366179 HIT:    2362616 MISS:       3563 MSHR_MERGE:          0
cpu0->cpu0_STLB LOAD         ACCESS:    2366179 HIT:    2362616 MISS:       3563 MSHR_MERGE:          0
cpu0->cpu0_STLB RFO          ACCESS:          0 HIT:          0 MISS:          0 MSHR_MERGE:          0
cpu0->cpu0_STLB PREFETCH     ACCESS:          0 HIT:          0 MISS:          0 MSHR_MERGE:          0
cpu0->cpu0_STLB WRITE        ACCESS:          0 HIT:          0 MISS:          0 MSHR_MERGE:          0
cpu0->cpu0_STLB TRANSLATION  ACCESS:          0 HIT:          0 MISS:          0 MSHR_MERGE:          0
cpu0->cpu0_STLB PREFETCH REQUESTED:          0 ISSUED:          0 USEFUL:          0 USELESS:          0
cpu0->cpu0_STLB AVERAGE MISS LATENCY: 248.9 cycles
cpu0->cpu0_L2C TOTAL        ACCESS:    5278664 HIT:    3911795 MISS:    1366869 MSHR_MERGE:      52343
cpu0->cpu0_L2C LOAD         ACCESS:    3621516 HIT:    2656876 MISS:     964640 MSHR_MERGE:       1351
cpu0->cpu0_L2C RFO          ACCESS:          0 HIT:          0 MISS:          0 MSHR_MERGE:          0
cpu0->cpu0_L2C PREFETCH     ACCESS:    1449201 HIT:    1047429 MISS:     401772 MSHR_MERGE:      50992
cpu0->cpu0_L2C WRITE        ACCESS:     204546 HIT:     204545 MISS:          1 MSHR_MERGE:          0
cpu0->cpu0_L2C TRANSLATION  ACCESS:       3401 HIT:       2945 MISS:        456 MSHR_MERGE:          0
cpu0->cpu0_L2C PREFETCH REQUESTED:    1450008 ISSUED:    1449201 USEFUL:     220976 USELESS:     132214
cpu0->cpu0_L2C AVERAGE MISS LATENCY: 86.21 cycles
cpu0->cpu0_L1I TOTAL        ACCESS:      84879 HIT:      84879 MISS:          0 MSHR_MERGE:          0
cpu0->cpu0_L1I LOAD         ACCESS:      84879 HIT:      84879 MISS:          0 MSHR_MERGE:          0
cpu0->cpu0_L1I RFO          ACCESS:          0 HIT:          0 MISS:          0 MSHR_MERGE:          0
cpu0->cpu0_L1I PREFETCH     ACCESS:          0 HIT:          0 MISS:          0 MSHR_MERGE:          0
cpu0->cpu0_L1I WRITE        ACCESS:          0 HIT:          0 MISS:          0 MSHR_MERGE:          0
cpu0->cpu0_L1I TRANSLATION  ACCESS:          0 HIT:          0 MISS:          0 MSHR_MERGE:          0
cpu0->cpu0_L1I PREFETCH REQUESTED:          0 ISSUED:          0 USEFUL:          0 USELESS:          0
cpu0->cpu0_L1I AVERAGE MISS LATENCY: - cycles
cpu0->cpu0_L1D TOTAL        ACCESS:   13046482 HIT:    9049655 MISS:    3996827 MSHR_MERGE:     371909
cpu0->cpu0_L1D LOAD         ACCESS:   12801846 HIT:    8808420 MISS:    3993426 MSHR_MERGE:     371909
cpu0->cpu0_L1D RFO          ACCESS:          0 HIT:          0 MISS:          0 MSHR_MERGE:          0
cpu0->cpu0_L1D PREFETCH     ACCESS:          0 HIT:          0 MISS:          0 MSHR_MERGE:          0
cpu0->cpu0_L1D WRITE        ACCESS:     237503 HIT:     237503 MISS:          0 MSHR_MERGE:          0
cpu0->cpu0_L1D TRANSLATION  ACCESS:       7133 HIT:       3732 MISS:       3401 MSHR_MERGE:          0
cpu0->cpu0_L1D PREFETCH REQUESTED:          0 ISSUED:          0 USEFUL:          0 USELESS:          0
cpu0->cpu0_L1D AVERAGE MISS LATENCY: 31.35 cycles
cpu0->cpu0_ITLB TOTAL        ACCESS:      81328 HIT:      81328 MISS:          0 MSHR_MERGE:          0
cpu0->cpu0_ITLB LOAD         ACCESS:      81328 HIT:      81328 MISS:          0 MSHR_MERGE:          0
cpu0->cpu0_ITLB RFO          ACCESS:          0 HIT:          0 MISS:          0 MSHR_MERGE:          0
cpu0->cpu0_ITLB PREFETCH     ACCESS:          0 HIT:          0 MISS:          0 MSHR_MERGE:          0
cpu0->cpu0_ITLB WRITE        ACCESS:          0 HIT:          0 MISS:          0 MSHR_MERGE:          0
cpu0->cpu0_ITLB TRANSLATION  ACCESS:          0 HIT:          0 MISS:          0 MSHR_MERGE:          0
cpu0->cpu0_ITLB PREFETCH REQUESTED:          0 ISSUED:          0 USEFUL:          0 USELESS:          0
cpu0->cpu0_ITLB AVERAGE MISS LATENCY: - cycles
cpu0->cpu0_DTLB TOTAL        ACCESS:   13039135 HIT:   10271694 MISS:    2767441 MSHR_MERGE:     401260
cpu0->cpu0_DTLB LOAD         ACCESS:   13039135 HIT:   10271694 MISS:    2767441 MSHR_MERGE:     401260
cpu0->cpu0_DTLB RFO          ACCESS:          0 HIT:          0 MISS:          0 MSHR_MERGE:          0
cpu0->cpu0_DTLB PREFETCH     ACCESS:          0 HIT:          0 MISS:          0 MSHR_MERGE:          0
cpu0->cpu0_DTLB WRITE        ACCESS:          0 HIT:          0 MISS:          0 MSHR_MERGE:          0
cpu0->cpu0_DTLB TRANSLATION  ACCESS:          0 HIT:          0 MISS:          0 MSHR_MERGE:          0
cpu0->cpu0_DTLB PREFETCH REQUESTED:          0 ISSUED:          0 USEFUL:          0 USELESS:          0
cpu0->cpu0_DTLB AVERAGE MISS LATENCY: 5.383 cycles
cpu0->LLC TOTAL        ACCESS:    1505858 HIT:     839831 MISS:     666027 MSHR_MERGE:          0
cpu0->LLC LOAD         ACCESS:     963289 HIT:     680851 MISS:     282438 MSHR_MERGE:          0
cpu0->LLC RFO          ACCESS:          0 HIT:          0 MISS:          0 MSHR_MERGE:          0
cpu0->LLC PREFETCH     ACCESS:     350780 HIT:      27974 MISS:     322806 MSHR_MERGE:          0
cpu0->LLC WRITE        ACCESS:     191333 HIT:     131006 MISS:      60327 MSHR_MERGE:          0
cpu0->LLC TRANSLATION  ACCESS:        456 HIT:          0 MISS:        456 MSHR_MERGE:          0
cpu0->LLC PREFETCH REQUESTED:          0 ISSUED:          0 USEFUL:          0 USELESS:          0
cpu0->LLC AVERAGE MISS LATENCY: 182.4 cycles

DRAM Statistics

Channel 0 RQ ROW_BUFFER_HIT:       6856
  ROW_BUFFER_MISS:     598797
  AVG DBUS CONGESTED CYCLE: 29.03
Channel 0 WQ ROW_BUFFER_HIT:      17983
  ROW_BUFFER_MISS:      62366
  FULL:          0
Channel 0 REFRESHES ISSUED:       8760


--- STDERR ---



=== TRACE: traces/GAP/cc-13.trace.gz ===
COMMAND: ./bin/1C.fullBW.ghb_pccs --warmup-instructions=10000000 --simulation-instructions=50000000 traces/GAP/cc-13.trace.gz
RETURNCODE: 0

--- STDOUT ---
[VMEM] WARNING: physical memory size is smaller than virtual memory size.

*** ChampSim Multicore Out-of-Order Simulator ***
Warmup Instructions: 10000000
Simulation Instructions: 50000000
Number of CPUs: 1
Page size: 4096
Core 0: traces/GAP/cc-13.trace.gz
Off-chip DRAM Size: 64 GiB Channels: 1 Width: 64-bit Data Rate: 4807 MT/s
Heartbeat CPU 0 instructions: 500004 cycles: 151542 heartbeat IPC: 3.299 cumulative IPC: 3.299 (Simulation time: 00 hr 00 min 01 sec)
Heartbeat CPU 0 instructions: 1000005 cycles: 299254 heartbeat IPC: 3.385 cumulative IPC: 3.342 (Simulation time: 00 hr 00 min 03 sec)
Heartbeat CPU 0 instructions: 1500005 cycles: 446818 heartbeat IPC: 3.388 cumulative IPC: 3.357 (Simulation time: 00 hr 00 min 04 sec)
Heartbeat CPU 0 instructions: 2000005 cycles: 556853 heartbeat IPC: 4.544 cumulative IPC: 3.592 (Simulation time: 00 hr 00 min 05 sec)
Heartbeat CPU 0 instructions: 2500012 cycles: 659986 heartbeat IPC: 4.848 cumulative IPC: 3.788 (Simulation time: 00 hr 00 min 06 sec)
Heartbeat CPU 0 instructions: 3000019 cycles: 763065 heartbeat IPC: 4.851 cumulative IPC: 3.932 (Simulation time: 00 hr 00 min 07 sec)
Heartbeat CPU 0 instructions: 3500026 cycles: 866386 heartbeat IPC: 4.839 cumulative IPC: 4.04 (Simulation time: 00 hr 00 min 09 sec)
Heartbeat CPU 0 instructions: 4000028 cycles: 970018 heartbeat IPC: 4.825 cumulative IPC: 4.124 (Simulation time: 00 hr 00 min 10 sec)
Heartbeat CPU 0 instructions: 4500032 cycles: 1073442 heartbeat IPC: 4.835 cumulative IPC: 4.192 (Simulation time: 00 hr 00 min 11 sec)
Heartbeat CPU 0 instructions: 5000033 cycles: 1176674 heartbeat IPC: 4.843 cumulative IPC: 4.249 (Simulation time: 00 hr 00 min 12 sec)
Heartbeat CPU 0 instructions: 5500033 cycles: 1280110 heartbeat IPC: 4.834 cumulative IPC: 4.297 (Simulation time: 00 hr 00 min 13 sec)
Heartbeat CPU 0 instructions: 6000035 cycles: 1383533 heartbeat IPC: 4.835 cumulative IPC: 4.337 (Simulation time: 00 hr 00 min 14 sec)
Heartbeat CPU 0 instructions: 6500037 cycles: 1486943 heartbeat IPC: 4.835 cumulative IPC: 4.371 (Simulation time: 00 hr 00 min 15 sec)
Heartbeat CPU 0 instructions: 7000042 cycles: 1590353 heartbeat IPC: 4.835 cumulative IPC: 4.402 (Simulation time: 00 hr 00 min 17 sec)
Heartbeat CPU 0 instructions: 7500043 cycles: 1693982 heartbeat IPC: 4.825 cumulative IPC: 4.427 (Simulation time: 00 hr 00 min 18 sec)
Heartbeat CPU 0 instructions: 8000043 cycles: 1797302 heartbeat IPC: 4.839 cumulative IPC: 4.451 (Simulation time: 00 hr 00 min 19 sec)
Heartbeat CPU 0 instructions: 8500047 cycles: 1900953 heartbeat IPC: 4.824 cumulative IPC: 4.471 (Simulation time: 00 hr 00 min 20 sec)
Heartbeat CPU 0 instructions: 9000050 cycles: 2004499 heartbeat IPC: 4.829 cumulative IPC: 4.49 (Simulation time: 00 hr 00 min 21 sec)
Heartbeat CPU 0 instructions: 9500057 cycles: 2107956 heartbeat IPC: 4.833 cumulative IPC: 4.507 (Simulation time: 00 hr 00 min 23 sec)
Warmup finished CPU 0 instructions: 10000005 cycles: 2211608 cumulative IPC: 4.522 (Simulation time: 00 hr 00 min 24 sec)
Warmup complete CPU 0 instructions: 10000005 cycles: 2211608 cumulative IPC: 4.522 (Simulation time: 00 hr 00 min 24 sec)
Heartbeat CPU 0 instructions: 10000062 cycles: 2211635 heartbeat IPC: 4.823 cumulative IPC: 2.111 (Simulation time: 00 hr 00 min 24 sec)
Heartbeat CPU 0 instructions: 10500062 cycles: 3473023 heartbeat IPC: 0.3964 cumulative IPC: 0.3964 (Simulation time: 00 hr 00 min 30 sec)
Heartbeat CPU 0 instructions: 11000063 cycles: 4763296 heartbeat IPC: 0.3875 cumulative IPC: 0.3919 (Simulation time: 00 hr 00 min 35 sec)
Heartbeat CPU 0 instructions: 11500063 cycles: 5982286 heartbeat IPC: 0.4102 cumulative IPC: 0.3978 (Simulation time: 00 hr 00 min 40 sec)
Heartbeat CPU 0 instructions: 12000063 cycles: 7150942 heartbeat IPC: 0.4278 cumulative IPC: 0.4049 (Simulation time: 00 hr 00 min 45 sec)
Heartbeat CPU 0 instructions: 12500063 cycles: 8378594 heartbeat IPC: 0.4073 cumulative IPC: 0.4054 (Simulation time: 00 hr 00 min 50 sec)
Heartbeat CPU 0 instructions: 13000066 cycles: 9664639 heartbeat IPC: 0.3888 cumulative IPC: 0.4025 (Simulation time: 00 hr 00 min 55 sec)
Heartbeat CPU 0 instructions: 13500066 cycles: 10910049 heartbeat IPC: 0.4015 cumulative IPC: 0.4024 (Simulation time: 00 hr 01 min 00 sec)
Heartbeat CPU 0 instructions: 14000066 cycles: 12222987 heartbeat IPC: 0.3808 cumulative IPC: 0.3996 (Simulation time: 00 hr 01 min 05 sec)
Heartbeat CPU 0 instructions: 14500066 cycles: 13588557 heartbeat IPC: 0.3661 cumulative IPC: 0.3955 (Simulation time: 00 hr 01 min 11 sec)
Heartbeat CPU 0 instructions: 15000068 cycles: 15018323 heartbeat IPC: 0.3497 cumulative IPC: 0.3904 (Simulation time: 00 hr 01 min 16 sec)
Heartbeat CPU 0 instructions: 15500068 cycles: 16208524 heartbeat IPC: 0.4201 cumulative IPC: 0.3929 (Simulation time: 00 hr 01 min 21 sec)
Heartbeat CPU 0 instructions: 16000068 cycles: 17427496 heartbeat IPC: 0.4102 cumulative IPC: 0.3943 (Simulation time: 00 hr 01 min 27 sec)
Heartbeat CPU 0 instructions: 16500070 cycles: 18586748 heartbeat IPC: 0.4313 cumulative IPC: 0.3969 (Simulation time: 00 hr 01 min 32 sec)
Heartbeat CPU 0 instructions: 17000071 cycles: 19739557 heartbeat IPC: 0.4337 cumulative IPC: 0.3994 (Simulation time: 00 hr 01 min 36 sec)
Heartbeat CPU 0 instructions: 17500073 cycles: 20998652 heartbeat IPC: 0.3971 cumulative IPC: 0.3992 (Simulation time: 00 hr 01 min 42 sec)
Heartbeat CPU 0 instructions: 18000074 cycles: 22243359 heartbeat IPC: 0.4017 cumulative IPC: 0.3994 (Simulation time: 00 hr 01 min 47 sec)
Heartbeat CPU 0 instructions: 18500079 cycles: 23552481 heartbeat IPC: 0.3819 cumulative IPC: 0.3983 (Simulation time: 00 hr 01 min 53 sec)
Heartbeat CPU 0 instructions: 19000083 cycles: 24799182 heartbeat IPC: 0.4011 cumulative IPC: 0.3985 (Simulation time: 00 hr 01 min 58 sec)
Heartbeat CPU 0 instructions: 19500083 cycles: 26213845 heartbeat IPC: 0.3534 cumulative IPC: 0.3958 (Simulation time: 00 hr 02 min 04 sec)
Heartbeat CPU 0 instructions: 20000087 cycles: 27455570 heartbeat IPC: 0.4027 cumulative IPC: 0.3961 (Simulation time: 00 hr 02 min 10 sec)
Heartbeat CPU 0 instructions: 20500088 cycles: 28707058 heartbeat IPC: 0.3995 cumulative IPC: 0.3963 (Simulation time: 00 hr 02 min 15 sec)
Heartbeat CPU 0 instructions: 21000088 cycles: 29883261 heartbeat IPC: 0.4251 cumulative IPC: 0.3975 (Simulation time: 00 hr 02 min 20 sec)
Heartbeat CPU 0 instructions: 21500089 cycles: 31069393 heartbeat IPC: 0.4215 cumulative IPC: 0.3985 (Simulation time: 00 hr 02 min 25 sec)
Heartbeat CPU 0 instructions: 22000091 cycles: 32336422 heartbeat IPC: 0.3946 cumulative IPC: 0.3983 (Simulation time: 00 hr 02 min 30 sec)
Heartbeat CPU 0 instructions: 22500091 cycles: 33593674 heartbeat IPC: 0.3977 cumulative IPC: 0.3983 (Simulation time: 00 hr 02 min 35 sec)
Heartbeat CPU 0 instructions: 23000091 cycles: 34825556 heartbeat IPC: 0.4059 cumulative IPC: 0.3986 (Simulation time: 00 hr 02 min 40 sec)
Heartbeat CPU 0 instructions: 23500091 cycles: 36013326 heartbeat IPC: 0.421 cumulative IPC: 0.3994 (Simulation time: 00 hr 02 min 45 sec)
Heartbeat CPU 0 instructions: 24000092 cycles: 37056036 heartbeat IPC: 0.4795 cumulative IPC: 0.4018 (Simulation time: 00 hr 02 min 50 sec)
Heartbeat CPU 0 instructions: 24500094 cycles: 38353925 heartbeat IPC: 0.3852 cumulative IPC: 0.4012 (Simulation time: 00 hr 02 min 55 sec)
Heartbeat CPU 0 instructions: 25000094 cycles: 39606254 heartbeat IPC: 0.3993 cumulative IPC: 0.4011 (Simulation time: 00 hr 03 min 01 sec)
Heartbeat CPU 0 instructions: 25500096 cycles: 40751057 heartbeat IPC: 0.4368 cumulative IPC: 0.4022 (Simulation time: 00 hr 03 min 05 sec)
Heartbeat CPU 0 instructions: 26000100 cycles: 41970422 heartbeat IPC: 0.4101 cumulative IPC: 0.4024 (Simulation time: 00 hr 03 min 10 sec)
Heartbeat CPU 0 instructions: 26500100 cycles: 43198815 heartbeat IPC: 0.407 cumulative IPC: 0.4026 (Simulation time: 00 hr 03 min 15 sec)
Heartbeat CPU 0 instructions: 27000100 cycles: 44204446 heartbeat IPC: 0.4972 cumulative IPC: 0.4048 (Simulation time: 00 hr 03 min 20 sec)
Heartbeat CPU 0 instructions: 27500100 cycles: 45405277 heartbeat IPC: 0.4164 cumulative IPC: 0.4052 (Simulation time: 00 hr 03 min 25 sec)
Heartbeat CPU 0 instructions: 28000105 cycles: 46540346 heartbeat IPC: 0.4405 cumulative IPC: 0.4061 (Simulation time: 00 hr 03 min 29 sec)
Heartbeat CPU 0 instructions: 28500106 cycles: 47690368 heartbeat IPC: 0.4348 cumulative IPC: 0.4068 (Simulation time: 00 hr 03 min 34 sec)
Heartbeat CPU 0 instructions: 29000106 cycles: 48799128 heartbeat IPC: 0.451 cumulative IPC: 0.4078 (Simulation time: 00 hr 03 min 39 sec)
Heartbeat CPU 0 instructions: 29500108 cycles: 49979514 heartbeat IPC: 0.4236 cumulative IPC: 0.4082 (Simulation time: 00 hr 03 min 44 sec)
Heartbeat CPU 0 instructions: 30000108 cycles: 51186555 heartbeat IPC: 0.4142 cumulative IPC: 0.4084 (Simulation time: 00 hr 03 min 49 sec)
Heartbeat CPU 0 instructions: 30500108 cycles: 52448806 heartbeat IPC: 0.3961 cumulative IPC: 0.4081 (Simulation time: 00 hr 03 min 54 sec)
Heartbeat CPU 0 instructions: 31000108 cycles: 53613560 heartbeat IPC: 0.4293 cumulative IPC: 0.4085 (Simulation time: 00 hr 03 min 59 sec)
Heartbeat CPU 0 instructions: 31500110 cycles: 54674957 heartbeat IPC: 0.4711 cumulative IPC: 0.4098 (Simulation time: 00 hr 04 min 03 sec)
Heartbeat CPU 0 instructions: 32000110 cycles: 55955157 heartbeat IPC: 0.3906 cumulative IPC: 0.4094 (Simulation time: 00 hr 04 min 08 sec)
Heartbeat CPU 0 instructions: 32500110 cycles: 57155399 heartbeat IPC: 0.4166 cumulative IPC: 0.4095 (Simulation time: 00 hr 04 min 13 sec)
Heartbeat CPU 0 instructions: 33000111 cycles: 58319629 heartbeat IPC: 0.4295 cumulative IPC: 0.4099 (Simulation time: 00 hr 04 min 18 sec)
Heartbeat CPU 0 instructions: 33500111 cycles: 59437830 heartbeat IPC: 0.4471 cumulative IPC: 0.4107 (Simulation time: 00 hr 04 min 24 sec)
Heartbeat CPU 0 instructions: 34000114 cycles: 60662111 heartbeat IPC: 0.4084 cumulative IPC: 0.4106 (Simulation time: 00 hr 04 min 29 sec)
Heartbeat CPU 0 instructions: 34500114 cycles: 61897598 heartbeat IPC: 0.4047 cumulative IPC: 0.4105 (Simulation time: 00 hr 04 min 33 sec)
Heartbeat CPU 0 instructions: 35000115 cycles: 62883535 heartbeat IPC: 0.5071 cumulative IPC: 0.4121 (Simulation time: 00 hr 04 min 38 sec)
Heartbeat CPU 0 instructions: 35500120 cycles: 64166187 heartbeat IPC: 0.3898 cumulative IPC: 0.4116 (Simulation time: 00 hr 04 min 43 sec)
Heartbeat CPU 0 instructions: 36000123 cycles: 65439605 heartbeat IPC: 0.3926 cumulative IPC: 0.4112 (Simulation time: 00 hr 04 min 48 sec)
Heartbeat CPU 0 instructions: 36500124 cycles: 66622196 heartbeat IPC: 0.4228 cumulative IPC: 0.4114 (Simulation time: 00 hr 04 min 53 sec)
Heartbeat CPU 0 instructions: 37000125 cycles: 67723383 heartbeat IPC: 0.4541 cumulative IPC: 0.4121 (Simulation time: 00 hr 04 min 58 sec)
Heartbeat CPU 0 instructions: 37500127 cycles: 68834766 heartbeat IPC: 0.4499 cumulative IPC: 0.4128 (Simulation time: 00 hr 05 min 03 sec)
Heartbeat CPU 0 instructions: 38000127 cycles: 70018420 heartbeat IPC: 0.4224 cumulative IPC: 0.4129 (Simulation time: 00 hr 05 min 08 sec)
Heartbeat CPU 0 instructions: 38500130 cycles: 71162242 heartbeat IPC: 0.4371 cumulative IPC: 0.4133 (Simulation time: 00 hr 05 min 12 sec)
Heartbeat CPU 0 instructions: 39000130 cycles: 72361495 heartbeat IPC: 0.4169 cumulative IPC: 0.4134 (Simulation time: 00 hr 05 min 17 sec)
Heartbeat CPU 0 instructions: 39500130 cycles: 73558762 heartbeat IPC: 0.4176 cumulative IPC: 0.4135 (Simulation time: 00 hr 05 min 22 sec)
Heartbeat CPU 0 instructions: 40000134 cycles: 74843497 heartbeat IPC: 0.3892 cumulative IPC: 0.413 (Simulation time: 00 hr 05 min 27 sec)
Heartbeat CPU 0 instructions: 40500138 cycles: 75937889 heartbeat IPC: 0.4569 cumulative IPC: 0.4137 (Simulation time: 00 hr 05 min 32 sec)
Heartbeat CPU 0 instructions: 41000140 cycles: 77268598 heartbeat IPC: 0.3757 cumulative IPC: 0.413 (Simulation time: 00 hr 05 min 37 sec)
Heartbeat CPU 0 instructions: 41500144 cycles: 78500153 heartbeat IPC: 0.406 cumulative IPC: 0.4129 (Simulation time: 00 hr 05 min 42 sec)
Heartbeat CPU 0 instructions: 42000148 cycles: 79626978 heartbeat IPC: 0.4437 cumulative IPC: 0.4134 (Simulation time: 00 hr 05 min 47 sec)
Heartbeat CPU 0 instructions: 42500148 cycles: 80806064 heartbeat IPC: 0.4241 cumulative IPC: 0.4135 (Simulation time: 00 hr 05 min 52 sec)
Heartbeat CPU 0 instructions: 43000148 cycles: 82055944 heartbeat IPC: 0.4 cumulative IPC: 0.4133 (Simulation time: 00 hr 05 min 56 sec)
Heartbeat CPU 0 instructions: 43500149 cycles: 83183908 heartbeat IPC: 0.4433 cumulative IPC: 0.4137 (Simulation time: 00 hr 06 min 01 sec)
Heartbeat CPU 0 instructions: 44000150 cycles: 84462827 heartbeat IPC: 0.391 cumulative IPC: 0.4134 (Simulation time: 00 hr 06 min 06 sec)
Heartbeat CPU 0 instructions: 44500150 cycles: 85663973 heartbeat IPC: 0.4163 cumulative IPC: 0.4134 (Simulation time: 00 hr 06 min 11 sec)
Heartbeat CPU 0 instructions: 45000154 cycles: 86906978 heartbeat IPC: 0.4023 cumulative IPC: 0.4132 (Simulation time: 00 hr 06 min 16 sec)
Heartbeat CPU 0 instructions: 45500154 cycles: 87953169 heartbeat IPC: 0.4779 cumulative IPC: 0.414 (Simulation time: 00 hr 06 min 20 sec)
Heartbeat CPU 0 instructions: 46000155 cycles: 89204730 heartbeat IPC: 0.3995 cumulative IPC: 0.4138 (Simulation time: 00 hr 06 min 25 sec)
Heartbeat CPU 0 instructions: 46500155 cycles: 90285935 heartbeat IPC: 0.4624 cumulative IPC: 0.4144 (Simulation time: 00 hr 06 min 30 sec)
Heartbeat CPU 0 instructions: 47000158 cycles: 91416007 heartbeat IPC: 0.4425 cumulative IPC: 0.4148 (Simulation time: 00 hr 06 min 34 sec)
Heartbeat CPU 0 instructions: 47500159 cycles: 92654313 heartbeat IPC: 0.4038 cumulative IPC: 0.4146 (Simulation time: 00 hr 06 min 39 sec)
Heartbeat CPU 0 instructions: 48000163 cycles: 93912706 heartbeat IPC: 0.3973 cumulative IPC: 0.4144 (Simulation time: 00 hr 06 min 44 sec)
Heartbeat CPU 0 instructions: 48500165 cycles: 95120833 heartbeat IPC: 0.4139 cumulative IPC: 0.4144 (Simulation time: 00 hr 06 min 48 sec)
Heartbeat CPU 0 instructions: 49000165 cycles: 96168253 heartbeat IPC: 0.4774 cumulative IPC: 0.4151 (Simulation time: 00 hr 06 min 53 sec)
Heartbeat CPU 0 instructions: 49500168 cycles: 97370139 heartbeat IPC: 0.416 cumulative IPC: 0.4151 (Simulation time: 00 hr 06 min 57 sec)
Heartbeat CPU 0 instructions: 50000168 cycles: 98447973 heartbeat IPC: 0.4639 cumulative IPC: 0.4156 (Simulation time: 00 hr 07 min 01 sec)
Heartbeat CPU 0 instructions: 50500169 cycles: 99664033 heartbeat IPC: 0.4112 cumulative IPC: 0.4156 (Simulation time: 00 hr 07 min 06 sec)
Heartbeat CPU 0 instructions: 51000172 cycles: 100881358 heartbeat IPC: 0.4107 cumulative IPC: 0.4155 (Simulation time: 00 hr 07 min 11 sec)
Heartbeat CPU 0 instructions: 51500174 cycles: 102081981 heartbeat IPC: 0.4165 cumulative IPC: 0.4155 (Simulation time: 00 hr 07 min 15 sec)
Heartbeat CPU 0 instructions: 52000174 cycles: 103202121 heartbeat IPC: 0.4464 cumulative IPC: 0.4159 (Simulation time: 00 hr 07 min 20 sec)
Heartbeat CPU 0 instructions: 52500174 cycles: 104336537 heartbeat IPC: 0.4408 cumulative IPC: 0.4162 (Simulation time: 00 hr 07 min 24 sec)
Heartbeat CPU 0 instructions: 53000175 cycles: 105471967 heartbeat IPC: 0.4404 cumulative IPC: 0.4164 (Simulation time: 00 hr 07 min 28 sec)
Heartbeat CPU 0 instructions: 53500175 cycles: 106653256 heartbeat IPC: 0.4233 cumulative IPC: 0.4165 (Simulation time: 00 hr 07 min 32 sec)
Heartbeat CPU 0 instructions: 54000175 cycles: 107937035 heartbeat IPC: 0.3895 cumulative IPC: 0.4162 (Simulation time: 00 hr 07 min 36 sec)
Heartbeat CPU 0 instructions: 54500175 cycles: 109036454 heartbeat IPC: 0.4548 cumulative IPC: 0.4166 (Simulation time: 00 hr 07 min 40 sec)
Heartbeat CPU 0 instructions: 55000176 cycles: 110274266 heartbeat IPC: 0.4039 cumulative IPC: 0.4164 (Simulation time: 00 hr 07 min 44 sec)
Heartbeat CPU 0 instructions: 55500176 cycles: 111450116 heartbeat IPC: 0.4252 cumulative IPC: 0.4165 (Simulation time: 00 hr 07 min 47 sec)
Heartbeat CPU 0 instructions: 56000178 cycles: 112722340 heartbeat IPC: 0.393 cumulative IPC: 0.4163 (Simulation time: 00 hr 07 min 51 sec)
Heartbeat CPU 0 instructions: 56500178 cycles: 113873761 heartbeat IPC: 0.4342 cumulative IPC: 0.4164 (Simulation time: 00 hr 07 min 55 sec)
Heartbeat CPU 0 instructions: 57000178 cycles: 115078033 heartbeat IPC: 0.4152 cumulative IPC: 0.4164 (Simulation time: 00 hr 07 min 59 sec)
Heartbeat CPU 0 instructions: 57500182 cycles: 116320126 heartbeat IPC: 0.4025 cumulative IPC: 0.4163 (Simulation time: 00 hr 08 min 03 sec)
Heartbeat CPU 0 instructions: 58000182 cycles: 117593351 heartbeat IPC: 0.3927 cumulative IPC: 0.416 (Simulation time: 00 hr 08 min 07 sec)
Heartbeat CPU 0 instructions: 58500182 cycles: 118848328 heartbeat IPC: 0.3984 cumulative IPC: 0.4158 (Simulation time: 00 hr 08 min 11 sec)
Heartbeat CPU 0 instructions: 59000184 cycles: 120025114 heartbeat IPC: 0.4249 cumulative IPC: 0.4159 (Simulation time: 00 hr 08 min 14 sec)
Heartbeat CPU 0 instructions: 59500190 cycles: 121236859 heartbeat IPC: 0.4126 cumulative IPC: 0.4159 (Simulation time: 00 hr 08 min 18 sec)
Simulation finished CPU 0 instructions: 50000000 cycles: 120452385 cumulative IPC: 0.4151 (Simulation time: 00 hr 08 min 23 sec)
Simulation complete CPU 0 instructions: 50000000 cycles: 120452385 cumulative IPC: 0.4151 (Simulation time: 00 hr 08 min 23 sec)

ChampSim completed all CPUs

=== Simulation ===
CPU 0 runs traces/GAP/cc-13.trace.gz

Region of Interest Statistics

CPU 0 cumulative IPC: 0.4151 instructions: 50000000 cycles: 120452385
CPU 0 Branch Prediction Accuracy: 88.82% MPKI: 22.44 Average ROB Occupancy at Mispredict: 24.29
Branch type MPKI
BRANCH_DIRECT_JUMP: 0
BRANCH_INDIRECT: 0
BRANCH_CONDITIONAL: 22.44
BRANCH_DIRECT_CALL: 0
BRANCH_INDIRECT_CALL: 0
BRANCH_RETURN: 0

cpu0->cpu0_STLB TOTAL        ACCESS:    2430203 HIT:    2426537 MISS:       3666 MSHR_MERGE:          0
cpu0->cpu0_STLB LOAD         ACCESS:    2430203 HIT:    2426537 MISS:       3666 MSHR_MERGE:          0
cpu0->cpu0_STLB RFO          ACCESS:          0 HIT:          0 MISS:          0 MSHR_MERGE:          0
cpu0->cpu0_STLB PREFETCH     ACCESS:          0 HIT:          0 MISS:          0 MSHR_MERGE:          0
cpu0->cpu0_STLB WRITE        ACCESS:          0 HIT:          0 MISS:          0 MSHR_MERGE:          0
cpu0->cpu0_STLB TRANSLATION  ACCESS:          0 HIT:          0 MISS:          0 MSHR_MERGE:          0
cpu0->cpu0_STLB PREFETCH REQUESTED:          0 ISSUED:          0 USEFUL:          0 USELESS:          0
cpu0->cpu0_STLB AVERAGE MISS LATENCY: 249.8 cycles
cpu0->cpu0_L2C TOTAL        ACCESS:    5480276 HIT:    4037639 MISS:    1442637 MSHR_MERGE:      49201
cpu0->cpu0_L2C LOAD         ACCESS:    3719004 HIT:    2715944 MISS:    1003060 MSHR_MERGE:       2386
cpu0->cpu0_L2C RFO          ACCESS:          0 HIT:          0 MISS:          0 MSHR_MERGE:          0
cpu0->cpu0_L2C PREFETCH     ACCESS:    1548339 HIT:    1109238 MISS:     439101 MSHR_MERGE:      46815
cpu0->cpu0_L2C WRITE        ACCESS:     209449 HIT:     209447 MISS:          2 MSHR_MERGE:          0
cpu0->cpu0_L2C TRANSLATION  ACCESS:       3484 HIT:       3010 MISS:        474 MSHR_MERGE:          0
cpu0->cpu0_L2C PREFETCH REQUESTED:    1549800 ISSUED:    1548335 USEFUL:     235469 USELESS:     151478
cpu0->cpu0_L2C AVERAGE MISS LATENCY: 85.94 cycles
cpu0->cpu0_L1I TOTAL        ACCESS:      66128 HIT:      66128 MISS:          0 MSHR_MERGE:          0
cpu0->cpu0_L1I LOAD         ACCESS:      66128 HIT:      66128 MISS:          0 MSHR_MERGE:          0
cpu0->cpu0_L1I RFO          ACCESS:          0 HIT:          0 MISS:          0 MSHR_MERGE:          0
cpu0->cpu0_L1I PREFETCH     ACCESS:          0 HIT:          0 MISS:          0 MSHR_MERGE:          0
cpu0->cpu0_L1I WRITE        ACCESS:          0 HIT:          0 MISS:          0 MSHR_MERGE:          0
cpu0->cpu0_L1I TRANSLATION  ACCESS:          0 HIT:          0 MISS:          0 MSHR_MERGE:          0
cpu0->cpu0_L1I PREFETCH REQUESTED:          0 ISSUED:          0 USEFUL:          0 USELESS:          0
cpu0->cpu0_L1I AVERAGE MISS LATENCY: - cycles
cpu0->cpu0_L1D TOTAL        ACCESS:   13386683 HIT:    9320352 MISS:    4066331 MSHR_MERGE:     343843
cpu0->cpu0_L1D LOAD         ACCESS:   13136060 HIT:    9073213 MISS:    4062847 MSHR_MERGE:     343843
cpu0->cpu0_L1D RFO          ACCESS:          0 HIT:          0 MISS:          0 MSHR_MERGE:          0
cpu0->cpu0_L1D PREFETCH     ACCESS:          0 HIT:          0 MISS:          0 MSHR_MERGE:          0
cpu0->cpu0_L1D WRITE        ACCESS:     243284 HIT:     243284 MISS:          0 MSHR_MERGE:          0
cpu0->cpu0_L1D TRANSLATION  ACCESS:       7339 HIT:       3855 MISS:       3484 MSHR_MERGE:          0
cpu0->cpu0_L1D PREFETCH REQUESTED:          0 ISSUED:          0 USEFUL:          0 USELESS:          0
cpu0->cpu0_L1D AVERAGE MISS LATENCY: 31.55 cycles
cpu0->cpu0_ITLB TOTAL        ACCESS:      63341 HIT:      63341 MISS:          0 MSHR_MERGE:          0
cpu0->cpu0_ITLB LOAD         ACCESS:      63341 HIT:      63341 MISS:          0 MSHR_MERGE:          0
cpu0->cpu0_ITLB RFO          ACCESS:          0 HIT:          0 MISS:          0 MSHR_MERGE:          0
cpu0->cpu0_ITLB PREFETCH     ACCESS:          0 HIT:          0 MISS:          0 MSHR_MERGE:          0
cpu0->cpu0_ITLB WRITE        ACCESS:          0 HIT:          0 MISS:          0 MSHR_MERGE:          0
cpu0->cpu0_ITLB TRANSLATION  ACCESS:          0 HIT:          0 MISS:          0 MSHR_MERGE:          0
cpu0->cpu0_ITLB PREFETCH REQUESTED:          0 ISSUED:          0 USEFUL:          0 USELESS:          0
cpu0->cpu0_ITLB AVERAGE MISS LATENCY: - cycles
cpu0->cpu0_DTLB TOTAL        ACCESS:   13378958 HIT:   10584013 MISS:    2794945 MSHR_MERGE:     364742
cpu0->cpu0_DTLB LOAD         ACCESS:   13378958 HIT:   10584013 MISS:    2794945 MSHR_MERGE:     364742
cpu0->cpu0_DTLB RFO          ACCESS:          0 HIT:          0 MISS:          0 MSHR_MERGE:          0
cpu0->cpu0_DTLB PREFETCH     ACCESS:          0 HIT:          0 MISS:          0 MSHR_MERGE:          0
cpu0->cpu0_DTLB WRITE        ACCESS:          0 HIT:          0 MISS:          0 MSHR_MERGE:          0
cpu0->cpu0_DTLB TRANSLATION  ACCESS:          0 HIT:          0 MISS:          0 MSHR_MERGE:          0
cpu0->cpu0_DTLB PREFETCH REQUESTED:          0 ISSUED:          0 USEFUL:          0 USELESS:          0
cpu0->cpu0_DTLB AVERAGE MISS LATENCY: 5.385 cycles
cpu0->LLC TOTAL        ACCESS:    1592091 HIT:     885677 MISS:     706414 MSHR_MERGE:          0
cpu0->LLC LOAD         ACCESS:    1000674 HIT:     706071 MISS:     294603 MSHR_MERGE:          0
cpu0->LLC RFO          ACCESS:          0 HIT:          0 MISS:          0 MSHR_MERGE:          0
cpu0->LLC PREFETCH     ACCESS:     392286 HIT:      43880 MISS:     348406 MSHR_MERGE:          0
cpu0->LLC WRITE        ACCESS:     198657 HIT:     135723 MISS:      62934 MSHR_MERGE:          0
cpu0->LLC TRANSLATION  ACCESS:        474 HIT:          3 MISS:        471 MSHR_MERGE:          0
cpu0->LLC PREFETCH REQUESTED:          0 ISSUED:          0 USEFUL:          0 USELESS:          0
cpu0->LLC AVERAGE MISS LATENCY: 180.8 cycles

DRAM Statistics

Channel 0 RQ ROW_BUFFER_HIT:       8561
  ROW_BUFFER_MISS:     634883
  AVG DBUS CONGESTED CYCLE: 28.28
Channel 0 WQ ROW_BUFFER_HIT:      17820
  ROW_BUFFER_MISS:      65584
  FULL:          0
Channel 0 REFRESHES ISSUED:      10037


--- STDERR ---



=== TRACE: traces/GAP/bfs-10.trace.gz ===
COMMAND: ./bin/1C.fullBW.ghb_pccs --warmup-instructions=10000000 --simulation-instructions=50000000 traces/GAP/bfs-10.trace.gz
RETURNCODE: 0

--- STDOUT ---
[VMEM] WARNING: physical memory size is smaller than virtual memory size.

*** ChampSim Multicore Out-of-Order Simulator ***
Warmup Instructions: 10000000
Simulation Instructions: 50000000
Number of CPUs: 1
Page size: 4096
Core 0: traces/GAP/bfs-10.trace.gz
Off-chip DRAM Size: 64 GiB Channels: 1 Width: 64-bit Data Rate: 4807 MT/s
Heartbeat CPU 0 instructions: 500001 cycles: 116163 heartbeat IPC: 4.304 cumulative IPC: 4.304 (Simulation time: 00 hr 00 min 02 sec)
Heartbeat CPU 0 instructions: 1000002 cycles: 228519 heartbeat IPC: 4.45 cumulative IPC: 4.376 (Simulation time: 00 hr 00 min 03 sec)
Heartbeat CPU 0 instructions: 1500006 cycles: 340412 heartbeat IPC: 4.469 cumulative IPC: 4.406 (Simulation time: 00 hr 00 min 04 sec)
Heartbeat CPU 0 instructions: 2000013 cycles: 452506 heartbeat IPC: 4.461 cumulative IPC: 4.42 (Simulation time: 00 hr 00 min 06 sec)
Heartbeat CPU 0 instructions: 2500014 cycles: 564757 heartbeat IPC: 4.454 cumulative IPC: 4.427 (Simulation time: 00 hr 00 min 07 sec)
Heartbeat CPU 0 instructions: 3000016 cycles: 676998 heartbeat IPC: 4.455 cumulative IPC: 4.431 (Simulation time: 00 hr 00 min 08 sec)
Heartbeat CPU 0 instructions: 3500020 cycles: 789465 heartbeat IPC: 4.446 cumulative IPC: 4.433 (Simulation time: 00 hr 00 min 10 sec)
Heartbeat CPU 0 instructions: 4000025 cycles: 901608 heartbeat IPC: 4.459 cumulative IPC: 4.437 (Simulation time: 00 hr 00 min 11 sec)
Heartbeat CPU 0 instructions: 4500028 cycles: 1013621 heartbeat IPC: 4.464 cumulative IPC: 4.44 (Simulation time: 00 hr 00 min 12 sec)
Heartbeat CPU 0 instructions: 5000035 cycles: 1126480 heartbeat IPC: 4.43 cumulative IPC: 4.439 (Simulation time: 00 hr 00 min 13 sec)
Heartbeat CPU 0 instructions: 5500036 cycles: 1238863 heartbeat IPC: 4.449 cumulative IPC: 4.44 (Simulation time: 00 hr 00 min 15 sec)
Heartbeat CPU 0 instructions: 6000042 cycles: 1351102 heartbeat IPC: 4.455 cumulative IPC: 4.441 (Simulation time: 00 hr 00 min 16 sec)
Heartbeat CPU 0 instructions: 6500049 cycles: 1462888 heartbeat IPC: 4.473 cumulative IPC: 4.443 (Simulation time: 00 hr 00 min 17 sec)
Heartbeat CPU 0 instructions: 7000052 cycles: 1575296 heartbeat IPC: 4.448 cumulative IPC: 4.444 (Simulation time: 00 hr 00 min 18 sec)
Heartbeat CPU 0 instructions: 7500052 cycles: 1687760 heartbeat IPC: 4.446 cumulative IPC: 4.444 (Simulation time: 00 hr 00 min 20 sec)
Heartbeat CPU 0 instructions: 8000055 cycles: 1799967 heartbeat IPC: 4.456 cumulative IPC: 4.445 (Simulation time: 00 hr 00 min 21 sec)
Heartbeat CPU 0 instructions: 8500060 cycles: 1912255 heartbeat IPC: 4.453 cumulative IPC: 4.445 (Simulation time: 00 hr 00 min 22 sec)
Heartbeat CPU 0 instructions: 9000064 cycles: 2024602 heartbeat IPC: 4.451 cumulative IPC: 4.445 (Simulation time: 00 hr 00 min 24 sec)
Heartbeat CPU 0 instructions: 9500068 cycles: 2136082 heartbeat IPC: 4.485 cumulative IPC: 4.447 (Simulation time: 00 hr 00 min 25 sec)
Warmup finished CPU 0 instructions: 10000004 cycles: 2248382 cumulative IPC: 4.448 (Simulation time: 00 hr 00 min 27 sec)
Warmup complete CPU 0 instructions: 10000004 cycles: 2248382 cumulative IPC: 4.448 (Simulation time: 00 hr 00 min 27 sec)
Heartbeat CPU 0 instructions: 10000075 cycles: 2248413 heartbeat IPC: 4.451 cumulative IPC: 2.29 (Simulation time: 00 hr 00 min 27 sec)
Heartbeat CPU 0 instructions: 10500075 cycles: 3059517 heartbeat IPC: 0.6164 cumulative IPC: 0.6165 (Simulation time: 00 hr 00 min 31 sec)
Heartbeat CPU 0 instructions: 11000076 cycles: 4363032 heartbeat IPC: 0.3836 cumulative IPC: 0.4729 (Simulation time: 00 hr 00 min 36 sec)
Heartbeat CPU 0 instructions: 11500077 cycles: 5703570 heartbeat IPC: 0.373 cumulative IPC: 0.4342 (Simulation time: 00 hr 00 min 42 sec)
Heartbeat CPU 0 instructions: 12000077 cycles: 7031939 heartbeat IPC: 0.3764 cumulative IPC: 0.4181 (Simulation time: 00 hr 00 min 47 sec)
Heartbeat CPU 0 instructions: 12500078 cycles: 8358721 heartbeat IPC: 0.3769 cumulative IPC: 0.4092 (Simulation time: 00 hr 00 min 52 sec)
Heartbeat CPU 0 instructions: 13000078 cycles: 9687570 heartbeat IPC: 0.3763 cumulative IPC: 0.4033 (Simulation time: 00 hr 00 min 58 sec)
Heartbeat CPU 0 instructions: 13500080 cycles: 11007044 heartbeat IPC: 0.3789 cumulative IPC: 0.3996 (Simulation time: 00 hr 01 min 03 sec)
Heartbeat CPU 0 instructions: 14000081 cycles: 12310933 heartbeat IPC: 0.3835 cumulative IPC: 0.3975 (Simulation time: 00 hr 01 min 08 sec)
Heartbeat CPU 0 instructions: 14500081 cycles: 13617639 heartbeat IPC: 0.3826 cumulative IPC: 0.3958 (Simulation time: 00 hr 01 min 14 sec)
Heartbeat CPU 0 instructions: 15000086 cycles: 14925413 heartbeat IPC: 0.3823 cumulative IPC: 0.3944 (Simulation time: 00 hr 01 min 19 sec)
Heartbeat CPU 0 instructions: 15500086 cycles: 16191612 heartbeat IPC: 0.3949 cumulative IPC: 0.3945 (Simulation time: 00 hr 01 min 24 sec)
Heartbeat CPU 0 instructions: 16000086 cycles: 17501928 heartbeat IPC: 0.3816 cumulative IPC: 0.3934 (Simulation time: 00 hr 01 min 29 sec)
Heartbeat CPU 0 instructions: 16500086 cycles: 18815873 heartbeat IPC: 0.3805 cumulative IPC: 0.3923 (Simulation time: 00 hr 01 min 35 sec)
Heartbeat CPU 0 instructions: 17000090 cycles: 20123967 heartbeat IPC: 0.3822 cumulative IPC: 0.3916 (Simulation time: 00 hr 01 min 40 sec)
Heartbeat CPU 0 instructions: 17500094 cycles: 21438031 heartbeat IPC: 0.3805 cumulative IPC: 0.3908 (Simulation time: 00 hr 01 min 46 sec)
Heartbeat CPU 0 instructions: 18000094 cycles: 22726496 heartbeat IPC: 0.3881 cumulative IPC: 0.3907 (Simulation time: 00 hr 01 min 51 sec)
Heartbeat CPU 0 instructions: 18500094 cycles: 24061199 heartbeat IPC: 0.3746 cumulative IPC: 0.3897 (Simulation time: 00 hr 01 min 57 sec)
Heartbeat CPU 0 instructions: 19000094 cycles: 25370855 heartbeat IPC: 0.3818 cumulative IPC: 0.3892 (Simulation time: 00 hr 02 min 02 sec)
Heartbeat CPU 0 instructions: 19500094 cycles: 26667792 heartbeat IPC: 0.3855 cumulative IPC: 0.389 (Simulation time: 00 hr 02 min 08 sec)
Heartbeat CPU 0 instructions: 20000094 cycles: 27963952 heartbeat IPC: 0.3858 cumulative IPC: 0.3889 (Simulation time: 00 hr 02 min 13 sec)
Heartbeat CPU 0 instructions: 20500094 cycles: 29248327 heartbeat IPC: 0.3893 cumulative IPC: 0.3889 (Simulation time: 00 hr 02 min 18 sec)
Heartbeat CPU 0 instructions: 21000094 cycles: 30570881 heartbeat IPC: 0.3781 cumulative IPC: 0.3884 (Simulation time: 00 hr 02 min 23 sec)
Heartbeat CPU 0 instructions: 21500094 cycles: 31890510 heartbeat IPC: 0.3789 cumulative IPC: 0.388 (Simulation time: 00 hr 02 min 29 sec)
Heartbeat CPU 0 instructions: 22000095 cycles: 33192061 heartbeat IPC: 0.3842 cumulative IPC: 0.3878 (Simulation time: 00 hr 02 min 34 sec)
Heartbeat CPU 0 instructions: 22500095 cycles: 34513517 heartbeat IPC: 0.3784 cumulative IPC: 0.3874 (Simulation time: 00 hr 02 min 39 sec)
Heartbeat CPU 0 instructions: 23000095 cycles: 35814568 heartbeat IPC: 0.3843 cumulative IPC: 0.3873 (Simulation time: 00 hr 02 min 44 sec)
Heartbeat CPU 0 instructions: 23500095 cycles: 37148167 heartbeat IPC: 0.3749 cumulative IPC: 0.3868 (Simulation time: 00 hr 02 min 49 sec)
Heartbeat CPU 0 instructions: 24000096 cycles: 38442473 heartbeat IPC: 0.3863 cumulative IPC: 0.3868 (Simulation time: 00 hr 02 min 54 sec)
Heartbeat CPU 0 instructions: 24500097 cycles: 39762892 heartbeat IPC: 0.3787 cumulative IPC: 0.3865 (Simulation time: 00 hr 03 min 00 sec)
Heartbeat CPU 0 instructions: 25000102 cycles: 41057784 heartbeat IPC: 0.3861 cumulative IPC: 0.3865 (Simulation time: 00 hr 03 min 05 sec)
Heartbeat CPU 0 instructions: 25500103 cycles: 42379172 heartbeat IPC: 0.3784 cumulative IPC: 0.3862 (Simulation time: 00 hr 03 min 10 sec)
Heartbeat CPU 0 instructions: 26000103 cycles: 43701519 heartbeat IPC: 0.3781 cumulative IPC: 0.386 (Simulation time: 00 hr 03 min 15 sec)
Heartbeat CPU 0 instructions: 26500109 cycles: 45011007 heartbeat IPC: 0.3818 cumulative IPC: 0.3859 (Simulation time: 00 hr 03 min 20 sec)
Heartbeat CPU 0 instructions: 27000109 cycles: 46317856 heartbeat IPC: 0.3826 cumulative IPC: 0.3858 (Simulation time: 00 hr 03 min 26 sec)
Heartbeat CPU 0 instructions: 27500110 cycles: 47635698 heartbeat IPC: 0.3794 cumulative IPC: 0.3856 (Simulation time: 00 hr 03 min 31 sec)
Heartbeat CPU 0 instructions: 28000110 cycles: 48928977 heartbeat IPC: 0.3866 cumulative IPC: 0.3856 (Simulation time: 00 hr 03 min 36 sec)
Heartbeat CPU 0 instructions: 28500116 cycles: 50216241 heartbeat IPC: 0.3884 cumulative IPC: 0.3857 (Simulation time: 00 hr 03 min 41 sec)
Heartbeat CPU 0 instructions: 29000118 cycles: 51501866 heartbeat IPC: 0.3889 cumulative IPC: 0.3858 (Simulation time: 00 hr 03 min 46 sec)
Heartbeat CPU 0 instructions: 29500119 cycles: 52795267 heartbeat IPC: 0.3866 cumulative IPC: 0.3858 (Simulation time: 00 hr 03 min 51 sec)
Heartbeat CPU 0 instructions: 30000123 cycles: 54072931 heartbeat IPC: 0.3913 cumulative IPC: 0.3859 (Simulation time: 00 hr 03 min 56 sec)
Heartbeat CPU 0 instructions: 30500125 cycles: 55389219 heartbeat IPC: 0.3799 cumulative IPC: 0.3858 (Simulation time: 00 hr 04 min 01 sec)
Heartbeat CPU 0 instructions: 31000125 cycles: 56687888 heartbeat IPC: 0.385 cumulative IPC: 0.3858 (Simulation time: 00 hr 04 min 06 sec)
Heartbeat CPU 0 instructions: 31500126 cycles: 58005078 heartbeat IPC: 0.3796 cumulative IPC: 0.3856 (Simulation time: 00 hr 04 min 11 sec)
Heartbeat CPU 0 instructions: 32000132 cycles: 59326364 heartbeat IPC: 0.3784 cumulative IPC: 0.3854 (Simulation time: 00 hr 04 min 17 sec)
Heartbeat CPU 0 instructions: 32500132 cycles: 60636156 heartbeat IPC: 0.3817 cumulative IPC: 0.3854 (Simulation time: 00 hr 04 min 23 sec)
Heartbeat CPU 0 instructions: 33000133 cycles: 61943817 heartbeat IPC: 0.3824 cumulative IPC: 0.3853 (Simulation time: 00 hr 04 min 28 sec)
Heartbeat CPU 0 instructions: 33500134 cycles: 63249042 heartbeat IPC: 0.3831 cumulative IPC: 0.3852 (Simulation time: 00 hr 04 min 33 sec)
Heartbeat CPU 0 instructions: 34000135 cycles: 64566281 heartbeat IPC: 0.3796 cumulative IPC: 0.3851 (Simulation time: 00 hr 04 min 38 sec)
Heartbeat CPU 0 instructions: 34500135 cycles: 65866544 heartbeat IPC: 0.3845 cumulative IPC: 0.3851 (Simulation time: 00 hr 04 min 43 sec)
Heartbeat CPU 0 instructions: 35000137 cycles: 67176949 heartbeat IPC: 0.3816 cumulative IPC: 0.385 (Simulation time: 00 hr 04 min 48 sec)
Heartbeat CPU 0 instructions: 35500138 cycles: 68499145 heartbeat IPC: 0.3782 cumulative IPC: 0.3849 (Simulation time: 00 hr 04 min 53 sec)
Heartbeat CPU 0 instructions: 36000143 cycles: 69826165 heartbeat IPC: 0.3768 cumulative IPC: 0.3847 (Simulation time: 00 hr 04 min 58 sec)
Heartbeat CPU 0 instructions: 36500144 cycles: 71137129 heartbeat IPC: 0.3814 cumulative IPC: 0.3847 (Simulation time: 00 hr 05 min 04 sec)
Heartbeat CPU 0 instructions: 37000147 cycles: 72442801 heartbeat IPC: 0.3829 cumulative IPC: 0.3846 (Simulation time: 00 hr 05 min 09 sec)
Heartbeat CPU 0 instructions: 37500152 cycles: 73760673 heartbeat IPC: 0.3794 cumulative IPC: 0.3846 (Simulation time: 00 hr 05 min 14 sec)
Heartbeat CPU 0 instructions: 38000153 cycles: 75080500 heartbeat IPC: 0.3788 cumulative IPC: 0.3844 (Simulation time: 00 hr 05 min 19 sec)
Heartbeat CPU 0 instructions: 38500153 cycles: 76417184 heartbeat IPC: 0.3741 cumulative IPC: 0.3843 (Simulation time: 00 hr 05 min 24 sec)
Heartbeat CPU 0 instructions: 39000153 cycles: 77715553 heartbeat IPC: 0.3851 cumulative IPC: 0.3843 (Simulation time: 00 hr 05 min 29 sec)
Heartbeat CPU 0 instructions: 39500156 cycles: 79003945 heartbeat IPC: 0.3881 cumulative IPC: 0.3843 (Simulation time: 00 hr 05 min 34 sec)
Heartbeat CPU 0 instructions: 40000156 cycles: 80292037 heartbeat IPC: 0.3882 cumulative IPC: 0.3844 (Simulation time: 00 hr 05 min 39 sec)
Heartbeat CPU 0 instructions: 40500156 cycles: 81615480 heartbeat IPC: 0.3778 cumulative IPC: 0.3843 (Simulation time: 00 hr 05 min 44 sec)
Heartbeat CPU 0 instructions: 41000156 cycles: 82927257 heartbeat IPC: 0.3812 cumulative IPC: 0.3842 (Simulation time: 00 hr 05 min 49 sec)
Heartbeat CPU 0 instructions: 41500156 cycles: 84219161 heartbeat IPC: 0.387 cumulative IPC: 0.3843 (Simulation time: 00 hr 05 min 54 sec)
Heartbeat CPU 0 instructions: 42000156 cycles: 85532614 heartbeat IPC: 0.3807 cumulative IPC: 0.3842 (Simulation time: 00 hr 05 min 59 sec)
Heartbeat CPU 0 instructions: 42500157 cycles: 86823312 heartbeat IPC: 0.3874 cumulative IPC: 0.3843 (Simulation time: 00 hr 06 min 04 sec)
Heartbeat CPU 0 instructions: 43000161 cycles: 88149201 heartbeat IPC: 0.3771 cumulative IPC: 0.3842 (Simulation time: 00 hr 06 min 09 sec)
Heartbeat CPU 0 instructions: 43500167 cycles: 89439207 heartbeat IPC: 0.3876 cumulative IPC: 0.3842 (Simulation time: 00 hr 06 min 14 sec)
Heartbeat CPU 0 instructions: 44000168 cycles: 90735177 heartbeat IPC: 0.3858 cumulative IPC: 0.3842 (Simulation time: 00 hr 06 min 19 sec)
Heartbeat CPU 0 instructions: 44500171 cycles: 92053285 heartbeat IPC: 0.3793 cumulative IPC: 0.3842 (Simulation time: 00 hr 06 min 24 sec)
Heartbeat CPU 0 instructions: 45000172 cycles: 93372746 heartbeat IPC: 0.3789 cumulative IPC: 0.3841 (Simulation time: 00 hr 06 min 29 sec)
Heartbeat CPU 0 instructions: 45500172 cycles: 94689299 heartbeat IPC: 0.3798 cumulative IPC: 0.384 (Simulation time: 00 hr 06 min 34 sec)
Heartbeat CPU 0 instructions: 46000175 cycles: 96003528 heartbeat IPC: 0.3805 cumulative IPC: 0.384 (Simulation time: 00 hr 06 min 39 sec)
Heartbeat CPU 0 instructions: 46500175 cycles: 97302324 heartbeat IPC: 0.385 cumulative IPC: 0.384 (Simulation time: 00 hr 06 min 43 sec)
Heartbeat CPU 0 instructions: 47000178 cycles: 98608609 heartbeat IPC: 0.3828 cumulative IPC: 0.384 (Simulation time: 00 hr 06 min 48 sec)
Heartbeat CPU 0 instructions: 47500178 cycles: 99931613 heartbeat IPC: 0.3779 cumulative IPC: 0.3839 (Simulation time: 00 hr 06 min 53 sec)
Heartbeat CPU 0 instructions: 48000178 cycles: 101236613 heartbeat IPC: 0.3831 cumulative IPC: 0.3839 (Simulation time: 00 hr 06 min 57 sec)
Heartbeat CPU 0 instructions: 48500179 cycles: 102537941 heartbeat IPC: 0.3842 cumulative IPC: 0.3839 (Simulation time: 00 hr 07 min 02 sec)
Heartbeat CPU 0 instructions: 49000179 cycles: 103834048 heartbeat IPC: 0.3858 cumulative IPC: 0.3839 (Simulation time: 00 hr 07 min 07 sec)
Heartbeat CPU 0 instructions: 49500179 cycles: 105126232 heartbeat IPC: 0.3869 cumulative IPC: 0.384 (Simulation time: 00 hr 07 min 12 sec)
Heartbeat CPU 0 instructions: 50000179 cycles: 106428651 heartbeat IPC: 0.3839 cumulative IPC: 0.384 (Simulation time: 00 hr 07 min 16 sec)
Heartbeat CPU 0 instructions: 50500182 cycles: 107745710 heartbeat IPC: 0.3796 cumulative IPC: 0.3839 (Simulation time: 00 hr 07 min 21 sec)
Heartbeat CPU 0 instructions: 51000182 cycles: 109067542 heartbeat IPC: 0.3783 cumulative IPC: 0.3838 (Simulation time: 00 hr 07 min 26 sec)
Heartbeat CPU 0 instructions: 51500182 cycles: 110386311 heartbeat IPC: 0.3791 cumulative IPC: 0.3838 (Simulation time: 00 hr 07 min 30 sec)
Heartbeat CPU 0 instructions: 52000185 cycles: 111710890 heartbeat IPC: 0.3775 cumulative IPC: 0.3837 (Simulation time: 00 hr 07 min 35 sec)
Heartbeat CPU 0 instructions: 52500185 cycles: 113014462 heartbeat IPC: 0.3836 cumulative IPC: 0.3837 (Simulation time: 00 hr 07 min 38 sec)
Heartbeat CPU 0 instructions: 53000185 cycles: 114329605 heartbeat IPC: 0.3802 cumulative IPC: 0.3837 (Simulation time: 00 hr 07 min 42 sec)
Heartbeat CPU 0 instructions: 53500187 cycles: 115641142 heartbeat IPC: 0.3812 cumulative IPC: 0.3836 (Simulation time: 00 hr 07 min 46 sec)
Heartbeat CPU 0 instructions: 54000187 cycles: 116954619 heartbeat IPC: 0.3807 cumulative IPC: 0.3836 (Simulation time: 00 hr 07 min 50 sec)
Heartbeat CPU 0 instructions: 54500193 cycles: 118274775 heartbeat IPC: 0.3787 cumulative IPC: 0.3835 (Simulation time: 00 hr 07 min 54 sec)
Heartbeat CPU 0 instructions: 55000197 cycles: 119997768 heartbeat IPC: 0.2902 cumulative IPC: 0.3822 (Simulation time: 00 hr 07 min 59 sec)
Heartbeat CPU 0 instructions: 55500197 cycles: 122058379 heartbeat IPC: 0.2426 cumulative IPC: 0.3798 (Simulation time: 00 hr 08 min 05 sec)
Heartbeat CPU 0 instructions: 56000197 cycles: 124085295 heartbeat IPC: 0.2467 cumulative IPC: 0.3776 (Simulation time: 00 hr 08 min 11 sec)
Heartbeat CPU 0 instructions: 56500197 cycles: 126110544 heartbeat IPC: 0.2469 cumulative IPC: 0.3754 (Simulation time: 00 hr 08 min 16 sec)
Heartbeat CPU 0 instructions: 57000197 cycles: 128133764 heartbeat IPC: 0.2471 cumulative IPC: 0.3734 (Simulation time: 00 hr 08 min 22 sec)
Heartbeat CPU 0 instructions: 57500201 cycles: 130188725 heartbeat IPC: 0.2433 cumulative IPC: 0.3713 (Simulation time: 00 hr 08 min 28 sec)
Heartbeat CPU 0 instructions: 58000202 cycles: 132215182 heartbeat IPC: 0.2467 cumulative IPC: 0.3693 (Simulation time: 00 hr 08 min 33 sec)
Heartbeat CPU 0 instructions: 58500206 cycles: 134194487 heartbeat IPC: 0.2526 cumulative IPC: 0.3676 (Simulation time: 00 hr 08 min 39 sec)
Heartbeat CPU 0 instructions: 59000209 cycles: 136220258 heartbeat IPC: 0.2468 cumulative IPC: 0.3657 (Simulation time: 00 hr 08 min 45 sec)
Heartbeat CPU 0 instructions: 59500213 cycles: 138231102 heartbeat IPC: 0.2487 cumulative IPC: 0.364 (Simulation time: 00 hr 08 min 50 sec)
Simulation finished CPU 0 instructions: 50000004 cycles: 137996544 cumulative IPC: 0.3623 (Simulation time: 00 hr 08 min 56 sec)
Simulation complete CPU 0 instructions: 50000004 cycles: 137996544 cumulative IPC: 0.3623 (Simulation time: 00 hr 08 min 56 sec)

ChampSim completed all CPUs

=== Simulation ===
CPU 0 runs traces/GAP/bfs-10.trace.gz

Region of Interest Statistics

CPU 0 cumulative IPC: 0.3623 instructions: 50000004 cycles: 137996544
CPU 0 Branch Prediction Accuracy: 87.15% MPKI: 26.33 Average ROB Occupancy at Mispredict: 16.04
Branch type MPKI
BRANCH_DIRECT_JUMP: 0.00016
BRANCH_INDIRECT: 0
BRANCH_CONDITIONAL: 26.33
BRANCH_DIRECT_CALL: 0.00034
BRANCH_INDIRECT_CALL: 0
BRANCH_RETURN: 0.00038

cpu0->cpu0_STLB TOTAL        ACCESS:      41514 HIT:       5364 MISS:      36150 MSHR_MERGE:          0
cpu0->cpu0_STLB LOAD         ACCESS:      41514 HIT:       5364 MISS:      36150 MSHR_MERGE:          0
cpu0->cpu0_STLB RFO          ACCESS:          0 HIT:          0 MISS:          0 MSHR_MERGE:          0
cpu0->cpu0_STLB PREFETCH     ACCESS:          0 HIT:          0 MISS:          0 MSHR_MERGE:          0
cpu0->cpu0_STLB WRITE        ACCESS:          0 HIT:          0 MISS:          0 MSHR_MERGE:          0
cpu0->cpu0_STLB TRANSLATION  ACCESS:          0 HIT:          0 MISS:          0 MSHR_MERGE:          0
cpu0->cpu0_STLB PREFETCH REQUESTED:          0 ISSUED:          0 USEFUL:          0 USELESS:          0
cpu0->cpu0_STLB AVERAGE MISS LATENCY: 184.4 cycles
cpu0->cpu0_L2C TOTAL        ACCESS:    4286439 HIT:    3283807 MISS:    1002632 MSHR_MERGE:      28678
cpu0->cpu0_L2C LOAD         ACCESS:    2403314 HIT:    1990608 MISS:     412706 MSHR_MERGE:       1203
cpu0->cpu0_L2C RFO          ACCESS:      10208 HIT:       3850 MISS:       6358 MSHR_MERGE:          0
cpu0->cpu0_L2C PREFETCH     ACCESS:    1762638 HIT:    1184707 MISS:     577931 MSHR_MERGE:      27475
cpu0->cpu0_L2C WRITE        ACCESS:     101742 HIT:     101741 MISS:          1 MSHR_MERGE:          0
cpu0->cpu0_L2C TRANSLATION  ACCESS:       8537 HIT:       2901 MISS:       5636 MSHR_MERGE:          0
cpu0->cpu0_L2C PREFETCH REQUESTED:    1762890 ISSUED:    1762638 USEFUL:     299757 USELESS:     244998
cpu0->cpu0_L2C AVERAGE MISS LATENCY: 225.8 cycles
cpu0->cpu0_L1I TOTAL        ACCESS:      26925 HIT:      26884 MISS:         41 MSHR_MERGE:          3
cpu0->cpu0_L1I LOAD         ACCESS:      26925 HIT:      26884 MISS:         41 MSHR_MERGE:          3
cpu0->cpu0_L1I RFO          ACCESS:          0 HIT:          0 MISS:          0 MSHR_MERGE:          0
cpu0->cpu0_L1I PREFETCH     ACCESS:          0 HIT:          0 MISS:          0 MSHR_MERGE:          0
cpu0->cpu0_L1I WRITE        ACCESS:          0 HIT:          0 MISS:          0 MSHR_MERGE:          0
cpu0->cpu0_L1I TRANSLATION  ACCESS:          0 HIT:          0 MISS:          0 MSHR_MERGE:          0
cpu0->cpu0_L1I PREFETCH REQUESTED:          0 ISSUED:          0 USEFUL:          0 USELESS:          0
cpu0->cpu0_L1I AVERAGE MISS LATENCY: 292.1 cycles
cpu0->cpu0_L1D TOTAL        ACCESS:   12640666 HIT:    8937384 MISS:    3703282 MSHR_MERGE:    1281261
cpu0->cpu0_L1D LOAD         ACCESS:   11636745 HIT:    8005496 MISS:    3631249 MSHR_MERGE:    1227973
cpu0->cpu0_L1D RFO          ACCESS:          0 HIT:          0 MISS:          0 MSHR_MERGE:          0
cpu0->cpu0_L1D PREFETCH     ACCESS:          0 HIT:          0 MISS:          0 MSHR_MERGE:          0
cpu0->cpu0_L1D WRITE        ACCESS:     931747 HIT:     868495 MISS:      63252 MSHR_MERGE:      53044
cpu0->cpu0_L1D TRANSLATION  ACCESS:      72174 HIT:      63393 MISS:       8781 MSHR_MERGE:        244
cpu0->cpu0_L1D PREFETCH REQUESTED:          0 ISSUED:          0 USEFUL:          0 USELESS:          0
cpu0->cpu0_L1D AVERAGE MISS LATENCY: 47.8 cycles
cpu0->cpu0_ITLB TOTAL        ACCESS:      26149 HIT:      26147 MISS:          2 MSHR_MERGE:          1
cpu0->cpu0_ITLB LOAD         ACCESS:      26149 HIT:      26147 MISS:          2 MSHR_MERGE:          1
cpu0->cpu0_ITLB RFO          ACCESS:          0 HIT:          0 MISS:          0 MSHR_MERGE:          0
cpu0->cpu0_ITLB PREFETCH     ACCESS:          0 HIT:          0 MISS:          0 MSHR_MERGE:          0
cpu0->cpu0_ITLB WRITE        ACCESS:          0 HIT:          0 MISS:          0 MSHR_MERGE:          0
cpu0->cpu0_ITLB TRANSLATION  ACCESS:          0 HIT:          0 MISS:          0 MSHR_MERGE:          0
cpu0->cpu0_ITLB PREFETCH REQUESTED:          0 ISSUED:          0 USEFUL:          0 USELESS:          0
cpu0->cpu0_ITLB AVERAGE MISS LATENCY: 564 cycles
cpu0->cpu0_DTLB TOTAL        ACCESS:   12551065 HIT:   12418118 MISS:     132947 MSHR_MERGE:      91434
cpu0->cpu0_DTLB LOAD         ACCESS:   12551065 HIT:   12418118 MISS:     132947 MSHR_MERGE:      91434
cpu0->cpu0_DTLB RFO          ACCESS:          0 HIT:          0 MISS:          0 MSHR_MERGE:          0
cpu0->cpu0_DTLB PREFETCH     ACCESS:          0 HIT:          0 MISS:          0 MSHR_MERGE:          0
cpu0->cpu0_DTLB WRITE        ACCESS:          0 HIT:          0 MISS:          0 MSHR_MERGE:          0
cpu0->cpu0_DTLB TRANSLATION  ACCESS:          0 HIT:          0 MISS:          0 MSHR_MERGE:          0
cpu0->cpu0_DTLB PREFETCH REQUESTED:          0 ISSUED:          0 USEFUL:          0 USELESS:          0
cpu0->cpu0_DTLB AVERAGE MISS LATENCY: 166.5 cycles
cpu0->LLC TOTAL        ACCESS:    1076423 HIT:      31578 MISS:    1044845 MSHR_MERGE:          0
cpu0->LLC LOAD         ACCESS:     411503 HIT:       3772 MISS:     407731 MSHR_MERGE:          0
cpu0->LLC RFO          ACCESS:       6358 HIT:          0 MISS:       6358 MSHR_MERGE:          0
cpu0->LLC PREFETCH     ACCESS:     550456 HIT:       6641 MISS:     543815 MSHR_MERGE:          0
cpu0->LLC WRITE        ACCESS:     102470 HIT:      21154 MISS:      81316 MSHR_MERGE:          0
cpu0->LLC TRANSLATION  ACCESS:       5636 HIT:         11 MISS:       5625 MSHR_MERGE:          0
cpu0->LLC PREFETCH REQUESTED:          0 ISSUED:          0 USEFUL:          0 USELESS:          0
cpu0->LLC AVERAGE MISS LATENCY: 174.4 cycles

DRAM Statistics

Channel 0 RQ ROW_BUFFER_HIT:      81403
  ROW_BUFFER_MISS:     882126
  AVG DBUS CONGESTED CYCLE: 28.21
Channel 0 WQ ROW_BUFFER_HIT:      25668
  ROW_BUFFER_MISS:      74076
  FULL:          0
Channel 0 REFRESHES ISSUED:      11499


--- STDERR ---



=== TRACE: traces/GAP/bfs-14.trace.gz ===
COMMAND: ./bin/1C.fullBW.ghb_pccs --warmup-instructions=10000000 --simulation-instructions=50000000 traces/GAP/bfs-14.trace.gz
RETURNCODE: 0

--- STDOUT ---
[VMEM] WARNING: physical memory size is smaller than virtual memory size.

*** ChampSim Multicore Out-of-Order Simulator ***
Warmup Instructions: 10000000
Simulation Instructions: 50000000
Number of CPUs: 1
Page size: 4096
Core 0: traces/GAP/bfs-14.trace.gz
Off-chip DRAM Size: 64 GiB Channels: 1 Width: 64-bit Data Rate: 4807 MT/s
Heartbeat CPU 0 instructions: 500006 cycles: 116615 heartbeat IPC: 4.288 cumulative IPC: 4.288 (Simulation time: 00 hr 00 min 02 sec)
Heartbeat CPU 0 instructions: 1000009 cycles: 228938 heartbeat IPC: 4.451 cumulative IPC: 4.368 (Simulation time: 00 hr 00 min 03 sec)
Heartbeat CPU 0 instructions: 1500014 cycles: 341382 heartbeat IPC: 4.447 cumulative IPC: 4.394 (Simulation time: 00 hr 00 min 04 sec)
Heartbeat CPU 0 instructions: 2000018 cycles: 453462 heartbeat IPC: 4.461 cumulative IPC: 4.411 (Simulation time: 00 hr 00 min 06 sec)
Heartbeat CPU 0 instructions: 2500022 cycles: 565790 heartbeat IPC: 4.451 cumulative IPC: 4.419 (Simulation time: 00 hr 00 min 07 sec)
Heartbeat CPU 0 instructions: 3000023 cycles: 678097 heartbeat IPC: 4.452 cumulative IPC: 4.424 (Simulation time: 00 hr 00 min 08 sec)
Heartbeat CPU 0 instructions: 3500024 cycles: 790244 heartbeat IPC: 4.458 cumulative IPC: 4.429 (Simulation time: 00 hr 00 min 10 sec)
Heartbeat CPU 0 instructions: 4000031 cycles: 902960 heartbeat IPC: 4.436 cumulative IPC: 4.43 (Simulation time: 00 hr 00 min 11 sec)
Heartbeat CPU 0 instructions: 4500037 cycles: 1015404 heartbeat IPC: 4.447 cumulative IPC: 4.432 (Simulation time: 00 hr 00 min 12 sec)
Heartbeat CPU 0 instructions: 5000038 cycles: 1127573 heartbeat IPC: 4.458 cumulative IPC: 4.434 (Simulation time: 00 hr 00 min 13 sec)
Heartbeat CPU 0 instructions: 5500039 cycles: 1239909 heartbeat IPC: 4.451 cumulative IPC: 4.436 (Simulation time: 00 hr 00 min 15 sec)
Heartbeat CPU 0 instructions: 6000041 cycles: 1352366 heartbeat IPC: 4.446 cumulative IPC: 4.437 (Simulation time: 00 hr 00 min 16 sec)
Heartbeat CPU 0 instructions: 6500046 cycles: 1464332 heartbeat IPC: 4.466 cumulative IPC: 4.439 (Simulation time: 00 hr 00 min 17 sec)
Heartbeat CPU 0 instructions: 7000049 cycles: 1576605 heartbeat IPC: 4.453 cumulative IPC: 4.44 (Simulation time: 00 hr 00 min 18 sec)
Heartbeat CPU 0 instructions: 7500051 cycles: 1688863 heartbeat IPC: 4.454 cumulative IPC: 4.441 (Simulation time: 00 hr 00 min 20 sec)
Heartbeat CPU 0 instructions: 8000054 cycles: 1800880 heartbeat IPC: 4.464 cumulative IPC: 4.442 (Simulation time: 00 hr 00 min 21 sec)
Heartbeat CPU 0 instructions: 8500058 cycles: 1913490 heartbeat IPC: 4.44 cumulative IPC: 4.442 (Simulation time: 00 hr 00 min 22 sec)
Heartbeat CPU 0 instructions: 9000065 cycles: 2025775 heartbeat IPC: 4.453 cumulative IPC: 4.443 (Simulation time: 00 hr 00 min 24 sec)
Heartbeat CPU 0 instructions: 9500072 cycles: 2138427 heartbeat IPC: 4.439 cumulative IPC: 4.443 (Simulation time: 00 hr 00 min 25 sec)
Warmup finished CPU 0 instructions: 10000005 cycles: 2250662 cumulative IPC: 4.443 (Simulation time: 00 hr 00 min 27 sec)
Warmup complete CPU 0 instructions: 10000005 cycles: 2250662 cumulative IPC: 4.443 (Simulation time: 00 hr 00 min 27 sec)
Heartbeat CPU 0 instructions: 10000077 cycles: 2250671 heartbeat IPC: 4.455 cumulative IPC: 8 (Simulation time: 00 hr 00 min 27 sec)
Heartbeat CPU 0 instructions: 10500084 cycles: 3032472 heartbeat IPC: 0.6396 cumulative IPC: 0.6396 (Simulation time: 00 hr 00 min 32 sec)
Heartbeat CPU 0 instructions: 11000085 cycles: 3862106 heartbeat IPC: 0.6027 cumulative IPC: 0.6206 (Simulation time: 00 hr 00 min 36 sec)
Heartbeat CPU 0 instructions: 11500085 cycles: 5730505 heartbeat IPC: 0.2676 cumulative IPC: 0.4311 (Simulation time: 00 hr 00 min 43 sec)
Heartbeat CPU 0 instructions: 12000085 cycles: 7602936 heartbeat IPC: 0.267 cumulative IPC: 0.3737 (Simulation time: 00 hr 00 min 50 sec)
Heartbeat CPU 0 instructions: 12500087 cycles: 9464131 heartbeat IPC: 0.2686 cumulative IPC: 0.3466 (Simulation time: 00 hr 00 min 57 sec)
Heartbeat CPU 0 instructions: 13000087 cycles: 11304224 heartbeat IPC: 0.2717 cumulative IPC: 0.3314 (Simulation time: 00 hr 01 min 04 sec)
Heartbeat CPU 0 instructions: 13500090 cycles: 13167983 heartbeat IPC: 0.2683 cumulative IPC: 0.3206 (Simulation time: 00 hr 01 min 11 sec)
Heartbeat CPU 0 instructions: 14000091 cycles: 15017359 heartbeat IPC: 0.2704 cumulative IPC: 0.3133 (Simulation time: 00 hr 01 min 18 sec)
Heartbeat CPU 0 instructions: 14500092 cycles: 16880500 heartbeat IPC: 0.2684 cumulative IPC: 0.3076 (Simulation time: 00 hr 01 min 24 sec)
Heartbeat CPU 0 instructions: 15000093 cycles: 18709289 heartbeat IPC: 0.2734 cumulative IPC: 0.3038 (Simulation time: 00 hr 01 min 31 sec)
Heartbeat CPU 0 instructions: 15500099 cycles: 20563515 heartbeat IPC: 0.2697 cumulative IPC: 0.3003 (Simulation time: 00 hr 01 min 38 sec)
Heartbeat CPU 0 instructions: 16000099 cycles: 22408633 heartbeat IPC: 0.271 cumulative IPC: 0.2977 (Simulation time: 00 hr 01 min 45 sec)
Heartbeat CPU 0 instructions: 16500099 cycles: 24260165 heartbeat IPC: 0.27 cumulative IPC: 0.2953 (Simulation time: 00 hr 01 min 52 sec)
Heartbeat CPU 0 instructions: 17000099 cycles: 26127807 heartbeat IPC: 0.2677 cumulative IPC: 0.2932 (Simulation time: 00 hr 01 min 59 sec)
Heartbeat CPU 0 instructions: 17500099 cycles: 27954848 heartbeat IPC: 0.2737 cumulative IPC: 0.2918 (Simulation time: 00 hr 02 min 06 sec)
Heartbeat CPU 0 instructions: 18000099 cycles: 29782302 heartbeat IPC: 0.2736 cumulative IPC: 0.2906 (Simulation time: 00 hr 02 min 13 sec)
Heartbeat CPU 0 instructions: 18500099 cycles: 31614567 heartbeat IPC: 0.2729 cumulative IPC: 0.2895 (Simulation time: 00 hr 02 min 19 sec)
Heartbeat CPU 0 instructions: 19000100 cycles: 33465999 heartbeat IPC: 0.2701 cumulative IPC: 0.2883 (Simulation time: 00 hr 02 min 26 sec)
Heartbeat CPU 0 instructions: 19500100 cycles: 35308896 heartbeat IPC: 0.2713 cumulative IPC: 0.2874 (Simulation time: 00 hr 02 min 33 sec)
Heartbeat CPU 0 instructions: 20000102 cycles: 37170227 heartbeat IPC: 0.2686 cumulative IPC: 0.2864 (Simulation time: 00 hr 02 min 39 sec)
Heartbeat CPU 0 instructions: 20500102 cycles: 39032803 heartbeat IPC: 0.2684 cumulative IPC: 0.2855 (Simulation time: 00 hr 02 min 46 sec)
Heartbeat CPU 0 instructions: 21000102 cycles: 40903421 heartbeat IPC: 0.2673 cumulative IPC: 0.2846 (Simulation time: 00 hr 02 min 53 sec)
Heartbeat CPU 0 instructions: 21500102 cycles: 42763793 heartbeat IPC: 0.2688 cumulative IPC: 0.2839 (Simulation time: 00 hr 03 min 00 sec)
Heartbeat CPU 0 instructions: 22000107 cycles: 44629226 heartbeat IPC: 0.268 cumulative IPC: 0.2832 (Simulation time: 00 hr 03 min 07 sec)
Heartbeat CPU 0 instructions: 22500108 cycles: 46518161 heartbeat IPC: 0.2647 cumulative IPC: 0.2824 (Simulation time: 00 hr 03 min 14 sec)
Heartbeat CPU 0 instructions: 23000114 cycles: 48373945 heartbeat IPC: 0.2694 cumulative IPC: 0.2819 (Simulation time: 00 hr 03 min 20 sec)
Heartbeat CPU 0 instructions: 23500118 cycles: 50220117 heartbeat IPC: 0.2708 cumulative IPC: 0.2814 (Simulation time: 00 hr 03 min 27 sec)
Heartbeat CPU 0 instructions: 24000121 cycles: 52067206 heartbeat IPC: 0.2707 cumulative IPC: 0.281 (Simulation time: 00 hr 03 min 33 sec)
Heartbeat CPU 0 instructions: 24500123 cycles: 53933283 heartbeat IPC: 0.2679 cumulative IPC: 0.2806 (Simulation time: 00 hr 03 min 40 sec)
Heartbeat CPU 0 instructions: 25000123 cycles: 55757594 heartbeat IPC: 0.2741 cumulative IPC: 0.2803 (Simulation time: 00 hr 03 min 46 sec)
Heartbeat CPU 0 instructions: 25500128 cycles: 57626077 heartbeat IPC: 0.2676 cumulative IPC: 0.2799 (Simulation time: 00 hr 03 min 53 sec)
Heartbeat CPU 0 instructions: 26000128 cycles: 59462266 heartbeat IPC: 0.2723 cumulative IPC: 0.2797 (Simulation time: 00 hr 03 min 59 sec)
Heartbeat CPU 0 instructions: 26500129 cycles: 61324043 heartbeat IPC: 0.2686 cumulative IPC: 0.2793 (Simulation time: 00 hr 04 min 06 sec)
Heartbeat CPU 0 instructions: 27000129 cycles: 63169246 heartbeat IPC: 0.271 cumulative IPC: 0.2791 (Simulation time: 00 hr 04 min 13 sec)
Heartbeat CPU 0 instructions: 27500130 cycles: 65044262 heartbeat IPC: 0.2667 cumulative IPC: 0.2787 (Simulation time: 00 hr 04 min 20 sec)
Heartbeat CPU 0 instructions: 28000130 cycles: 66890304 heartbeat IPC: 0.2708 cumulative IPC: 0.2785 (Simulation time: 00 hr 04 min 27 sec)
Heartbeat CPU 0 instructions: 28500132 cycles: 68747139 heartbeat IPC: 0.2693 cumulative IPC: 0.2782 (Simulation time: 00 hr 04 min 33 sec)
Heartbeat CPU 0 instructions: 29000135 cycles: 70589870 heartbeat IPC: 0.2713 cumulative IPC: 0.278 (Simulation time: 00 hr 04 min 40 sec)
Heartbeat CPU 0 instructions: 29500135 cycles: 72476454 heartbeat IPC: 0.265 cumulative IPC: 0.2777 (Simulation time: 00 hr 04 min 47 sec)
Heartbeat CPU 0 instructions: 30000135 cycles: 74327412 heartbeat IPC: 0.2701 cumulative IPC: 0.2775 (Simulation time: 00 hr 04 min 53 sec)
Heartbeat CPU 0 instructions: 30500139 cycles: 76166766 heartbeat IPC: 0.2718 cumulative IPC: 0.2773 (Simulation time: 00 hr 05 min 00 sec)
Heartbeat CPU 0 instructions: 31000139 cycles: 78019716 heartbeat IPC: 0.2698 cumulative IPC: 0.2772 (Simulation time: 00 hr 05 min 06 sec)
Heartbeat CPU 0 instructions: 31500139 cycles: 79869979 heartbeat IPC: 0.2702 cumulative IPC: 0.277 (Simulation time: 00 hr 05 min 13 sec)
Heartbeat CPU 0 instructions: 32000144 cycles: 81691761 heartbeat IPC: 0.2745 cumulative IPC: 0.2769 (Simulation time: 00 hr 05 min 19 sec)
Heartbeat CPU 0 instructions: 32500149 cycles: 83549324 heartbeat IPC: 0.2692 cumulative IPC: 0.2768 (Simulation time: 00 hr 05 min 26 sec)
Heartbeat CPU 0 instructions: 33000150 cycles: 85394472 heartbeat IPC: 0.271 cumulative IPC: 0.2766 (Simulation time: 00 hr 05 min 33 sec)
Heartbeat CPU 0 instructions: 33500150 cycles: 87265474 heartbeat IPC: 0.2672 cumulative IPC: 0.2764 (Simulation time: 00 hr 05 min 39 sec)
Heartbeat CPU 0 instructions: 34000151 cycles: 89133778 heartbeat IPC: 0.2676 cumulative IPC: 0.2762 (Simulation time: 00 hr 05 min 46 sec)
Heartbeat CPU 0 instructions: 34500155 cycles: 91012215 heartbeat IPC: 0.2662 cumulative IPC: 0.276 (Simulation time: 00 hr 05 min 52 sec)
Heartbeat CPU 0 instructions: 35000156 cycles: 92854114 heartbeat IPC: 0.2715 cumulative IPC: 0.2759 (Simulation time: 00 hr 05 min 59 sec)
Heartbeat CPU 0 instructions: 35500156 cycles: 94677843 heartbeat IPC: 0.2742 cumulative IPC: 0.2759 (Simulation time: 00 hr 06 min 05 sec)
Heartbeat CPU 0 instructions: 36000156 cycles: 96511918 heartbeat IPC: 0.2726 cumulative IPC: 0.2758 (Simulation time: 00 hr 06 min 11 sec)
Heartbeat CPU 0 instructions: 36500157 cycles: 98379653 heartbeat IPC: 0.2677 cumulative IPC: 0.2757 (Simulation time: 00 hr 06 min 18 sec)
Heartbeat CPU 0 instructions: 37000160 cycles: 100216322 heartbeat IPC: 0.2722 cumulative IPC: 0.2756 (Simulation time: 00 hr 06 min 24 sec)
Heartbeat CPU 0 instructions: 37500160 cycles: 102047346 heartbeat IPC: 0.2731 cumulative IPC: 0.2756 (Simulation time: 00 hr 06 min 30 sec)
Heartbeat CPU 0 instructions: 38000167 cycles: 103900329 heartbeat IPC: 0.2698 cumulative IPC: 0.2755 (Simulation time: 00 hr 06 min 36 sec)
Heartbeat CPU 0 instructions: 38500171 cycles: 106047996 heartbeat IPC: 0.2328 cumulative IPC: 0.2746 (Simulation time: 00 hr 06 min 43 sec)
Heartbeat CPU 0 instructions: 39000171 cycles: 108082900 heartbeat IPC: 0.2457 cumulative IPC: 0.274 (Simulation time: 00 hr 06 min 50 sec)
Heartbeat CPU 0 instructions: 39500174 cycles: 110086328 heartbeat IPC: 0.2496 cumulative IPC: 0.2736 (Simulation time: 00 hr 06 min 57 sec)
Heartbeat CPU 0 instructions: 40000181 cycles: 112094445 heartbeat IPC: 0.249 cumulative IPC: 0.2731 (Simulation time: 00 hr 07 min 03 sec)
Heartbeat CPU 0 instructions: 40500183 cycles: 114082411 heartbeat IPC: 0.2515 cumulative IPC: 0.2727 (Simulation time: 00 hr 07 min 10 sec)
Heartbeat CPU 0 instructions: 41000186 cycles: 116087306 heartbeat IPC: 0.2494 cumulative IPC: 0.2723 (Simulation time: 00 hr 07 min 17 sec)
Heartbeat CPU 0 instructions: 41500187 cycles: 118097000 heartbeat IPC: 0.2488 cumulative IPC: 0.2719 (Simulation time: 00 hr 07 min 23 sec)
Heartbeat CPU 0 instructions: 42000189 cycles: 120104234 heartbeat IPC: 0.2491 cumulative IPC: 0.2715 (Simulation time: 00 hr 07 min 30 sec)
Heartbeat CPU 0 instructions: 42500189 cycles: 122127880 heartbeat IPC: 0.2471 cumulative IPC: 0.2711 (Simulation time: 00 hr 07 min 36 sec)
Heartbeat CPU 0 instructions: 43000189 cycles: 124144661 heartbeat IPC: 0.2479 cumulative IPC: 0.2707 (Simulation time: 00 hr 07 min 41 sec)
Heartbeat CPU 0 instructions: 43500189 cycles: 126130689 heartbeat IPC: 0.2518 cumulative IPC: 0.2704 (Simulation time: 00 hr 07 min 47 sec)
Heartbeat CPU 0 instructions: 44000194 cycles: 128141000 heartbeat IPC: 0.2487 cumulative IPC: 0.2701 (Simulation time: 00 hr 07 min 52 sec)
Heartbeat CPU 0 instructions: 44500201 cycles: 130132755 heartbeat IPC: 0.251 cumulative IPC: 0.2698 (Simulation time: 00 hr 07 min 58 sec)
Heartbeat CPU 0 instructions: 45000203 cycles: 132135280 heartbeat IPC: 0.2497 cumulative IPC: 0.2695 (Simulation time: 00 hr 08 min 03 sec)
Heartbeat CPU 0 instructions: 45500203 cycles: 134135814 heartbeat IPC: 0.2499 cumulative IPC: 0.2692 (Simulation time: 00 hr 08 min 09 sec)
Heartbeat CPU 0 instructions: 46000203 cycles: 136178594 heartbeat IPC: 0.2448 cumulative IPC: 0.2688 (Simulation time: 00 hr 08 min 14 sec)
Heartbeat CPU 0 instructions: 46500207 cycles: 138220434 heartbeat IPC: 0.2449 cumulative IPC: 0.2684 (Simulation time: 00 hr 08 min 20 sec)
Heartbeat CPU 0 instructions: 47000212 cycles: 140237678 heartbeat IPC: 0.2479 cumulative IPC: 0.2681 (Simulation time: 00 hr 08 min 25 sec)
Heartbeat CPU 0 instructions: 47500212 cycles: 142262497 heartbeat IPC: 0.2469 cumulative IPC: 0.2678 (Simulation time: 00 hr 08 min 31 sec)
Heartbeat CPU 0 instructions: 48000212 cycles: 144270176 heartbeat IPC: 0.249 cumulative IPC: 0.2676 (Simulation time: 00 hr 08 min 36 sec)
Heartbeat CPU 0 instructions: 48500216 cycles: 146307680 heartbeat IPC: 0.2454 cumulative IPC: 0.2673 (Simulation time: 00 hr 08 min 42 sec)
Heartbeat CPU 0 instructions: 49000218 cycles: 148324307 heartbeat IPC: 0.2479 cumulative IPC: 0.267 (Simulation time: 00 hr 08 min 48 sec)
Heartbeat CPU 0 instructions: 49500219 cycles: 150332236 heartbeat IPC: 0.249 cumulative IPC: 0.2667 (Simulation time: 00 hr 08 min 53 sec)
Heartbeat CPU 0 instructions: 50000221 cycles: 151922749 heartbeat IPC: 0.3144 cumulative IPC: 0.2673 (Simulation time: 00 hr 08 min 58 sec)
Heartbeat CPU 0 instructions: 50500223 cycles: 153095301 heartbeat IPC: 0.4264 cumulative IPC: 0.2685 (Simulation time: 00 hr 09 min 01 sec)
Heartbeat CPU 0 instructions: 51000225 cycles: 154255020 heartbeat IPC: 0.4311 cumulative IPC: 0.2697 (Simulation time: 00 hr 09 min 04 sec)
Heartbeat CPU 0 instructions: 51500226 cycles: 155410223 heartbeat IPC: 0.4328 cumulative IPC: 0.271 (Simulation time: 00 hr 09 min 08 sec)
Heartbeat CPU 0 instructions: 52000228 cycles: 156558427 heartbeat IPC: 0.4355 cumulative IPC: 0.2722 (Simulation time: 00 hr 09 min 11 sec)
Heartbeat CPU 0 instructions: 52500231 cycles: 157692447 heartbeat IPC: 0.4409 cumulative IPC: 0.2734 (Simulation time: 00 hr 09 min 14 sec)
Heartbeat CPU 0 instructions: 53000231 cycles: 158861065 heartbeat IPC: 0.4279 cumulative IPC: 0.2746 (Simulation time: 00 hr 09 min 17 sec)
Heartbeat CPU 0 instructions: 53500232 cycles: 159973796 heartbeat IPC: 0.4493 cumulative IPC: 0.2758 (Simulation time: 00 hr 09 min 21 sec)
Heartbeat CPU 0 instructions: 54000233 cycles: 161113654 heartbeat IPC: 0.4387 cumulative IPC: 0.277 (Simulation time: 00 hr 09 min 24 sec)
Heartbeat CPU 0 instructions: 54500233 cycles: 162247530 heartbeat IPC: 0.441 cumulative IPC: 0.2781 (Simulation time: 00 hr 09 min 27 sec)
Heartbeat CPU 0 instructions: 55000233 cycles: 163359580 heartbeat IPC: 0.4496 cumulative IPC: 0.2793 (Simulation time: 00 hr 09 min 30 sec)
Heartbeat CPU 0 instructions: 55500234 cycles: 164459866 heartbeat IPC: 0.4544 cumulative IPC: 0.2805 (Simulation time: 00 hr 09 min 34 sec)
Heartbeat CPU 0 instructions: 56000234 cycles: 165576640 heartbeat IPC: 0.4477 cumulative IPC: 0.2816 (Simulation time: 00 hr 09 min 37 sec)
Heartbeat CPU 0 instructions: 56500234 cycles: 166695547 heartbeat IPC: 0.4469 cumulative IPC: 0.2828 (Simulation time: 00 hr 09 min 40 sec)
Heartbeat CPU 0 instructions: 57000234 cycles: 167809274 heartbeat IPC: 0.4489 cumulative IPC: 0.2839 (Simulation time: 00 hr 09 min 43 sec)
Heartbeat CPU 0 instructions: 57500236 cycles: 168898461 heartbeat IPC: 0.4591 cumulative IPC: 0.285 (Simulation time: 00 hr 09 min 46 sec)
Heartbeat CPU 0 instructions: 58000237 cycles: 170004434 heartbeat IPC: 0.4521 cumulative IPC: 0.2861 (Simulation time: 00 hr 09 min 49 sec)
Heartbeat CPU 0 instructions: 58500239 cycles: 171101340 heartbeat IPC: 0.4558 cumulative IPC: 0.2872 (Simulation time: 00 hr 09 min 53 sec)
Heartbeat CPU 0 instructions: 59000241 cycles: 172203787 heartbeat IPC: 0.4535 cumulative IPC: 0.2883 (Simulation time: 00 hr 09 min 56 sec)
Heartbeat CPU 0 instructions: 59500243 cycles: 172618599 heartbeat IPC: 1.205 cumulative IPC: 0.2905 (Simulation time: 00 hr 09 min 57 sec)
Simulation finished CPU 0 instructions: 50000006 cycles: 170468418 cumulative IPC: 0.2933 (Simulation time: 00 hr 09 min 58 sec)
Simulation complete CPU 0 instructions: 50000006 cycles: 170468418 cumulative IPC: 0.2933 (Simulation time: 00 hr 09 min 58 sec)

ChampSim completed all CPUs

=== Simulation ===
CPU 0 runs traces/GAP/bfs-14.trace.gz

Region of Interest Statistics

CPU 0 cumulative IPC: 0.2933 instructions: 50000006 cycles: 170468418
CPU 0 Branch Prediction Accuracy: 78.82% MPKI: 43.94 Average ROB Occupancy at Mispredict: 3.69
Branch type MPKI
BRANCH_DIRECT_JUMP: 0.00018
BRANCH_INDIRECT: 0
BRANCH_CONDITIONAL: 43.94
BRANCH_DIRECT_CALL: 0.0004
BRANCH_INDIRECT_CALL: 0
BRANCH_RETURN: 0.00044

cpu0->cpu0_STLB TOTAL        ACCESS:      67061 HIT:      10770 MISS:      56291 MSHR_MERGE:          0
cpu0->cpu0_STLB LOAD         ACCESS:      67061 HIT:      10770 MISS:      56291 MSHR_MERGE:          0
cpu0->cpu0_STLB RFO          ACCESS:          0 HIT:          0 MISS:          0 MSHR_MERGE:          0
cpu0->cpu0_STLB PREFETCH     ACCESS:          0 HIT:          0 MISS:          0 MSHR_MERGE:          0
cpu0->cpu0_STLB WRITE        ACCESS:          0 HIT:          0 MISS:          0 MSHR_MERGE:          0
cpu0->cpu0_STLB TRANSLATION  ACCESS:          0 HIT:          0 MISS:          0 MSHR_MERGE:          0
cpu0->cpu0_STLB PREFETCH REQUESTED:          0 ISSUED:          0 USEFUL:          0 USELESS:          0
cpu0->cpu0_STLB AVERAGE MISS LATENCY: 140.2 cycles
cpu0->cpu0_L2C TOTAL        ACCESS:    4753093 HIT:    3290048 MISS:    1463045 MSHR_MERGE:     118328
cpu0->cpu0_L2C LOAD         ACCESS:    1698453 HIT:    1234456 MISS:     463997 MSHR_MERGE:       2263
cpu0->cpu0_L2C RFO          ACCESS:      14046 HIT:       5284 MISS:       8762 MSHR_MERGE:          0
cpu0->cpu0_L2C PREFETCH     ACCESS:    2868982 HIT:    1888365 MISS:     980617 MSHR_MERGE:     116065
cpu0->cpu0_L2C WRITE        ACCESS:     160144 HIT:     160142 MISS:          2 MSHR_MERGE:          0
cpu0->cpu0_L2C TRANSLATION  ACCESS:      11468 HIT:       1801 MISS:       9667 MSHR_MERGE:          0
cpu0->cpu0_L2C PREFETCH REQUESTED:    2874654 ISSUED:    2868982 USEFUL:     551981 USELESS:     311257
cpu0->cpu0_L2C AVERAGE MISS LATENCY: 224.4 cycles
cpu0->cpu0_L1I TOTAL        ACCESS:     241574 HIT:     241528 MISS:         46 MSHR_MERGE:          4
cpu0->cpu0_L1I LOAD         ACCESS:     241574 HIT:     241528 MISS:         46 MSHR_MERGE:          4
cpu0->cpu0_L1I RFO          ACCESS:          0 HIT:          0 MISS:          0 MSHR_MERGE:          0
cpu0->cpu0_L1I PREFETCH     ACCESS:          0 HIT:          0 MISS:          0 MSHR_MERGE:          0
cpu0->cpu0_L1I WRITE        ACCESS:          0 HIT:          0 MISS:          0 MSHR_MERGE:          0
cpu0->cpu0_L1I TRANSLATION  ACCESS:          0 HIT:          0 MISS:          0 MSHR_MERGE:          0
cpu0->cpu0_L1I PREFETCH REQUESTED:          0 ISSUED:          0 USEFUL:          0 USELESS:          0
cpu0->cpu0_L1I AVERAGE MISS LATENCY: 259 cycles
cpu0->cpu0_L1D TOTAL        ACCESS:   13242674 HIT:   11110421 MISS:    2132253 MSHR_MERGE:     408328
cpu0->cpu0_L1D LOAD         ACCESS:   11734841 HIT:    9696930 MISS:    2037911 MSHR_MERGE:     339500
cpu0->cpu0_L1D RFO          ACCESS:          0 HIT:          0 MISS:          0 MSHR_MERGE:          0
cpu0->cpu0_L1D PREFETCH     ACCESS:          0 HIT:          0 MISS:          0 MSHR_MERGE:          0
cpu0->cpu0_L1D WRITE        ACCESS:    1395185 HIT:    1312463 MISS:      82722 MSHR_MERGE:      68676
cpu0->cpu0_L1D TRANSLATION  ACCESS:     112648 HIT:     101028 MISS:      11620 MSHR_MERGE:        152
cpu0->cpu0_L1D PREFETCH REQUESTED:          0 ISSUED:          0 USEFUL:          0 USELESS:          0
cpu0->cpu0_L1D AVERAGE MISS LATENCY: 71.09 cycles
cpu0->cpu0_ITLB TOTAL        ACCESS:     236071 HIT:     236069 MISS:          2 MSHR_MERGE:          1
cpu0->cpu0_ITLB LOAD         ACCESS:     236071 HIT:     236069 MISS:          2 MSHR_MERGE:          1
cpu0->cpu0_ITLB RFO          ACCESS:          0 HIT:          0 MISS:          0 MSHR_MERGE:          0
cpu0->cpu0_ITLB PREFETCH     ACCESS:          0 HIT:          0 MISS:          0 MSHR_MERGE:          0
cpu0->cpu0_ITLB WRITE        ACCESS:          0 HIT:          0 MISS:          0 MSHR_MERGE:          0
cpu0->cpu0_ITLB TRANSLATION  ACCESS:          0 HIT:          0 MISS:          0 MSHR_MERGE:          0
cpu0->cpu0_ITLB PREFETCH REQUESTED:          0 ISSUED:          0 USEFUL:          0 USELESS:          0
cpu0->cpu0_ITLB AVERAGE MISS LATENCY: 454 cycles
cpu0->cpu0_DTLB TOTAL        ACCESS:   13116509 HIT:   13028449 MISS:      88060 MSHR_MERGE:      21000
cpu0->cpu0_DTLB LOAD         ACCESS:   13116509 HIT:   13028449 MISS:      88060 MSHR_MERGE:      21000
cpu0->cpu0_DTLB RFO          ACCESS:          0 HIT:          0 MISS:          0 MSHR_MERGE:          0
cpu0->cpu0_DTLB PREFETCH     ACCESS:          0 HIT:          0 MISS:          0 MSHR_MERGE:          0
cpu0->cpu0_DTLB WRITE        ACCESS:          0 HIT:          0 MISS:          0 MSHR_MERGE:          0
cpu0->cpu0_DTLB TRANSLATION  ACCESS:          0 HIT:          0 MISS:          0 MSHR_MERGE:          0
cpu0->cpu0_DTLB PREFETCH REQUESTED:          0 ISSUED:          0 USEFUL:          0 USELESS:          0
cpu0->cpu0_DTLB AVERAGE MISS LATENCY: 123.5 cycles
cpu0->LLC TOTAL        ACCESS:    1502949 HIT:     107424 MISS:    1395525 MSHR_MERGE:          0
cpu0->LLC LOAD         ACCESS:     461734 HIT:      18759 MISS:     442975 MSHR_MERGE:          0
cpu0->LLC RFO          ACCESS:       8762 HIT:        554 MISS:       8208 MSHR_MERGE:          0
cpu0->LLC PREFETCH     ACCESS:     864552 HIT:      42582 MISS:     821970 MSHR_MERGE:          0
cpu0->LLC WRITE        ACCESS:     158234 HIT:      45459 MISS:     112775 MSHR_MERGE:          0
cpu0->LLC TRANSLATION  ACCESS:       9667 HIT:         70 MISS:       9597 MSHR_MERGE:          0
cpu0->LLC PREFETCH REQUESTED:          0 ISSUED:          0 USEFUL:          0 USELESS:          0
cpu0->LLC AVERAGE MISS LATENCY: 172.1 cycles

DRAM Statistics

Channel 0 RQ ROW_BUFFER_HIT:     107210
  ROW_BUFFER_MISS:    1175515
  AVG DBUS CONGESTED CYCLE: 26.94
Channel 0 WQ ROW_BUFFER_HIT:      36822
  ROW_BUFFER_MISS:     101849
  FULL:        591
Channel 0 REFRESHES ISSUED:      14205


--- STDERR ---



=== TRACE: traces/charlie/charlie_0001.champsim.gz ===
COMMAND: ./bin/1C.fullBW.ghb_pccs --warmup-instructions=10000000 --simulation-instructions=50000000 traces/charlie/charlie_0001.champsim.gz
RETURNCODE: 0

--- STDOUT ---
[VMEM] WARNING: physical memory size is smaller than virtual memory size.

*** ChampSim Multicore Out-of-Order Simulator ***
Warmup Instructions: 10000000
Simulation Instructions: 50000000
Number of CPUs: 1
Page size: 4096
Core 0: traces/charlie/charlie_0001.champsim.gz
Off-chip DRAM Size: 64 GiB Channels: 1 Width: 64-bit Data Rate: 4807 MT/s
[BTB] WARNING: target of return is a lower address than the corresponding call. This is usually a problem with your trace.
[BTB] WARNING: target of return is a lower address than the corresponding call. This is usually a problem with your trace.
[BTB] WARNING: target of return is a lower address than the corresponding call. This is usually a problem with your trace.
[BTB] WARNING: target of return is a lower address than the corresponding call. This is usually a problem with your trace.
[BTB] WARNING: target of return is a lower address than the corresponding call. This is usually a problem with your trace.
[BTB] WARNING: target of return is a lower address than the corresponding call. This is usually a problem with your trace.
[BTB] WARNING: target of return is a lower address than the corresponding call. This is usually a problem with your trace.
[BTB] WARNING: target of return is a lower address than the corresponding call. This is usually a problem with your trace.
Heartbeat CPU 0 instructions: 500004 cycles: 180737 heartbeat IPC: 2.766 cumulative IPC: 2.766 (Simulation time: 00 hr 00 min 02 sec)
Heartbeat CPU 0 instructions: 1000009 cycles: 296439 heartbeat IPC: 4.321 cumulative IPC: 3.373 (Simulation time: 00 hr 00 min 03 sec)
[BTB] WARNING: target of return is a lower address than the corresponding call. This is usually a problem with your trace.
[BTB] WARNING: target of return is a lower address than the corresponding call. This is usually a problem with your trace.
Heartbeat CPU 0 instructions: 1500014 cycles: 520343 heartbeat IPC: 2.233 cumulative IPC: 2.883 (Simulation time: 00 hr 00 min 05 sec)
Heartbeat CPU 0 instructions: 2000015 cycles: 633572 heartbeat IPC: 4.416 cumulative IPC: 3.157 (Simulation time: 00 hr 00 min 06 sec)
Heartbeat CPU 0 instructions: 2500020 cycles: 747505 heartbeat IPC: 4.389 cumulative IPC: 3.344 (Simulation time: 00 hr 00 min 08 sec)
Heartbeat CPU 0 instructions: 3000026 cycles: 854526 heartbeat IPC: 4.672 cumulative IPC: 3.511 (Simulation time: 00 hr 00 min 09 sec)
Heartbeat CPU 0 instructions: 3500031 cycles: 961342 heartbeat IPC: 4.681 cumulative IPC: 3.641 (Simulation time: 00 hr 00 min 10 sec)
Heartbeat CPU 0 instructions: 4000035 cycles: 1180816 heartbeat IPC: 2.278 cumulative IPC: 3.388 (Simulation time: 00 hr 00 min 12 sec)
Heartbeat CPU 0 instructions: 4500036 cycles: 1427208 heartbeat IPC: 2.029 cumulative IPC: 3.153 (Simulation time: 00 hr 00 min 14 sec)
Heartbeat CPU 0 instructions: 5000038 cycles: 1612128 heartbeat IPC: 2.704 cumulative IPC: 3.102 (Simulation time: 00 hr 00 min 16 sec)
Heartbeat CPU 0 instructions: 5500038 cycles: 1778811 heartbeat IPC: 3 cumulative IPC: 3.092 (Simulation time: 00 hr 00 min 18 sec)
Heartbeat CPU 0 instructions: 6000039 cycles: 1929549 heartbeat IPC: 3.317 cumulative IPC: 3.11 (Simulation time: 00 hr 00 min 19 sec)
Heartbeat CPU 0 instructions: 6500039 cycles: 2046880 heartbeat IPC: 4.261 cumulative IPC: 3.176 (Simulation time: 00 hr 00 min 21 sec)
Heartbeat CPU 0 instructions: 7000039 cycles: 2164707 heartbeat IPC: 4.244 cumulative IPC: 3.234 (Simulation time: 00 hr 00 min 22 sec)
Heartbeat CPU 0 instructions: 7500041 cycles: 2283338 heartbeat IPC: 4.215 cumulative IPC: 3.285 (Simulation time: 00 hr 00 min 23 sec)
Heartbeat CPU 0 instructions: 8000043 cycles: 2401547 heartbeat IPC: 4.23 cumulative IPC: 3.331 (Simulation time: 00 hr 00 min 24 sec)
Heartbeat CPU 0 instructions: 8500044 cycles: 2517637 heartbeat IPC: 4.307 cumulative IPC: 3.376 (Simulation time: 00 hr 00 min 25 sec)
Heartbeat CPU 0 instructions: 9000048 cycles: 2634245 heartbeat IPC: 4.288 cumulative IPC: 3.417 (Simulation time: 00 hr 00 min 27 sec)
Heartbeat CPU 0 instructions: 9500052 cycles: 2774819 heartbeat IPC: 3.557 cumulative IPC: 3.424 (Simulation time: 00 hr 00 min 28 sec)
Warmup finished CPU 0 instructions: 10000006 cycles: 2882027 cumulative IPC: 3.47 (Simulation time: 00 hr 00 min 29 sec)
Warmup complete CPU 0 instructions: 10000006 cycles: 2882027 cumulative IPC: 3.47 (Simulation time: 00 hr 00 min 29 sec)
Heartbeat CPU 0 instructions: 10000054 cycles: 2882033 heartbeat IPC: 4.664 cumulative IPC: 8 (Simulation time: 00 hr 00 min 29 sec)
Heartbeat CPU 0 instructions: 10500055 cycles: 3390454 heartbeat IPC: 0.9834 cumulative IPC: 0.9835 (Simulation time: 00 hr 00 min 32 sec)
Heartbeat CPU 0 instructions: 11000055 cycles: 3934158 heartbeat IPC: 0.9196 cumulative IPC: 0.9505 (Simulation time: 00 hr 00 min 35 sec)
Heartbeat CPU 0 instructions: 11500059 cycles: 4447048 heartbeat IPC: 0.9749 cumulative IPC: 0.9585 (Simulation time: 00 hr 00 min 38 sec)
Heartbeat CPU 0 instructions: 12000060 cycles: 4962300 heartbeat IPC: 0.9704 cumulative IPC: 0.9614 (Simulation time: 00 hr 00 min 40 sec)
Heartbeat CPU 0 instructions: 12500060 cycles: 5487825 heartbeat IPC: 0.9514 cumulative IPC: 0.9594 (Simulation time: 00 hr 00 min 43 sec)
Heartbeat CPU 0 instructions: 13000060 cycles: 6003791 heartbeat IPC: 0.9691 cumulative IPC: 0.961 (Simulation time: 00 hr 00 min 46 sec)
Heartbeat CPU 0 instructions: 13500060 cycles: 6508897 heartbeat IPC: 0.9899 cumulative IPC: 0.965 (Simulation time: 00 hr 00 min 49 sec)
Heartbeat CPU 0 instructions: 14000065 cycles: 7004540 heartbeat IPC: 1.009 cumulative IPC: 0.9703 (Simulation time: 00 hr 00 min 52 sec)
Heartbeat CPU 0 instructions: 14500069 cycles: 7574156 heartbeat IPC: 0.8778 cumulative IPC: 0.9591 (Simulation time: 00 hr 00 min 55 sec)
Heartbeat CPU 0 instructions: 15000070 cycles: 8108397 heartbeat IPC: 0.9359 cumulative IPC: 0.9567 (Simulation time: 00 hr 00 min 58 sec)
Heartbeat CPU 0 instructions: 15500073 cycles: 8624758 heartbeat IPC: 0.9683 cumulative IPC: 0.9577 (Simulation time: 00 hr 01 min 00 sec)
Heartbeat CPU 0 instructions: 16000077 cycles: 9111111 heartbeat IPC: 1.028 cumulative IPC: 0.9632 (Simulation time: 00 hr 01 min 03 sec)
Heartbeat CPU 0 instructions: 16500077 cycles: 9645733 heartbeat IPC: 0.9352 cumulative IPC: 0.961 (Simulation time: 00 hr 01 min 06 sec)
Heartbeat CPU 0 instructions: 17000083 cycles: 11007623 heartbeat IPC: 0.3671 cumulative IPC: 0.8615 (Simulation time: 00 hr 01 min 11 sec)
Heartbeat CPU 0 instructions: 17500083 cycles: 11633368 heartbeat IPC: 0.799 cumulative IPC: 0.857 (Simulation time: 00 hr 01 min 14 sec)
Heartbeat CPU 0 instructions: 18000084 cycles: 12204454 heartbeat IPC: 0.8755 cumulative IPC: 0.8582 (Simulation time: 00 hr 01 min 17 sec)
Heartbeat CPU 0 instructions: 18500085 cycles: 12658571 heartbeat IPC: 1.101 cumulative IPC: 0.8694 (Simulation time: 00 hr 01 min 19 sec)
Heartbeat CPU 0 instructions: 19000085 cycles: 13140195 heartbeat IPC: 1.038 cumulative IPC: 0.8774 (Simulation time: 00 hr 01 min 22 sec)
Heartbeat CPU 0 instructions: 19500092 cycles: 13574905 heartbeat IPC: 1.15 cumulative IPC: 0.8884 (Simulation time: 00 hr 01 min 24 sec)
Heartbeat CPU 0 instructions: 20000093 cycles: 14050845 heartbeat IPC: 1.051 cumulative IPC: 0.8954 (Simulation time: 00 hr 01 min 26 sec)
Heartbeat CPU 0 instructions: 20500093 cycles: 14515021 heartbeat IPC: 1.077 cumulative IPC: 0.9026 (Simulation time: 00 hr 01 min 29 sec)
Heartbeat CPU 0 instructions: 21000094 cycles: 14994548 heartbeat IPC: 1.043 cumulative IPC: 0.9082 (Simulation time: 00 hr 01 min 31 sec)
Heartbeat CPU 0 instructions: 21500094 cycles: 15474762 heartbeat IPC: 1.041 cumulative IPC: 0.9132 (Simulation time: 00 hr 01 min 33 sec)
Heartbeat CPU 0 instructions: 22000095 cycles: 15885903 heartbeat IPC: 1.216 cumulative IPC: 0.9228 (Simulation time: 00 hr 01 min 36 sec)
Heartbeat CPU 0 instructions: 22500097 cycles: 16388410 heartbeat IPC: 0.995 cumulative IPC: 0.9255 (Simulation time: 00 hr 01 min 38 sec)
Heartbeat CPU 0 instructions: 23000103 cycles: 16832906 heartbeat IPC: 1.125 cumulative IPC: 0.9318 (Simulation time: 00 hr 01 min 40 sec)
Heartbeat CPU 0 instructions: 23500103 cycles: 17301148 heartbeat IPC: 1.068 cumulative IPC: 0.9363 (Simulation time: 00 hr 01 min 43 sec)
Heartbeat CPU 0 instructions: 24000106 cycles: 17704353 heartbeat IPC: 1.24 cumulative IPC: 0.9445 (Simulation time: 00 hr 01 min 45 sec)
Heartbeat CPU 0 instructions: 24500106 cycles: 18811988 heartbeat IPC: 0.4514 cumulative IPC: 0.9102 (Simulation time: 00 hr 01 min 50 sec)
Heartbeat CPU 0 instructions: 25000107 cycles: 20514111 heartbeat IPC: 0.2938 cumulative IPC: 0.8507 (Simulation time: 00 hr 01 min 55 sec)
Heartbeat CPU 0 instructions: 25500109 cycles: 21071667 heartbeat IPC: 0.8968 cumulative IPC: 0.8521 (Simulation time: 00 hr 01 min 58 sec)
Heartbeat CPU 0 instructions: 26000110 cycles: 21585970 heartbeat IPC: 0.9722 cumulative IPC: 0.8554 (Simulation time: 00 hr 02 min 00 sec)
Heartbeat CPU 0 instructions: 26500111 cycles: 22053472 heartbeat IPC: 1.07 cumulative IPC: 0.8607 (Simulation time: 00 hr 02 min 02 sec)
Heartbeat CPU 0 instructions: 27000114 cycles: 22545526 heartbeat IPC: 1.016 cumulative IPC: 0.8646 (Simulation time: 00 hr 02 min 04 sec)
Heartbeat CPU 0 instructions: 27500120 cycles: 22960017 heartbeat IPC: 1.206 cumulative IPC: 0.8716 (Simulation time: 00 hr 02 min 05 sec)
Heartbeat CPU 0 instructions: 28000122 cycles: 23434921 heartbeat IPC: 1.053 cumulative IPC: 0.8758 (Simulation time: 00 hr 02 min 07 sec)
Heartbeat CPU 0 instructions: 28500125 cycles: 23876894 heartbeat IPC: 1.131 cumulative IPC: 0.8812 (Simulation time: 00 hr 02 min 09 sec)
Heartbeat CPU 0 instructions: 29000127 cycles: 24303773 heartbeat IPC: 1.171 cumulative IPC: 0.887 (Simulation time: 00 hr 02 min 11 sec)
Heartbeat CPU 0 instructions: 29500129 cycles: 24736592 heartbeat IPC: 1.155 cumulative IPC: 0.8923 (Simulation time: 00 hr 02 min 13 sec)
Heartbeat CPU 0 instructions: 30000129 cycles: 25208900 heartbeat IPC: 1.059 cumulative IPC: 0.8958 (Simulation time: 00 hr 02 min 15 sec)
Heartbeat CPU 0 instructions: 30500131 cycles: 25668583 heartbeat IPC: 1.088 cumulative IPC: 0.8997 (Simulation time: 00 hr 02 min 17 sec)
Heartbeat CPU 0 instructions: 31000133 cycles: 26190877 heartbeat IPC: 0.9573 cumulative IPC: 0.901 (Simulation time: 00 hr 02 min 19 sec)
Heartbeat CPU 0 instructions: 31500134 cycles: 26640148 heartbeat IPC: 1.113 cumulative IPC: 0.905 (Simulation time: 00 hr 02 min 21 sec)
Heartbeat CPU 0 instructions: 32000136 cycles: 27091313 heartbeat IPC: 1.108 cumulative IPC: 0.9087 (Simulation time: 00 hr 02 min 23 sec)
Heartbeat CPU 0 instructions: 32500136 cycles: 27511448 heartbeat IPC: 1.19 cumulative IPC: 0.9135 (Simulation time: 00 hr 02 min 25 sec)
Heartbeat CPU 0 instructions: 33000138 cycles: 27944781 heartbeat IPC: 1.154 cumulative IPC: 0.9177 (Simulation time: 00 hr 02 min 27 sec)
Heartbeat CPU 0 instructions: 33500142 cycles: 28373234 heartbeat IPC: 1.167 cumulative IPC: 0.9219 (Simulation time: 00 hr 02 min 29 sec)
Heartbeat CPU 0 instructions: 34000147 cycles: 28804598 heartbeat IPC: 1.159 cumulative IPC: 0.9258 (Simulation time: 00 hr 02 min 30 sec)
Heartbeat CPU 0 instructions: 34500152 cycles: 29271104 heartbeat IPC: 1.072 cumulative IPC: 0.9284 (Simulation time: 00 hr 02 min 32 sec)
Heartbeat CPU 0 instructions: 35000156 cycles: 29722335 heartbeat IPC: 1.108 cumulative IPC: 0.9314 (Simulation time: 00 hr 02 min 34 sec)
Heartbeat CPU 0 instructions: 35500157 cycles: 30124591 heartbeat IPC: 1.243 cumulative IPC: 0.936 (Simulation time: 00 hr 02 min 36 sec)
Heartbeat CPU 0 instructions: 36000159 cycles: 30773285 heartbeat IPC: 0.7708 cumulative IPC: 0.9322 (Simulation time: 00 hr 02 min 39 sec)
Heartbeat CPU 0 instructions: 36500159 cycles: 31199826 heartbeat IPC: 1.172 cumulative IPC: 0.9358 (Simulation time: 00 hr 02 min 41 sec)
Heartbeat CPU 0 instructions: 37000163 cycles: 31706483 heartbeat IPC: 0.9869 cumulative IPC: 0.9367 (Simulation time: 00 hr 02 min 43 sec)
Heartbeat CPU 0 instructions: 37500166 cycles: 32137963 heartbeat IPC: 1.159 cumulative IPC: 0.94 (Simulation time: 00 hr 02 min 45 sec)
Heartbeat CPU 0 instructions: 38000166 cycles: 32586941 heartbeat IPC: 1.114 cumulative IPC: 0.9426 (Simulation time: 00 hr 02 min 47 sec)
Heartbeat CPU 0 instructions: 38500167 cycles: 32989202 heartbeat IPC: 1.243 cumulative IPC: 0.9466 (Simulation time: 00 hr 02 min 49 sec)
Heartbeat CPU 0 instructions: 39000171 cycles: 33539994 heartbeat IPC: 0.9078 cumulative IPC: 0.9459 (Simulation time: 00 hr 02 min 51 sec)
Heartbeat CPU 0 instructions: 39500173 cycles: 34027767 heartbeat IPC: 1.025 cumulative IPC: 0.9472 (Simulation time: 00 hr 02 min 53 sec)
Heartbeat CPU 0 instructions: 40000180 cycles: 34440643 heartbeat IPC: 1.211 cumulative IPC: 0.9506 (Simulation time: 00 hr 02 min 55 sec)
Heartbeat CPU 0 instructions: 40500181 cycles: 34878381 heartbeat IPC: 1.142 cumulative IPC: 0.9532 (Simulation time: 00 hr 02 min 57 sec)
Heartbeat CPU 0 instructions: 41000188 cycles: 35395179 heartbeat IPC: 0.9675 cumulative IPC: 0.9535 (Simulation time: 00 hr 02 min 59 sec)
Heartbeat CPU 0 instructions: 41500188 cycles: 35907658 heartbeat IPC: 0.9756 cumulative IPC: 0.9538 (Simulation time: 00 hr 03 min 01 sec)
Heartbeat CPU 0 instructions: 42000192 cycles: 36425177 heartbeat IPC: 0.9662 cumulative IPC: 0.954 (Simulation time: 00 hr 03 min 04 sec)
Heartbeat CPU 0 instructions: 42500196 cycles: 37015078 heartbeat IPC: 0.8476 cumulative IPC: 0.9522 (Simulation time: 00 hr 03 min 06 sec)
Heartbeat CPU 0 instructions: 43000196 cycles: 37438160 heartbeat IPC: 1.182 cumulative IPC: 0.955 (Simulation time: 00 hr 03 min 08 sec)
Heartbeat CPU 0 instructions: 43500202 cycles: 37877714 heartbeat IPC: 1.138 cumulative IPC: 0.9573 (Simulation time: 00 hr 03 min 10 sec)
Heartbeat CPU 0 instructions: 44000204 cycles: 38297513 heartbeat IPC: 1.191 cumulative IPC: 0.96 (Simulation time: 00 hr 03 min 12 sec)
Heartbeat CPU 0 instructions: 44500207 cycles: 38754106 heartbeat IPC: 1.095 cumulative IPC: 0.9618 (Simulation time: 00 hr 03 min 14 sec)
Heartbeat CPU 0 instructions: 45000208 cycles: 39177458 heartbeat IPC: 1.181 cumulative IPC: 0.9643 (Simulation time: 00 hr 03 min 16 sec)
Heartbeat CPU 0 instructions: 45500213 cycles: 39596934 heartbeat IPC: 1.192 cumulative IPC: 0.9669 (Simulation time: 00 hr 03 min 18 sec)
Heartbeat CPU 0 instructions: 46000215 cycles: 40025924 heartbeat IPC: 1.166 cumulative IPC: 0.9692 (Simulation time: 00 hr 03 min 21 sec)
Heartbeat CPU 0 instructions: 46500216 cycles: 40497379 heartbeat IPC: 1.061 cumulative IPC: 0.9704 (Simulation time: 00 hr 03 min 23 sec)
Heartbeat CPU 0 instructions: 47000220 cycles: 40934803 heartbeat IPC: 1.143 cumulative IPC: 0.9723 (Simulation time: 00 hr 03 min 25 sec)
Heartbeat CPU 0 instructions: 47500221 cycles: 41308061 heartbeat IPC: 1.34 cumulative IPC: 0.9759 (Simulation time: 00 hr 03 min 27 sec)
Heartbeat CPU 0 instructions: 48000224 cycles: 41690258 heartbeat IPC: 1.308 cumulative IPC: 0.9792 (Simulation time: 00 hr 03 min 30 sec)
Heartbeat CPU 0 instructions: 48500229 cycles: 41993828 heartbeat IPC: 1.647 cumulative IPC: 0.9844 (Simulation time: 00 hr 03 min 32 sec)
Heartbeat CPU 0 instructions: 49000230 cycles: 42446323 heartbeat IPC: 1.105 cumulative IPC: 0.9857 (Simulation time: 00 hr 03 min 34 sec)
Heartbeat CPU 0 instructions: 49500234 cycles: 42873560 heartbeat IPC: 1.17 cumulative IPC: 0.9877 (Simulation time: 00 hr 03 min 36 sec)
Heartbeat CPU 0 instructions: 50000234 cycles: 43277443 heartbeat IPC: 1.238 cumulative IPC: 0.9902 (Simulation time: 00 hr 03 min 38 sec)
Heartbeat CPU 0 instructions: 50500241 cycles: 43717051 heartbeat IPC: 1.137 cumulative IPC: 0.9918 (Simulation time: 00 hr 03 min 40 sec)
Heartbeat CPU 0 instructions: 51000241 cycles: 44120096 heartbeat IPC: 1.241 cumulative IPC: 0.9942 (Simulation time: 00 hr 03 min 42 sec)
Heartbeat CPU 0 instructions: 51500247 cycles: 44510325 heartbeat IPC: 1.281 cumulative IPC: 0.9969 (Simulation time: 00 hr 03 min 44 sec)
Heartbeat CPU 0 instructions: 52000250 cycles: 44908798 heartbeat IPC: 1.255 cumulative IPC: 0.9994 (Simulation time: 00 hr 03 min 46 sec)
Heartbeat CPU 0 instructions: 52500254 cycles: 45311647 heartbeat IPC: 1.241 cumulative IPC: 1.002 (Simulation time: 00 hr 03 min 48 sec)
Heartbeat CPU 0 instructions: 53000258 cycles: 45773853 heartbeat IPC: 1.082 cumulative IPC: 1.003 (Simulation time: 00 hr 03 min 50 sec)
Heartbeat CPU 0 instructions: 53500263 cycles: 46171094 heartbeat IPC: 1.259 cumulative IPC: 1.005 (Simulation time: 00 hr 03 min 52 sec)
Heartbeat CPU 0 instructions: 54000265 cycles: 46568193 heartbeat IPC: 1.259 cumulative IPC: 1.007 (Simulation time: 00 hr 03 min 54 sec)
Heartbeat CPU 0 instructions: 54500265 cycles: 46942186 heartbeat IPC: 1.337 cumulative IPC: 1.01 (Simulation time: 00 hr 03 min 56 sec)
Heartbeat CPU 0 instructions: 55000267 cycles: 48031702 heartbeat IPC: 0.4589 cumulative IPC: 0.9967 (Simulation time: 00 hr 04 min 00 sec)
Heartbeat CPU 0 instructions: 55500269 cycles: 48464507 heartbeat IPC: 1.155 cumulative IPC: 0.9982 (Simulation time: 00 hr 04 min 02 sec)
Heartbeat CPU 0 instructions: 56000270 cycles: 48991187 heartbeat IPC: 0.9493 cumulative IPC: 0.9976 (Simulation time: 00 hr 04 min 04 sec)
Heartbeat CPU 0 instructions: 56500270 cycles: 49410862 heartbeat IPC: 1.191 cumulative IPC: 0.9994 (Simulation time: 00 hr 04 min 06 sec)
Heartbeat CPU 0 instructions: 57000277 cycles: 49875162 heartbeat IPC: 1.077 cumulative IPC: 1 (Simulation time: 00 hr 04 min 08 sec)
Heartbeat CPU 0 instructions: 57500277 cycles: 50256037 heartbeat IPC: 1.313 cumulative IPC: 1.003 (Simulation time: 00 hr 04 min 10 sec)
Heartbeat CPU 0 instructions: 58000282 cycles: 50675287 heartbeat IPC: 1.193 cumulative IPC: 1.004 (Simulation time: 00 hr 04 min 12 sec)
Heartbeat CPU 0 instructions: 58500284 cycles: 51068713 heartbeat IPC: 1.271 cumulative IPC: 1.007 (Simulation time: 00 hr 04 min 14 sec)
Heartbeat CPU 0 instructions: 59000285 cycles: 51415851 heartbeat IPC: 1.44 cumulative IPC: 1.01 (Simulation time: 00 hr 04 min 16 sec)
Heartbeat CPU 0 instructions: 59500286 cycles: 51767931 heartbeat IPC: 1.42 cumulative IPC: 1.013 (Simulation time: 00 hr 04 min 18 sec)
Simulation finished CPU 0 instructions: 50000001 cycles: 49326905 cumulative IPC: 1.014 (Simulation time: 00 hr 04 min 20 sec)
Simulation complete CPU 0 instructions: 50000001 cycles: 49326905 cumulative IPC: 1.014 (Simulation time: 00 hr 04 min 20 sec)

ChampSim completed all CPUs

=== Simulation ===
CPU 0 runs traces/charlie/charlie_0001.champsim.gz

Region of Interest Statistics

CPU 0 cumulative IPC: 1.014 instructions: 50000001 cycles: 49326905
CPU 0 Branch Prediction Accuracy: 92.35% MPKI: 14.31 Average ROB Occupancy at Mispredict: 41.92
Branch type MPKI
BRANCH_DIRECT_JUMP: 0.1544
BRANCH_INDIRECT: 0.5093
BRANCH_CONDITIONAL: 13.03
BRANCH_DIRECT_CALL: 0.03448
BRANCH_INDIRECT_CALL: 0.4799
BRANCH_RETURN: 0.09466

cpu0->cpu0_STLB TOTAL        ACCESS:      70599 HIT:      58353 MISS:      12246 MSHR_MERGE:          0
cpu0->cpu0_STLB LOAD         ACCESS:      70599 HIT:      58353 MISS:      12246 MSHR_MERGE:          0
cpu0->cpu0_STLB RFO          ACCESS:          0 HIT:          0 MISS:          0 MSHR_MERGE:          0
cpu0->cpu0_STLB PREFETCH     ACCESS:          0 HIT:          0 MISS:          0 MSHR_MERGE:          0
cpu0->cpu0_STLB WRITE        ACCESS:          0 HIT:          0 MISS:          0 MSHR_MERGE:          0
cpu0->cpu0_STLB TRANSLATION  ACCESS:          0 HIT:          0 MISS:          0 MSHR_MERGE:          0
cpu0->cpu0_STLB PREFETCH REQUESTED:          0 ISSUED:          0 USEFUL:          0 USELESS:          0
cpu0->cpu0_STLB AVERAGE MISS LATENCY: 293.4 cycles
cpu0->cpu0_L2C TOTAL        ACCESS:     999775 HIT:     663626 MISS:     336149 MSHR_MERGE:      33825
cpu0->cpu0_L2C LOAD         ACCESS:     436205 HIT:     366331 MISS:      69874 MSHR_MERGE:       3112
cpu0->cpu0_L2C RFO          ACCESS:     202061 HIT:       9857 MISS:     192204 MSHR_MERGE:          0
cpu0->cpu0_L2C PREFETCH     ACCESS:     118296 HIT:      51681 MISS:      66615 MSHR_MERGE:      30713
cpu0->cpu0_L2C WRITE        ACCESS:     231566 HIT:     231554 MISS:         12 MSHR_MERGE:          0
cpu0->cpu0_L2C TRANSLATION  ACCESS:      11647 HIT:       4203 MISS:       7444 MSHR_MERGE:          0
cpu0->cpu0_L2C PREFETCH REQUESTED:     154356 ISSUED:     118296 USEFUL:      20994 USELESS:      15165
cpu0->cpu0_L2C AVERAGE MISS LATENCY: 265.8 cycles
cpu0->cpu0_L1I TOTAL        ACCESS:    2885390 HIT:    2626614 MISS:     258776 MSHR_MERGE:      66728
cpu0->cpu0_L1I LOAD         ACCESS:    2885390 HIT:    2626614 MISS:     258776 MSHR_MERGE:      66728
cpu0->cpu0_L1I RFO          ACCESS:          0 HIT:          0 MISS:          0 MSHR_MERGE:          0
cpu0->cpu0_L1I PREFETCH     ACCESS:          0 HIT:          0 MISS:          0 MSHR_MERGE:          0
cpu0->cpu0_L1I WRITE        ACCESS:          0 HIT:          0 MISS:          0 MSHR_MERGE:          0
cpu0->cpu0_L1I TRANSLATION  ACCESS:          0 HIT:          0 MISS:          0 MSHR_MERGE:          0
cpu0->cpu0_L1I PREFETCH REQUESTED:          0 ISSUED:          0 USEFUL:          0 USELESS:          0
cpu0->cpu0_L1I AVERAGE MISS LATENCY: 24.76 cycles
cpu0->cpu0_L1D TOTAL        ACCESS:   13935495 HIT:   12537946 MISS:    1397549 MSHR_MERGE:     939684
cpu0->cpu0_L1D LOAD         ACCESS:    8455002 HIT:    8024884 MISS:     430118 MSHR_MERGE:     185961
cpu0->cpu0_L1D RFO          ACCESS:          0 HIT:          0 MISS:          0 MSHR_MERGE:          0
cpu0->cpu0_L1D PREFETCH     ACCESS:          0 HIT:          0 MISS:          0 MSHR_MERGE:          0
cpu0->cpu0_L1D WRITE        ACCESS:    5449466 HIT:    4493903 MISS:     955563 MSHR_MERGE:     753502
cpu0->cpu0_L1D TRANSLATION  ACCESS:      31027 HIT:      19159 MISS:      11868 MSHR_MERGE:        221
cpu0->cpu0_L1D PREFETCH REQUESTED:          0 ISSUED:          0 USEFUL:          0 USELESS:          0
cpu0->cpu0_L1D AVERAGE MISS LATENCY: 158.3 cycles
cpu0->cpu0_ITLB TOTAL        ACCESS:    2352479 HIT:    2330250 MISS:      22229 MSHR_MERGE:      11088
cpu0->cpu0_ITLB LOAD         ACCESS:    2352479 HIT:    2330250 MISS:      22229 MSHR_MERGE:      11088
cpu0->cpu0_ITLB RFO          ACCESS:          0 HIT:          0 MISS:          0 MSHR_MERGE:          0
cpu0->cpu0_ITLB PREFETCH     ACCESS:          0 HIT:          0 MISS:          0 MSHR_MERGE:          0
cpu0->cpu0_ITLB WRITE        ACCESS:          0 HIT:          0 MISS:          0 MSHR_MERGE:          0
cpu0->cpu0_ITLB TRANSLATION  ACCESS:          0 HIT:          0 MISS:          0 MSHR_MERGE:          0
cpu0->cpu0_ITLB PREFETCH REQUESTED:          0 ISSUED:          0 USEFUL:          0 USELESS:          0
cpu0->cpu0_ITLB AVERAGE MISS LATENCY: 22.93 cycles
cpu0->cpu0_DTLB TOTAL        ACCESS:   13218787 HIT:   13107283 MISS:     111504 MSHR_MERGE:      52046
cpu0->cpu0_DTLB LOAD         ACCESS:   13218787 HIT:   13107283 MISS:     111504 MSHR_MERGE:      52046
cpu0->cpu0_DTLB RFO          ACCESS:          0 HIT:          0 MISS:          0 MSHR_MERGE:          0
cpu0->cpu0_DTLB PREFETCH     ACCESS:          0 HIT:          0 MISS:          0 MSHR_MERGE:          0
cpu0->cpu0_DTLB WRITE        ACCESS:          0 HIT:          0 MISS:          0 MSHR_MERGE:          0
cpu0->cpu0_DTLB TRANSLATION  ACCESS:          0 HIT:          0 MISS:          0 MSHR_MERGE:          0
cpu0->cpu0_DTLB PREFETCH REQUESTED:          0 ISSUED:          0 USEFUL:          0 USELESS:          0
cpu0->cpu0_DTLB AVERAGE MISS LATENCY: 62.28 cycles
cpu0->LLC TOTAL        ACCESS:     503028 HIT:      22836 MISS:     480192 MSHR_MERGE:          0
cpu0->LLC LOAD         ACCESS:      66762 HIT:       3783 MISS:      62979 MSHR_MERGE:          0
cpu0->LLC RFO          ACCESS:     192204 HIT:        638 MISS:     191566 MSHR_MERGE:          0
cpu0->LLC PREFETCH     ACCESS:      35902 HIT:         66 MISS:      35836 MSHR_MERGE:          0
cpu0->LLC WRITE        ACCESS:     200716 HIT:      17513 MISS:     183203 MSHR_MERGE:          0
cpu0->LLC TRANSLATION  ACCESS:       7444 HIT:        836 MISS:       6608 MSHR_MERGE:          0
cpu0->LLC PREFETCH REQUESTED:          0 ISSUED:          0 USEFUL:          0 USELESS:          0
cpu0->LLC AVERAGE MISS LATENCY: 152.8 cycles

DRAM Statistics

Channel 0 RQ ROW_BUFFER_HIT:      17730
  ROW_BUFFER_MISS:     279258
  AVG DBUS CONGESTED CYCLE: 26.53
Channel 0 WQ ROW_BUFFER_HIT:      42394
  ROW_BUFFER_MISS:     153409
  FULL:        337
Channel 0 REFRESHES ISSUED:       4110


--- STDERR ---



=== TRACE: traces/charlie/charlie_0002.champsim.gz ===
COMMAND: ./bin/1C.fullBW.ghb_pccs --warmup-instructions=10000000 --simulation-instructions=50000000 traces/charlie/charlie_0002.champsim.gz
RETURNCODE: 0

--- STDOUT ---
[VMEM] WARNING: physical memory size is smaller than virtual memory size.

*** ChampSim Multicore Out-of-Order Simulator ***
Warmup Instructions: 10000000
Simulation Instructions: 50000000
Number of CPUs: 1
Page size: 4096
Core 0: traces/charlie/charlie_0002.champsim.gz
Off-chip DRAM Size: 64 GiB Channels: 1 Width: 64-bit Data Rate: 4807 MT/s
[BTB] WARNING: target of return is a lower address than the corresponding call. This is usually a problem with your trace.
[BTB] WARNING: target of return is a lower address than the corresponding call. This is usually a problem with your trace.
[BTB] WARNING: target of return is a lower address than the corresponding call. This is usually a problem with your trace.
[BTB] WARNING: target of return is a lower address than the corresponding call. This is usually a problem with your trace.
[BTB] WARNING: target of return is a lower address than the corresponding call. This is usually a problem with your trace.
Heartbeat CPU 0 instructions: 500003 cycles: 260909 heartbeat IPC: 1.916 cumulative IPC: 1.916 (Simulation time: 00 hr 00 min 03 sec)
[BTB] WARNING: target of return is a lower address than the corresponding call. This is usually a problem with your trace.
Heartbeat CPU 0 instructions: 1000004 cycles: 470702 heartbeat IPC: 2.383 cumulative IPC: 2.124 (Simulation time: 00 hr 00 min 05 sec)
Heartbeat CPU 0 instructions: 1500010 cycles: 656301 heartbeat IPC: 2.694 cumulative IPC: 2.286 (Simulation time: 00 hr 00 min 07 sec)
[BTB] WARNING: target of return is a lower address than the corresponding call. This is usually a problem with your trace.
[BTB] WARNING: target of return is a lower address than the corresponding call. This is usually a problem with your trace.
Heartbeat CPU 0 instructions: 2000016 cycles: 832491 heartbeat IPC: 2.838 cumulative IPC: 2.402 (Simulation time: 00 hr 00 min 09 sec)
[BTB] WARNING: target of return is a lower address than the corresponding call. This is usually a problem with your trace.
[BTB] WARNING: target of return is a lower address than the corresponding call. This is usually a problem with your trace.
Heartbeat CPU 0 instructions: 2500019 cycles: 1014527 heartbeat IPC: 2.747 cumulative IPC: 2.464 (Simulation time: 00 hr 00 min 11 sec)
Heartbeat CPU 0 instructions: 3000025 cycles: 1165983 heartbeat IPC: 3.301 cumulative IPC: 2.573 (Simulation time: 00 hr 00 min 12 sec)
Heartbeat CPU 0 instructions: 3500031 cycles: 1311842 heartbeat IPC: 3.428 cumulative IPC: 2.668 (Simulation time: 00 hr 00 min 14 sec)
Heartbeat CPU 0 instructions: 4000037 cycles: 1448869 heartbeat IPC: 3.649 cumulative IPC: 2.761 (Simulation time: 00 hr 00 min 16 sec)
Heartbeat CPU 0 instructions: 4500042 cycles: 1601426 heartbeat IPC: 3.277 cumulative IPC: 2.81 (Simulation time: 00 hr 00 min 17 sec)
Heartbeat CPU 0 instructions: 5000047 cycles: 1747167 heartbeat IPC: 3.431 cumulative IPC: 2.862 (Simulation time: 00 hr 00 min 19 sec)
Heartbeat CPU 0 instructions: 5500053 cycles: 1916051 heartbeat IPC: 2.961 cumulative IPC: 2.871 (Simulation time: 00 hr 00 min 21 sec)
Heartbeat CPU 0 instructions: 6000060 cycles: 2079649 heartbeat IPC: 3.056 cumulative IPC: 2.885 (Simulation time: 00 hr 00 min 23 sec)
Heartbeat CPU 0 instructions: 6500065 cycles: 2255579 heartbeat IPC: 2.842 cumulative IPC: 2.882 (Simulation time: 00 hr 00 min 25 sec)
Heartbeat CPU 0 instructions: 7000066 cycles: 2402964 heartbeat IPC: 3.392 cumulative IPC: 2.913 (Simulation time: 00 hr 00 min 26 sec)
Heartbeat CPU 0 instructions: 7500068 cycles: 2554572 heartbeat IPC: 3.298 cumulative IPC: 2.936 (Simulation time: 00 hr 00 min 28 sec)
Heartbeat CPU 0 instructions: 8000070 cycles: 2704303 heartbeat IPC: 3.339 cumulative IPC: 2.958 (Simulation time: 00 hr 00 min 30 sec)
Heartbeat CPU 0 instructions: 8500071 cycles: 2805262 heartbeat IPC: 4.953 cumulative IPC: 3.03 (Simulation time: 00 hr 00 min 31 sec)
Heartbeat CPU 0 instructions: 9000077 cycles: 2905477 heartbeat IPC: 4.989 cumulative IPC: 3.098 (Simulation time: 00 hr 00 min 32 sec)
Heartbeat CPU 0 instructions: 9500084 cycles: 3005692 heartbeat IPC: 4.989 cumulative IPC: 3.161 (Simulation time: 00 hr 00 min 32 sec)
Warmup finished CPU 0 instructions: 10000000 cycles: 3127694 cumulative IPC: 3.197 (Simulation time: 00 hr 00 min 34 sec)
Warmup complete CPU 0 instructions: 10000000 cycles: 3127694 cumulative IPC: 3.197 (Simulation time: 00 hr 00 min 34 sec)
Heartbeat CPU 0 instructions: 10000089 cycles: 3130312 heartbeat IPC: 4.012 cumulative IPC: 0.034 (Simulation time: 00 hr 00 min 34 sec)
Heartbeat CPU 0 instructions: 10500089 cycles: 5387204 heartbeat IPC: 0.2215 cumulative IPC: 0.2213 (Simulation time: 00 hr 00 min 43 sec)
Heartbeat CPU 0 instructions: 11000093 cycles: 6381515 heartbeat IPC: 0.5029 cumulative IPC: 0.3074 (Simulation time: 00 hr 00 min 47 sec)
Heartbeat CPU 0 instructions: 11500094 cycles: 8426668 heartbeat IPC: 0.2445 cumulative IPC: 0.2831 (Simulation time: 00 hr 00 min 54 sec)
Heartbeat CPU 0 instructions: 12000096 cycles: 10081858 heartbeat IPC: 0.3021 cumulative IPC: 0.2876 (Simulation time: 00 hr 01 min 00 sec)
Heartbeat CPU 0 instructions: 12500096 cycles: 10994520 heartbeat IPC: 0.5478 cumulative IPC: 0.3178 (Simulation time: 00 hr 01 min 04 sec)
Heartbeat CPU 0 instructions: 13000099 cycles: 11528948 heartbeat IPC: 0.9356 cumulative IPC: 0.3571 (Simulation time: 00 hr 01 min 06 sec)
Heartbeat CPU 0 instructions: 13500102 cycles: 13318596 heartbeat IPC: 0.2794 cumulative IPC: 0.3435 (Simulation time: 00 hr 01 min 12 sec)
Heartbeat CPU 0 instructions: 14000103 cycles: 15108431 heartbeat IPC: 0.2794 cumulative IPC: 0.3339 (Simulation time: 00 hr 01 min 19 sec)
Heartbeat CPU 0 instructions: 14500110 cycles: 16196639 heartbeat IPC: 0.4595 cumulative IPC: 0.3443 (Simulation time: 00 hr 01 min 23 sec)
Heartbeat CPU 0 instructions: 15000113 cycles: 16696130 heartbeat IPC: 1.001 cumulative IPC: 0.3685 (Simulation time: 00 hr 01 min 25 sec)
Heartbeat CPU 0 instructions: 15500115 cycles: 17176833 heartbeat IPC: 1.04 cumulative IPC: 0.3915 (Simulation time: 00 hr 01 min 28 sec)
Heartbeat CPU 0 instructions: 16000120 cycles: 17642694 heartbeat IPC: 1.073 cumulative IPC: 0.4134 (Simulation time: 00 hr 01 min 30 sec)
Heartbeat CPU 0 instructions: 16500121 cycles: 18121302 heartbeat IPC: 1.045 cumulative IPC: 0.4335 (Simulation time: 00 hr 01 min 32 sec)
Heartbeat CPU 0 instructions: 17000122 cycles: 18609917 heartbeat IPC: 1.023 cumulative IPC: 0.4521 (Simulation time: 00 hr 01 min 35 sec)
Heartbeat CPU 0 instructions: 17500123 cycles: 19131150 heartbeat IPC: 0.9593 cumulative IPC: 0.4687 (Simulation time: 00 hr 01 min 37 sec)
Heartbeat CPU 0 instructions: 18000126 cycles: 19549080 heartbeat IPC: 1.196 cumulative IPC: 0.4872 (Simulation time: 00 hr 01 min 39 sec)
Heartbeat CPU 0 instructions: 18500132 cycles: 19987399 heartbeat IPC: 1.141 cumulative IPC: 0.5042 (Simulation time: 00 hr 01 min 41 sec)
Heartbeat CPU 0 instructions: 19000134 cycles: 20440185 heartbeat IPC: 1.104 cumulative IPC: 0.5199 (Simulation time: 00 hr 01 min 44 sec)
Heartbeat CPU 0 instructions: 19500134 cycles: 20921173 heartbeat IPC: 1.04 cumulative IPC: 0.5339 (Simulation time: 00 hr 01 min 46 sec)
Heartbeat CPU 0 instructions: 20000138 cycles: 21372723 heartbeat IPC: 1.107 cumulative IPC: 0.5481 (Simulation time: 00 hr 01 min 48 sec)
Heartbeat CPU 0 instructions: 20500139 cycles: 21893032 heartbeat IPC: 0.961 cumulative IPC: 0.5595 (Simulation time: 00 hr 01 min 50 sec)
Heartbeat CPU 0 instructions: 21000139 cycles: 22325541 heartbeat IPC: 1.156 cumulative IPC: 0.573 (Simulation time: 00 hr 01 min 51 sec)
Heartbeat CPU 0 instructions: 21500145 cycles: 22766659 heartbeat IPC: 1.133 cumulative IPC: 0.5856 (Simulation time: 00 hr 01 min 53 sec)
Heartbeat CPU 0 instructions: 22000149 cycles: 23249917 heartbeat IPC: 1.035 cumulative IPC: 0.5964 (Simulation time: 00 hr 01 min 55 sec)
Heartbeat CPU 0 instructions: 22500154 cycles: 23695472 heartbeat IPC: 1.122 cumulative IPC: 0.6078 (Simulation time: 00 hr 01 min 57 sec)
Heartbeat CPU 0 instructions: 23000156 cycles: 24151718 heartbeat IPC: 1.096 cumulative IPC: 0.6183 (Simulation time: 00 hr 01 min 59 sec)
Heartbeat CPU 0 instructions: 23500162 cycles: 24609534 heartbeat IPC: 1.092 cumulative IPC: 0.6284 (Simulation time: 00 hr 02 min 01 sec)
Heartbeat CPU 0 instructions: 24000165 cycles: 25128190 heartbeat IPC: 0.964 cumulative IPC: 0.6364 (Simulation time: 00 hr 02 min 03 sec)
Heartbeat CPU 0 instructions: 24500169 cycles: 26571965 heartbeat IPC: 0.3463 cumulative IPC: 0.6185 (Simulation time: 00 hr 02 min 08 sec)
Heartbeat CPU 0 instructions: 25000172 cycles: 27176453 heartbeat IPC: 0.8272 cumulative IPC: 0.6237 (Simulation time: 00 hr 02 min 11 sec)
Heartbeat CPU 0 instructions: 25500172 cycles: 27790709 heartbeat IPC: 0.814 cumulative IPC: 0.6285 (Simulation time: 00 hr 02 min 14 sec)
Heartbeat CPU 0 instructions: 26000175 cycles: 28414024 heartbeat IPC: 0.8022 cumulative IPC: 0.6328 (Simulation time: 00 hr 02 min 17 sec)
Heartbeat CPU 0 instructions: 26500175 cycles: 29646328 heartbeat IPC: 0.4057 cumulative IPC: 0.6222 (Simulation time: 00 hr 02 min 21 sec)
Heartbeat CPU 0 instructions: 27000175 cycles: 30610240 heartbeat IPC: 0.5187 cumulative IPC: 0.6186 (Simulation time: 00 hr 02 min 25 sec)
Heartbeat CPU 0 instructions: 27500181 cycles: 31288194 heartbeat IPC: 0.7375 cumulative IPC: 0.6214 (Simulation time: 00 hr 02 min 28 sec)
Heartbeat CPU 0 instructions: 28000181 cycles: 32442572 heartbeat IPC: 0.4331 cumulative IPC: 0.614 (Simulation time: 00 hr 02 min 31 sec)
Heartbeat CPU 0 instructions: 28500185 cycles: 33906228 heartbeat IPC: 0.3416 cumulative IPC: 0.6011 (Simulation time: 00 hr 02 min 36 sec)
Heartbeat CPU 0 instructions: 29000186 cycles: 34423721 heartbeat IPC: 0.9662 cumulative IPC: 0.6071 (Simulation time: 00 hr 02 min 38 sec)
Heartbeat CPU 0 instructions: 29500190 cycles: 34901521 heartbeat IPC: 1.046 cumulative IPC: 0.6137 (Simulation time: 00 hr 02 min 41 sec)
Heartbeat CPU 0 instructions: 30000193 cycles: 35478212 heartbeat IPC: 0.867 cumulative IPC: 0.6182 (Simulation time: 00 hr 02 min 43 sec)
Heartbeat CPU 0 instructions: 30500193 cycles: 36643416 heartbeat IPC: 0.4291 cumulative IPC: 0.6117 (Simulation time: 00 hr 02 min 47 sec)
Heartbeat CPU 0 instructions: 31000195 cycles: 38191017 heartbeat IPC: 0.3231 cumulative IPC: 0.5989 (Simulation time: 00 hr 02 min 52 sec)
Heartbeat CPU 0 instructions: 31500197 cycles: 39494785 heartbeat IPC: 0.3835 cumulative IPC: 0.5912 (Simulation time: 00 hr 02 min 57 sec)
Heartbeat CPU 0 instructions: 32000198 cycles: 40746072 heartbeat IPC: 0.3996 cumulative IPC: 0.5848 (Simulation time: 00 hr 03 min 01 sec)
Heartbeat CPU 0 instructions: 32500203 cycles: 40973465 heartbeat IPC: 2.199 cumulative IPC: 0.5945 (Simulation time: 00 hr 03 min 03 sec)
Heartbeat CPU 0 instructions: 33000207 cycles: 41216193 heartbeat IPC: 2.06 cumulative IPC: 0.6039 (Simulation time: 00 hr 03 min 04 sec)
Heartbeat CPU 0 instructions: 33500213 cycles: 41612564 heartbeat IPC: 1.261 cumulative IPC: 0.6106 (Simulation time: 00 hr 03 min 06 sec)
Heartbeat CPU 0 instructions: 34000216 cycles: 43063558 heartbeat IPC: 0.3446 cumulative IPC: 0.601 (Simulation time: 00 hr 03 min 11 sec)
Heartbeat CPU 0 instructions: 34500217 cycles: 44600512 heartbeat IPC: 0.3253 cumulative IPC: 0.5908 (Simulation time: 00 hr 03 min 16 sec)
Heartbeat CPU 0 instructions: 35000217 cycles: 46914806 heartbeat IPC: 0.216 cumulative IPC: 0.5709 (Simulation time: 00 hr 03 min 23 sec)
Heartbeat CPU 0 instructions: 35500223 cycles: 48699067 heartbeat IPC: 0.2802 cumulative IPC: 0.5596 (Simulation time: 00 hr 03 min 28 sec)
Heartbeat CPU 0 instructions: 36000224 cycles: 49981410 heartbeat IPC: 0.3899 cumulative IPC: 0.5549 (Simulation time: 00 hr 03 min 32 sec)
Heartbeat CPU 0 instructions: 36500229 cycles: 51414759 heartbeat IPC: 0.3488 cumulative IPC: 0.5488 (Simulation time: 00 hr 03 min 37 sec)
Heartbeat CPU 0 instructions: 37000231 cycles: 51989135 heartbeat IPC: 0.8705 cumulative IPC: 0.5526 (Simulation time: 00 hr 03 min 39 sec)
Heartbeat CPU 0 instructions: 37500232 cycles: 52476371 heartbeat IPC: 1.026 cumulative IPC: 0.5573 (Simulation time: 00 hr 03 min 41 sec)
Heartbeat CPU 0 instructions: 38000234 cycles: 52936856 heartbeat IPC: 1.086 cumulative IPC: 0.5622 (Simulation time: 00 hr 03 min 43 sec)
Heartbeat CPU 0 instructions: 38500237 cycles: 53362798 heartbeat IPC: 1.174 cumulative IPC: 0.5673 (Simulation time: 00 hr 03 min 45 sec)
Heartbeat CPU 0 instructions: 39000237 cycles: 53843821 heartbeat IPC: 1.039 cumulative IPC: 0.5718 (Simulation time: 00 hr 03 min 47 sec)
Heartbeat CPU 0 instructions: 39500239 cycles: 54302654 heartbeat IPC: 1.09 cumulative IPC: 0.5765 (Simulation time: 00 hr 03 min 49 sec)
Heartbeat CPU 0 instructions: 40000245 cycles: 54768293 heartbeat IPC: 1.074 cumulative IPC: 0.5809 (Simulation time: 00 hr 03 min 51 sec)
Heartbeat CPU 0 instructions: 40500249 cycles: 55266846 heartbeat IPC: 1.003 cumulative IPC: 0.585 (Simulation time: 00 hr 03 min 53 sec)
Heartbeat CPU 0 instructions: 41000251 cycles: 55673777 heartbeat IPC: 1.229 cumulative IPC: 0.59 (Simulation time: 00 hr 03 min 54 sec)
Heartbeat CPU 0 instructions: 41500253 cycles: 56505128 heartbeat IPC: 0.6014 cumulative IPC: 0.5901 (Simulation time: 00 hr 03 min 58 sec)
Heartbeat CPU 0 instructions: 42000255 cycles: 57126247 heartbeat IPC: 0.805 cumulative IPC: 0.5926 (Simulation time: 00 hr 04 min 01 sec)
Heartbeat CPU 0 instructions: 42500260 cycles: 57699486 heartbeat IPC: 0.8722 cumulative IPC: 0.5956 (Simulation time: 00 hr 04 min 03 sec)
Heartbeat CPU 0 instructions: 43000263 cycles: 58301457 heartbeat IPC: 0.8306 cumulative IPC: 0.5981 (Simulation time: 00 hr 04 min 06 sec)
Heartbeat CPU 0 instructions: 43500263 cycles: 58862059 heartbeat IPC: 0.8919 cumulative IPC: 0.6011 (Simulation time: 00 hr 04 min 08 sec)
Heartbeat CPU 0 instructions: 44000264 cycles: 59471142 heartbeat IPC: 0.8209 cumulative IPC: 0.6034 (Simulation time: 00 hr 04 min 11 sec)
Heartbeat CPU 0 instructions: 44500265 cycles: 60022709 heartbeat IPC: 0.9065 cumulative IPC: 0.6064 (Simulation time: 00 hr 04 min 14 sec)
Heartbeat CPU 0 instructions: 45000265 cycles: 60599941 heartbeat IPC: 0.8662 cumulative IPC: 0.609 (Simulation time: 00 hr 04 min 17 sec)
Heartbeat CPU 0 instructions: 45500268 cycles: 61205627 heartbeat IPC: 0.8255 cumulative IPC: 0.6113 (Simulation time: 00 hr 04 min 20 sec)
Heartbeat CPU 0 instructions: 46000269 cycles: 61756115 heartbeat IPC: 0.9083 cumulative IPC: 0.614 (Simulation time: 00 hr 04 min 22 sec)
Heartbeat CPU 0 instructions: 46500272 cycles: 62348221 heartbeat IPC: 0.8444 cumulative IPC: 0.6163 (Simulation time: 00 hr 04 min 25 sec)
Heartbeat CPU 0 instructions: 47000273 cycles: 62952245 heartbeat IPC: 0.8278 cumulative IPC: 0.6185 (Simulation time: 00 hr 04 min 28 sec)
Heartbeat CPU 0 instructions: 47500280 cycles: 63530787 heartbeat IPC: 0.8643 cumulative IPC: 0.6208 (Simulation time: 00 hr 04 min 31 sec)
Heartbeat CPU 0 instructions: 48000282 cycles: 65441785 heartbeat IPC: 0.2616 cumulative IPC: 0.6098 (Simulation time: 00 hr 04 min 37 sec)
Heartbeat CPU 0 instructions: 48500282 cycles: 67114971 heartbeat IPC: 0.2988 cumulative IPC: 0.6017 (Simulation time: 00 hr 04 min 44 sec)
Heartbeat CPU 0 instructions: 49000282 cycles: 69297259 heartbeat IPC: 0.2291 cumulative IPC: 0.5894 (Simulation time: 00 hr 04 min 50 sec)
Heartbeat CPU 0 instructions: 49500282 cycles: 70155117 heartbeat IPC: 0.5828 cumulative IPC: 0.5893 (Simulation time: 00 hr 04 min 53 sec)
Heartbeat CPU 0 instructions: 50000289 cycles: 70644782 heartbeat IPC: 1.021 cumulative IPC: 0.5924 (Simulation time: 00 hr 04 min 55 sec)
Heartbeat CPU 0 instructions: 50500292 cycles: 71085177 heartbeat IPC: 1.135 cumulative IPC: 0.596 (Simulation time: 00 hr 04 min 58 sec)
Heartbeat CPU 0 instructions: 51000297 cycles: 71644656 heartbeat IPC: 0.8937 cumulative IPC: 0.5984 (Simulation time: 00 hr 05 min 00 sec)
Heartbeat CPU 0 instructions: 51500297 cycles: 71994753 heartbeat IPC: 1.428 cumulative IPC: 0.6026 (Simulation time: 00 hr 05 min 02 sec)
Heartbeat CPU 0 instructions: 52000300 cycles: 72320962 heartbeat IPC: 1.533 cumulative IPC: 0.607 (Simulation time: 00 hr 05 min 03 sec)
Heartbeat CPU 0 instructions: 52500301 cycles: 72636176 heartbeat IPC: 1.586 cumulative IPC: 0.6114 (Simulation time: 00 hr 05 min 05 sec)
Heartbeat CPU 0 instructions: 53000303 cycles: 73041086 heartbeat IPC: 1.235 cumulative IPC: 0.6151 (Simulation time: 00 hr 05 min 07 sec)
Heartbeat CPU 0 instructions: 53500303 cycles: 73415070 heartbeat IPC: 1.337 cumulative IPC: 0.6189 (Simulation time: 00 hr 05 min 09 sec)
Heartbeat CPU 0 instructions: 54000303 cycles: 74937234 heartbeat IPC: 0.3285 cumulative IPC: 0.6127 (Simulation time: 00 hr 05 min 14 sec)
Heartbeat CPU 0 instructions: 54500310 cycles: 76602135 heartbeat IPC: 0.3003 cumulative IPC: 0.6057 (Simulation time: 00 hr 05 min 19 sec)
Heartbeat CPU 0 instructions: 55000311 cycles: 77533221 heartbeat IPC: 0.537 cumulative IPC: 0.6048 (Simulation time: 00 hr 05 min 23 sec)
Heartbeat CPU 0 instructions: 55500311 cycles: 79316228 heartbeat IPC: 0.2804 cumulative IPC: 0.5972 (Simulation time: 00 hr 05 min 30 sec)
Heartbeat CPU 0 instructions: 56000318 cycles: 80207524 heartbeat IPC: 0.561 cumulative IPC: 0.5968 (Simulation time: 00 hr 05 min 33 sec)
Heartbeat CPU 0 instructions: 56500318 cycles: 81890057 heartbeat IPC: 0.2972 cumulative IPC: 0.5904 (Simulation time: 00 hr 05 min 38 sec)
Heartbeat CPU 0 instructions: 57000320 cycles: 83711073 heartbeat IPC: 0.2746 cumulative IPC: 0.5833 (Simulation time: 00 hr 05 min 45 sec)
Heartbeat CPU 0 instructions: 57500321 cycles: 84706697 heartbeat IPC: 0.5022 cumulative IPC: 0.5823 (Simulation time: 00 hr 05 min 48 sec)
Heartbeat CPU 0 instructions: 58000321 cycles: 85996659 heartbeat IPC: 0.3876 cumulative IPC: 0.5792 (Simulation time: 00 hr 05 min 52 sec)
Heartbeat CPU 0 instructions: 58500322 cycles: 86803510 heartbeat IPC: 0.6197 cumulative IPC: 0.5796 (Simulation time: 00 hr 05 min 55 sec)
Heartbeat CPU 0 instructions: 59000325 cycles: 87264866 heartbeat IPC: 1.084 cumulative IPC: 0.5824 (Simulation time: 00 hr 05 min 57 sec)
Heartbeat CPU 0 instructions: 59500325 cycles: 87721871 heartbeat IPC: 1.094 cumulative IPC: 0.5852 (Simulation time: 00 hr 05 min 59 sec)
Simulation finished CPU 0 instructions: 50000005 cycles: 85940816 cumulative IPC: 0.5818 (Simulation time: 00 hr 06 min 03 sec)
Simulation complete CPU 0 instructions: 50000005 cycles: 85940816 cumulative IPC: 0.5818 (Simulation time: 00 hr 06 min 03 sec)

ChampSim completed all CPUs

=== Simulation ===
CPU 0 runs traces/charlie/charlie_0002.champsim.gz

Region of Interest Statistics

CPU 0 cumulative IPC: 0.5818 instructions: 50000005 cycles: 85940816
CPU 0 Branch Prediction Accuracy: 90.7% MPKI: 17.39 Average ROB Occupancy at Mispredict: 33.56
Branch type MPKI
BRANCH_DIRECT_JUMP: 0.5393
BRANCH_INDIRECT: 0.5511
BRANCH_CONDITIONAL: 14.67
BRANCH_DIRECT_CALL: 0.5491
BRANCH_INDIRECT_CALL: 0.6154
BRANCH_RETURN: 0.4658

cpu0->cpu0_STLB TOTAL        ACCESS:     239260 HIT:     175237 MISS:      64023 MSHR_MERGE:          0
cpu0->cpu0_STLB LOAD         ACCESS:     239260 HIT:     175237 MISS:      64023 MSHR_MERGE:          0
cpu0->cpu0_STLB RFO          ACCESS:          0 HIT:          0 MISS:          0 MSHR_MERGE:          0
cpu0->cpu0_STLB PREFETCH     ACCESS:          0 HIT:          0 MISS:          0 MSHR_MERGE:          0
cpu0->cpu0_STLB WRITE        ACCESS:          0 HIT:          0 MISS:          0 MSHR_MERGE:          0
cpu0->cpu0_STLB TRANSLATION  ACCESS:          0 HIT:          0 MISS:          0 MSHR_MERGE:          0
cpu0->cpu0_STLB PREFETCH REQUESTED:          0 ISSUED:          0 USEFUL:          0 USELESS:          0
cpu0->cpu0_STLB AVERAGE MISS LATENCY: 258.7 cycles
cpu0->cpu0_L2C TOTAL        ACCESS:    1601198 HIT:     918575 MISS:     682623 MSHR_MERGE:     107770
cpu0->cpu0_L2C LOAD         ACCESS:     718458 HIT:     455408 MISS:     263050 MSHR_MERGE:      11577
cpu0->cpu0_L2C RFO          ACCESS:     230498 HIT:      20828 MISS:     209670 MSHR_MERGE:          0
cpu0->cpu0_L2C PREFETCH     ACCESS:     295052 HIT:     119351 MISS:     175701 MSHR_MERGE:      96193
cpu0->cpu0_L2C WRITE        ACCESS:     285157 HIT:     285155 MISS:          2 MSHR_MERGE:          0
cpu0->cpu0_L2C TRANSLATION  ACCESS:      72033 HIT:      37833 MISS:      34200 MSHR_MERGE:          0
cpu0->cpu0_L2C PREFETCH REQUESTED:     361968 ISSUED:     295052 USEFUL:      43981 USELESS:      35007
cpu0->cpu0_L2C AVERAGE MISS LATENCY: 271 cycles
cpu0->cpu0_L1I TOTAL        ACCESS:    3081665 HIT:    2714663 MISS:     367002 MSHR_MERGE:      84559
cpu0->cpu0_L1I LOAD         ACCESS:    3081665 HIT:    2714663 MISS:     367002 MSHR_MERGE:      84559
cpu0->cpu0_L1I RFO          ACCESS:          0 HIT:          0 MISS:          0 MSHR_MERGE:          0
cpu0->cpu0_L1I PREFETCH     ACCESS:          0 HIT:          0 MISS:          0 MSHR_MERGE:          0
cpu0->cpu0_L1I WRITE        ACCESS:          0 HIT:          0 MISS:          0 MSHR_MERGE:          0
cpu0->cpu0_L1I TRANSLATION  ACCESS:          0 HIT:          0 MISS:          0 MSHR_MERGE:          0
cpu0->cpu0_L1I PREFETCH REQUESTED:          0 ISSUED:          0 USEFUL:          0 USELESS:          0
cpu0->cpu0_L1I AVERAGE MISS LATENCY: 98.23 cycles
cpu0->cpu0_L1D TOTAL        ACCESS:   14237235 HIT:   12673667 MISS:    1563568 MSHR_MERGE:     825018
cpu0->cpu0_L1D LOAD         ACCESS:    8618250 HIT:    7967967 MISS:     650283 MSHR_MERGE:     214268
cpu0->cpu0_L1D RFO          ACCESS:          0 HIT:          0 MISS:          0 MSHR_MERGE:          0
cpu0->cpu0_L1D PREFETCH     ACCESS:          0 HIT:          0 MISS:          0 MSHR_MERGE:          0
cpu0->cpu0_L1D WRITE        ACCESS:    5441087 HIT:    4600709 MISS:     840378 MSHR_MERGE:     609876
cpu0->cpu0_L1D TRANSLATION  ACCESS:     177898 HIT:     104991 MISS:      72907 MSHR_MERGE:        874
cpu0->cpu0_L1D PREFETCH REQUESTED:          0 ISSUED:          0 USEFUL:          0 USELESS:          0
cpu0->cpu0_L1D AVERAGE MISS LATENCY: 160.7 cycles
cpu0->cpu0_ITLB TOTAL        ACCESS:    2551393 HIT:    2517087 MISS:      34306 MSHR_MERGE:      13984
cpu0->cpu0_ITLB LOAD         ACCESS:    2551393 HIT:    2517087 MISS:      34306 MSHR_MERGE:      13984
cpu0->cpu0_ITLB RFO          ACCESS:          0 HIT:          0 MISS:          0 MSHR_MERGE:          0
cpu0->cpu0_ITLB PREFETCH     ACCESS:          0 HIT:          0 MISS:          0 MSHR_MERGE:          0
cpu0->cpu0_ITLB WRITE        ACCESS:          0 HIT:          0 MISS:          0 MSHR_MERGE:          0
cpu0->cpu0_ITLB TRANSLATION  ACCESS:          0 HIT:          0 MISS:          0 MSHR_MERGE:          0
cpu0->cpu0_ITLB PREFETCH REQUESTED:          0 ISSUED:          0 USEFUL:          0 USELESS:          0
cpu0->cpu0_ITLB AVERAGE MISS LATENCY: 70.99 cycles
cpu0->cpu0_DTLB TOTAL        ACCESS:   13446140 HIT:   13063706 MISS:     382434 MSHR_MERGE:     163496
cpu0->cpu0_DTLB LOAD         ACCESS:   13446140 HIT:   13063706 MISS:     382434 MSHR_MERGE:     163496
cpu0->cpu0_DTLB RFO          ACCESS:          0 HIT:          0 MISS:          0 MSHR_MERGE:          0
cpu0->cpu0_DTLB PREFETCH     ACCESS:          0 HIT:          0 MISS:          0 MSHR_MERGE:          0
cpu0->cpu0_DTLB WRITE        ACCESS:          0 HIT:          0 MISS:          0 MSHR_MERGE:          0
cpu0->cpu0_DTLB TRANSLATION  ACCESS:          0 HIT:          0 MISS:          0 MSHR_MERGE:          0
cpu0->cpu0_DTLB PREFETCH REQUESTED:          0 ISSUED:          0 USEFUL:          0 USELESS:          0
cpu0->cpu0_DTLB AVERAGE MISS LATENCY: 74.81 cycles
cpu0->LLC TOTAL        ACCESS:     809544 HIT:      44638 MISS:     764906 MSHR_MERGE:          0
cpu0->LLC LOAD         ACCESS:     251473 HIT:       5504 MISS:     245969 MSHR_MERGE:          0
cpu0->LLC RFO          ACCESS:     209670 HIT:       1077 MISS:     208593 MSHR_MERGE:          0
cpu0->LLC PREFETCH     ACCESS:      79508 HIT:        145 MISS:      79363 MSHR_MERGE:          0
cpu0->LLC WRITE        ACCESS:     234693 HIT:      36288 MISS:     198405 MSHR_MERGE:          0
cpu0->LLC TRANSLATION  ACCESS:      34200 HIT:       1624 MISS:      32576 MSHR_MERGE:          0
cpu0->LLC PREFETCH REQUESTED:          0 ISSUED:          0 USEFUL:          0 USELESS:          0
cpu0->LLC AVERAGE MISS LATENCY: 183.4 cycles

DRAM Statistics

Channel 0 RQ ROW_BUFFER_HIT:      32181
  ROW_BUFFER_MISS:     534317
  AVG DBUS CONGESTED CYCLE: 25.06
Channel 0 WQ ROW_BUFFER_HIT:      52673
  ROW_BUFFER_MISS:     199777
  FULL:        464
Channel 0 REFRESHES ISSUED:       7161


--- STDERR ---



=== TRACE: traces/GAP/bc-12.trace.gz ===
COMMAND: ./bin/1C.fullBW.ghb_pccs --warmup-instructions=10000000 --simulation-instructions=50000000 traces/GAP/bc-12.trace.gz
RETURNCODE: 0

--- STDOUT ---
[VMEM] WARNING: physical memory size is smaller than virtual memory size.

*** ChampSim Multicore Out-of-Order Simulator ***
Warmup Instructions: 10000000
Simulation Instructions: 50000000
Number of CPUs: 1
Page size: 4096
Core 0: traces/GAP/bc-12.trace.gz
Off-chip DRAM Size: 64 GiB Channels: 1 Width: 64-bit Data Rate: 4807 MT/s
Heartbeat CPU 0 instructions: 500001 cycles: 508427 heartbeat IPC: 0.9834 cumulative IPC: 0.9834 (Simulation time: 00 hr 00 min 03 sec)
Heartbeat CPU 0 instructions: 1000001 cycles: 1014634 heartbeat IPC: 0.9877 cumulative IPC: 0.9856 (Simulation time: 00 hr 00 min 06 sec)
Heartbeat CPU 0 instructions: 1500001 cycles: 1520612 heartbeat IPC: 0.9882 cumulative IPC: 0.9864 (Simulation time: 00 hr 00 min 09 sec)
Heartbeat CPU 0 instructions: 2000002 cycles: 1873959 heartbeat IPC: 1.415 cumulative IPC: 1.067 (Simulation time: 00 hr 00 min 11 sec)
Heartbeat CPU 0 instructions: 2500007 cycles: 1983603 heartbeat IPC: 4.56 cumulative IPC: 1.26 (Simulation time: 00 hr 00 min 12 sec)
Heartbeat CPU 0 instructions: 3000013 cycles: 2086965 heartbeat IPC: 4.837 cumulative IPC: 1.438 (Simulation time: 00 hr 00 min 14 sec)
Heartbeat CPU 0 instructions: 3500015 cycles: 2198330 heartbeat IPC: 4.49 cumulative IPC: 1.592 (Simulation time: 00 hr 00 min 15 sec)
Heartbeat CPU 0 instructions: 4000015 cycles: 2302355 heartbeat IPC: 4.807 cumulative IPC: 1.737 (Simulation time: 00 hr 00 min 17 sec)
Heartbeat CPU 0 instructions: 4500015 cycles: 2413291 heartbeat IPC: 4.507 cumulative IPC: 1.865 (Simulation time: 00 hr 00 min 18 sec)
Heartbeat CPU 0 instructions: 5000018 cycles: 2517568 heartbeat IPC: 4.795 cumulative IPC: 1.986 (Simulation time: 00 hr 00 min 20 sec)
Heartbeat CPU 0 instructions: 5500025 cycles: 2627492 heartbeat IPC: 4.549 cumulative IPC: 2.093 (Simulation time: 00 hr 00 min 21 sec)
Heartbeat CPU 0 instructions: 6000030 cycles: 2733967 heartbeat IPC: 4.696 cumulative IPC: 2.195 (Simulation time: 00 hr 00 min 23 sec)
Heartbeat CPU 0 instructions: 6500031 cycles: 2844940 heartbeat IPC: 4.506 cumulative IPC: 2.285 (Simulation time: 00 hr 00 min 24 sec)
Heartbeat CPU 0 instructions: 7000035 cycles: 2951441 heartbeat IPC: 4.695 cumulative IPC: 2.372 (Simulation time: 00 hr 00 min 26 sec)
Heartbeat CPU 0 instructions: 7500042 cycles: 3057638 heartbeat IPC: 4.708 cumulative IPC: 2.453 (Simulation time: 00 hr 00 min 28 sec)
Heartbeat CPU 0 instructions: 8000043 cycles: 3168037 heartbeat IPC: 4.529 cumulative IPC: 2.525 (Simulation time: 00 hr 00 min 29 sec)
Heartbeat CPU 0 instructions: 8500045 cycles: 3273416 heartbeat IPC: 4.745 cumulative IPC: 2.597 (Simulation time: 00 hr 00 min 31 sec)
Heartbeat CPU 0 instructions: 9000047 cycles: 3380372 heartbeat IPC: 4.675 cumulative IPC: 2.662 (Simulation time: 00 hr 00 min 32 sec)
Heartbeat CPU 0 instructions: 9500050 cycles: 3490618 heartbeat IPC: 4.535 cumulative IPC: 2.722 (Simulation time: 00 hr 00 min 34 sec)
Warmup finished CPU 0 instructions: 10000000 cycles: 3595591 cumulative IPC: 2.781 (Simulation time: 00 hr 00 min 35 sec)
Warmup complete CPU 0 instructions: 10000000 cycles: 3595591 cumulative IPC: 2.781 (Simulation time: 00 hr 00 min 35 sec)
Heartbeat CPU 0 instructions: 10000051 cycles: 3595749 heartbeat IPC: 4.756 cumulative IPC: 0.3228 (Simulation time: 00 hr 00 min 35 sec)
Heartbeat CPU 0 instructions: 10500054 cycles: 5799141 heartbeat IPC: 0.2269 cumulative IPC: 0.2269 (Simulation time: 00 hr 00 min 46 sec)
Heartbeat CPU 0 instructions: 11000054 cycles: 7959766 heartbeat IPC: 0.2314 cumulative IPC: 0.2292 (Simulation time: 00 hr 00 min 56 sec)
Heartbeat CPU 0 instructions: 11500057 cycles: 10071387 heartbeat IPC: 0.2368 cumulative IPC: 0.2316 (Simulation time: 00 hr 01 min 06 sec)
Heartbeat CPU 0 instructions: 12000059 cycles: 12187528 heartbeat IPC: 0.2363 cumulative IPC: 0.2328 (Simulation time: 00 hr 01 min 16 sec)
Heartbeat CPU 0 instructions: 12500063 cycles: 14293038 heartbeat IPC: 0.2375 cumulative IPC: 0.2337 (Simulation time: 00 hr 01 min 25 sec)
Heartbeat CPU 0 instructions: 13000070 cycles: 16427037 heartbeat IPC: 0.2343 cumulative IPC: 0.2338 (Simulation time: 00 hr 01 min 35 sec)
Heartbeat CPU 0 instructions: 13500070 cycles: 18585213 heartbeat IPC: 0.2317 cumulative IPC: 0.2335 (Simulation time: 00 hr 01 min 46 sec)
Heartbeat CPU 0 instructions: 14000072 cycles: 20762546 heartbeat IPC: 0.2296 cumulative IPC: 0.233 (Simulation time: 00 hr 01 min 57 sec)
Heartbeat CPU 0 instructions: 14500077 cycles: 22979491 heartbeat IPC: 0.2255 cumulative IPC: 0.2322 (Simulation time: 00 hr 02 min 07 sec)
Heartbeat CPU 0 instructions: 15000080 cycles: 25228055 heartbeat IPC: 0.2224 cumulative IPC: 0.2311 (Simulation time: 00 hr 02 min 18 sec)
Heartbeat CPU 0 instructions: 15500082 cycles: 27403747 heartbeat IPC: 0.2298 cumulative IPC: 0.231 (Simulation time: 00 hr 02 min 28 sec)
Heartbeat CPU 0 instructions: 16000084 cycles: 29685413 heartbeat IPC: 0.2191 cumulative IPC: 0.23 (Simulation time: 00 hr 02 min 38 sec)
Heartbeat CPU 0 instructions: 16500084 cycles: 31863805 heartbeat IPC: 0.2295 cumulative IPC: 0.2299 (Simulation time: 00 hr 02 min 48 sec)
Heartbeat CPU 0 instructions: 17000084 cycles: 34127238 heartbeat IPC: 0.2209 cumulative IPC: 0.2293 (Simulation time: 00 hr 02 min 59 sec)
Heartbeat CPU 0 instructions: 17500085 cycles: 36399548 heartbeat IPC: 0.22 cumulative IPC: 0.2286 (Simulation time: 00 hr 03 min 09 sec)
Heartbeat CPU 0 instructions: 18000086 cycles: 38593544 heartbeat IPC: 0.2279 cumulative IPC: 0.2286 (Simulation time: 00 hr 03 min 18 sec)
Heartbeat CPU 0 instructions: 18500086 cycles: 40806707 heartbeat IPC: 0.2259 cumulative IPC: 0.2284 (Simulation time: 00 hr 03 min 28 sec)
Heartbeat CPU 0 instructions: 19000091 cycles: 43127482 heartbeat IPC: 0.2154 cumulative IPC: 0.2277 (Simulation time: 00 hr 03 min 39 sec)
Heartbeat CPU 0 instructions: 19500091 cycles: 45312531 heartbeat IPC: 0.2288 cumulative IPC: 0.2277 (Simulation time: 00 hr 03 min 48 sec)
Heartbeat CPU 0 instructions: 20000092 cycles: 47482630 heartbeat IPC: 0.2304 cumulative IPC: 0.2279 (Simulation time: 00 hr 03 min 57 sec)
Heartbeat CPU 0 instructions: 20500093 cycles: 49631894 heartbeat IPC: 0.2326 cumulative IPC: 0.2281 (Simulation time: 00 hr 04 min 06 sec)
Heartbeat CPU 0 instructions: 21000097 cycles: 51823798 heartbeat IPC: 0.2281 cumulative IPC: 0.2281 (Simulation time: 00 hr 04 min 16 sec)
Heartbeat CPU 0 instructions: 21500102 cycles: 54120454 heartbeat IPC: 0.2177 cumulative IPC: 0.2276 (Simulation time: 00 hr 04 min 26 sec)
Heartbeat CPU 0 instructions: 22000103 cycles: 56344810 heartbeat IPC: 0.2248 cumulative IPC: 0.2275 (Simulation time: 00 hr 04 min 36 sec)
Heartbeat CPU 0 instructions: 22500104 cycles: 58563773 heartbeat IPC: 0.2253 cumulative IPC: 0.2274 (Simulation time: 00 hr 04 min 45 sec)
Heartbeat CPU 0 instructions: 23000107 cycles: 60757034 heartbeat IPC: 0.228 cumulative IPC: 0.2274 (Simulation time: 00 hr 04 min 54 sec)
Heartbeat CPU 0 instructions: 23500107 cycles: 62941341 heartbeat IPC: 0.2289 cumulative IPC: 0.2275 (Simulation time: 00 hr 05 min 04 sec)
Heartbeat CPU 0 instructions: 24000109 cycles: 65171802 heartbeat IPC: 0.2242 cumulative IPC: 0.2274 (Simulation time: 00 hr 05 min 13 sec)
Heartbeat CPU 0 instructions: 24500112 cycles: 67392563 heartbeat IPC: 0.2251 cumulative IPC: 0.2273 (Simulation time: 00 hr 05 min 22 sec)
Heartbeat CPU 0 instructions: 25000112 cycles: 69657749 heartbeat IPC: 0.2207 cumulative IPC: 0.2271 (Simulation time: 00 hr 05 min 32 sec)
Heartbeat CPU 0 instructions: 25500117 cycles: 71869683 heartbeat IPC: 0.226 cumulative IPC: 0.227 (Simulation time: 00 hr 05 min 42 sec)
Heartbeat CPU 0 instructions: 26000122 cycles: 74226402 heartbeat IPC: 0.2122 cumulative IPC: 0.2265 (Simulation time: 00 hr 05 min 52 sec)
Heartbeat CPU 0 instructions: 26500123 cycles: 76515380 heartbeat IPC: 0.2184 cumulative IPC: 0.2263 (Simulation time: 00 hr 06 min 02 sec)
Heartbeat CPU 0 instructions: 27000125 cycles: 78798749 heartbeat IPC: 0.219 cumulative IPC: 0.2261 (Simulation time: 00 hr 06 min 11 sec)
Heartbeat CPU 0 instructions: 27500129 cycles: 81055938 heartbeat IPC: 0.2215 cumulative IPC: 0.2259 (Simulation time: 00 hr 06 min 20 sec)
Heartbeat CPU 0 instructions: 28000134 cycles: 83289849 heartbeat IPC: 0.2238 cumulative IPC: 0.2259 (Simulation time: 00 hr 06 min 29 sec)
Heartbeat CPU 0 instructions: 28500136 cycles: 85484716 heartbeat IPC: 0.2278 cumulative IPC: 0.2259 (Simulation time: 00 hr 06 min 38 sec)
Heartbeat CPU 0 instructions: 29000139 cycles: 87710257 heartbeat IPC: 0.2247 cumulative IPC: 0.2259 (Simulation time: 00 hr 06 min 46 sec)
Heartbeat CPU 0 instructions: 29500139 cycles: 89944216 heartbeat IPC: 0.2238 cumulative IPC: 0.2258 (Simulation time: 00 hr 06 min 55 sec)
Heartbeat CPU 0 instructions: 30000144 cycles: 92161757 heartbeat IPC: 0.2255 cumulative IPC: 0.2258 (Simulation time: 00 hr 07 min 03 sec)
Heartbeat CPU 0 instructions: 30500149 cycles: 94370866 heartbeat IPC: 0.2263 cumulative IPC: 0.2258 (Simulation time: 00 hr 07 min 11 sec)
Heartbeat CPU 0 instructions: 31000150 cycles: 96681583 heartbeat IPC: 0.2164 cumulative IPC: 0.2256 (Simulation time: 00 hr 07 min 21 sec)
Heartbeat CPU 0 instructions: 31500154 cycles: 98944358 heartbeat IPC: 0.221 cumulative IPC: 0.2255 (Simulation time: 00 hr 07 min 29 sec)
Heartbeat CPU 0 instructions: 32000157 cycles: 101221218 heartbeat IPC: 0.2196 cumulative IPC: 0.2254 (Simulation time: 00 hr 07 min 37 sec)
Heartbeat CPU 0 instructions: 32500157 cycles: 103534728 heartbeat IPC: 0.2161 cumulative IPC: 0.2251 (Simulation time: 00 hr 07 min 45 sec)
Heartbeat CPU 0 instructions: 33000160 cycles: 105843742 heartbeat IPC: 0.2165 cumulative IPC: 0.2249 (Simulation time: 00 hr 07 min 52 sec)
Heartbeat CPU 0 instructions: 33500161 cycles: 108111315 heartbeat IPC: 0.2205 cumulative IPC: 0.2248 (Simulation time: 00 hr 07 min 59 sec)
Heartbeat CPU 0 instructions: 34000165 cycles: 110379541 heartbeat IPC: 0.2204 cumulative IPC: 0.2248 (Simulation time: 00 hr 08 min 07 sec)
Heartbeat CPU 0 instructions: 34500172 cycles: 112670325 heartbeat IPC: 0.2183 cumulative IPC: 0.2246 (Simulation time: 00 hr 08 min 14 sec)
Heartbeat CPU 0 instructions: 35000172 cycles: 114953296 heartbeat IPC: 0.219 cumulative IPC: 0.2245 (Simulation time: 00 hr 08 min 22 sec)
Heartbeat CPU 0 instructions: 35500173 cycles: 117233124 heartbeat IPC: 0.2193 cumulative IPC: 0.2244 (Simulation time: 00 hr 08 min 29 sec)
Heartbeat CPU 0 instructions: 36000173 cycles: 119533812 heartbeat IPC: 0.2173 cumulative IPC: 0.2243 (Simulation time: 00 hr 08 min 36 sec)
Heartbeat CPU 0 instructions: 36500175 cycles: 121804029 heartbeat IPC: 0.2202 cumulative IPC: 0.2242 (Simulation time: 00 hr 08 min 43 sec)
Heartbeat CPU 0 instructions: 37000179 cycles: 124005809 heartbeat IPC: 0.2271 cumulative IPC: 0.2242 (Simulation time: 00 hr 08 min 50 sec)
Heartbeat CPU 0 instructions: 37500180 cycles: 126273522 heartbeat IPC: 0.2205 cumulative IPC: 0.2242 (Simulation time: 00 hr 08 min 57 sec)
Heartbeat CPU 0 instructions: 38000183 cycles: 128584092 heartbeat IPC: 0.2164 cumulative IPC: 0.224 (Simulation time: 00 hr 09 min 05 sec)
Heartbeat CPU 0 instructions: 38500183 cycles: 130931737 heartbeat IPC: 0.213 cumulative IPC: 0.2238 (Simulation time: 00 hr 09 min 13 sec)
Heartbeat CPU 0 instructions: 39000186 cycles: 133211261 heartbeat IPC: 0.2193 cumulative IPC: 0.2237 (Simulation time: 00 hr 09 min 20 sec)
Heartbeat CPU 0 instructions: 39500189 cycles: 135456637 heartbeat IPC: 0.2227 cumulative IPC: 0.2237 (Simulation time: 00 hr 09 min 27 sec)
Heartbeat CPU 0 instructions: 40000194 cycles: 137656505 heartbeat IPC: 0.2273 cumulative IPC: 0.2238 (Simulation time: 00 hr 09 min 34 sec)
Heartbeat CPU 0 instructions: 40500195 cycles: 140089822 heartbeat IPC: 0.2055 cumulative IPC: 0.2235 (Simulation time: 00 hr 09 min 43 sec)
Heartbeat CPU 0 instructions: 41000196 cycles: 142398850 heartbeat IPC: 0.2165 cumulative IPC: 0.2233 (Simulation time: 00 hr 09 min 51 sec)
Heartbeat CPU 0 instructions: 41500196 cycles: 144565491 heartbeat IPC: 0.2308 cumulative IPC: 0.2235 (Simulation time: 00 hr 09 min 58 sec)
Heartbeat CPU 0 instructions: 42000198 cycles: 146909610 heartbeat IPC: 0.2133 cumulative IPC: 0.2233 (Simulation time: 00 hr 10 min 06 sec)
Heartbeat CPU 0 instructions: 42500198 cycles: 149179306 heartbeat IPC: 0.2203 cumulative IPC: 0.2232 (Simulation time: 00 hr 10 min 13 sec)
Heartbeat CPU 0 instructions: 43000205 cycles: 151476422 heartbeat IPC: 0.2177 cumulative IPC: 0.2232 (Simulation time: 00 hr 10 min 21 sec)
Heartbeat CPU 0 instructions: 43500207 cycles: 153784731 heartbeat IPC: 0.2166 cumulative IPC: 0.2231 (Simulation time: 00 hr 10 min 28 sec)
Heartbeat CPU 0 instructions: 44000208 cycles: 156013575 heartbeat IPC: 0.2243 cumulative IPC: 0.2231 (Simulation time: 00 hr 10 min 35 sec)
Heartbeat CPU 0 instructions: 44500215 cycles: 158320900 heartbeat IPC: 0.2167 cumulative IPC: 0.223 (Simulation time: 00 hr 10 min 43 sec)
Heartbeat CPU 0 instructions: 45000215 cycles: 160577615 heartbeat IPC: 0.2216 cumulative IPC: 0.223 (Simulation time: 00 hr 10 min 50 sec)
Heartbeat CPU 0 instructions: 45500218 cycles: 162855058 heartbeat IPC: 0.2195 cumulative IPC: 0.2229 (Simulation time: 00 hr 10 min 57 sec)
Heartbeat CPU 0 instructions: 46000219 cycles: 165169465 heartbeat IPC: 0.216 cumulative IPC: 0.2228 (Simulation time: 00 hr 11 min 05 sec)
Heartbeat CPU 0 instructions: 46500220 cycles: 167492777 heartbeat IPC: 0.2152 cumulative IPC: 0.2227 (Simulation time: 00 hr 11 min 12 sec)
Heartbeat CPU 0 instructions: 47000221 cycles: 169674477 heartbeat IPC: 0.2292 cumulative IPC: 0.2228 (Simulation time: 00 hr 11 min 20 sec)
Heartbeat CPU 0 instructions: 47500221 cycles: 172108205 heartbeat IPC: 0.2054 cumulative IPC: 0.2225 (Simulation time: 00 hr 11 min 28 sec)
Heartbeat CPU 0 instructions: 48000221 cycles: 174414996 heartbeat IPC: 0.2168 cumulative IPC: 0.2225 (Simulation time: 00 hr 11 min 35 sec)
Heartbeat CPU 0 instructions: 48500222 cycles: 176730389 heartbeat IPC: 0.2159 cumulative IPC: 0.2224 (Simulation time: 00 hr 11 min 43 sec)
Heartbeat CPU 0 instructions: 49000225 cycles: 179064661 heartbeat IPC: 0.2142 cumulative IPC: 0.2223 (Simulation time: 00 hr 11 min 51 sec)
Heartbeat CPU 0 instructions: 49500225 cycles: 181375048 heartbeat IPC: 0.2164 cumulative IPC: 0.2222 (Simulation time: 00 hr 11 min 58 sec)
Heartbeat CPU 0 instructions: 50000225 cycles: 183706224 heartbeat IPC: 0.2145 cumulative IPC: 0.2221 (Simulation time: 00 hr 12 min 05 sec)
Heartbeat CPU 0 instructions: 50500229 cycles: 186019299 heartbeat IPC: 0.2162 cumulative IPC: 0.222 (Simulation time: 00 hr 12 min 13 sec)
Heartbeat CPU 0 instructions: 51000230 cycles: 188174409 heartbeat IPC: 0.232 cumulative IPC: 0.2221 (Simulation time: 00 hr 12 min 20 sec)
Heartbeat CPU 0 instructions: 51500230 cycles: 190607382 heartbeat IPC: 0.2055 cumulative IPC: 0.2219 (Simulation time: 00 hr 12 min 28 sec)
Heartbeat CPU 0 instructions: 52000230 cycles: 192939079 heartbeat IPC: 0.2144 cumulative IPC: 0.2218 (Simulation time: 00 hr 12 min 35 sec)
Heartbeat CPU 0 instructions: 52500231 cycles: 195106193 heartbeat IPC: 0.2307 cumulative IPC: 0.2219 (Simulation time: 00 hr 12 min 43 sec)
Heartbeat CPU 0 instructions: 53000238 cycles: 197494724 heartbeat IPC: 0.2093 cumulative IPC: 0.2218 (Simulation time: 00 hr 12 min 51 sec)
Heartbeat CPU 0 instructions: 53500238 cycles: 199799045 heartbeat IPC: 0.217 cumulative IPC: 0.2217 (Simulation time: 00 hr 12 min 58 sec)
Heartbeat CPU 0 instructions: 54000239 cycles: 202061224 heartbeat IPC: 0.221 cumulative IPC: 0.2217 (Simulation time: 00 hr 13 min 04 sec)
Heartbeat CPU 0 instructions: 54500241 cycles: 204319374 heartbeat IPC: 0.2214 cumulative IPC: 0.2217 (Simulation time: 00 hr 13 min 11 sec)
Heartbeat CPU 0 instructions: 55000242 cycles: 206648703 heartbeat IPC: 0.2147 cumulative IPC: 0.2216 (Simulation time: 00 hr 13 min 19 sec)
Heartbeat CPU 0 instructions: 55500242 cycles: 208947932 heartbeat IPC: 0.2175 cumulative IPC: 0.2216 (Simulation time: 00 hr 13 min 26 sec)
Heartbeat CPU 0 instructions: 56000247 cycles: 211286717 heartbeat IPC: 0.2138 cumulative IPC: 0.2215 (Simulation time: 00 hr 13 min 33 sec)
Heartbeat CPU 0 instructions: 56500253 cycles: 213539387 heartbeat IPC: 0.222 cumulative IPC: 0.2215 (Simulation time: 00 hr 13 min 40 sec)
Heartbeat CPU 0 instructions: 57000257 cycles: 215859018 heartbeat IPC: 0.2156 cumulative IPC: 0.2214 (Simulation time: 00 hr 13 min 47 sec)
Heartbeat CPU 0 instructions: 57500257 cycles: 218160684 heartbeat IPC: 0.2172 cumulative IPC: 0.2214 (Simulation time: 00 hr 13 min 55 sec)
Heartbeat CPU 0 instructions: 58000257 cycles: 220474811 heartbeat IPC: 0.2161 cumulative IPC: 0.2213 (Simulation time: 00 hr 14 min 04 sec)
Heartbeat CPU 0 instructions: 58500257 cycles: 222839209 heartbeat IPC: 0.2115 cumulative IPC: 0.2212 (Simulation time: 00 hr 14 min 11 sec)
Heartbeat CPU 0 instructions: 59000260 cycles: 225143771 heartbeat IPC: 0.217 cumulative IPC: 0.2212 (Simulation time: 00 hr 14 min 18 sec)
Heartbeat CPU 0 instructions: 59500263 cycles: 227416809 heartbeat IPC: 0.22 cumulative IPC: 0.2212 (Simulation time: 00 hr 14 min 24 sec)
Simulation finished CPU 0 instructions: 50000000 cycles: 226095032 cumulative IPC: 0.2211 (Simulation time: 00 hr 14 min 31 sec)
Simulation complete CPU 0 instructions: 50000000 cycles: 226095032 cumulative IPC: 0.2211 (Simulation time: 00 hr 14 min 31 sec)

ChampSim completed all CPUs

=== Simulation ===
CPU 0 runs traces/GAP/bc-12.trace.gz

Region of Interest Statistics

CPU 0 cumulative IPC: 0.2211 instructions: 50000000 cycles: 226095032
CPU 0 Branch Prediction Accuracy: 84.24% MPKI: 27.38 Average ROB Occupancy at Mispredict: 33.65
Branch type MPKI
BRANCH_DIRECT_JUMP: 0
BRANCH_INDIRECT: 0
BRANCH_CONDITIONAL: 27.38
BRANCH_DIRECT_CALL: 0
BRANCH_INDIRECT_CALL: 0
BRANCH_RETURN: 0

cpu0->cpu0_STLB TOTAL        ACCESS:    1668323 HIT:     899358 MISS:     768965 MSHR_MERGE:          0
cpu0->cpu0_STLB LOAD         ACCESS:    1668323 HIT:     899358 MISS:     768965 MSHR_MERGE:          0
cpu0->cpu0_STLB RFO          ACCESS:          0 HIT:          0 MISS:          0 MSHR_MERGE:          0
cpu0->cpu0_STLB PREFETCH     ACCESS:          0 HIT:          0 MISS:          0 MSHR_MERGE:          0
cpu0->cpu0_STLB WRITE        ACCESS:          0 HIT:          0 MISS:          0 MSHR_MERGE:          0
cpu0->cpu0_STLB TRANSLATION  ACCESS:          0 HIT:          0 MISS:          0 MSHR_MERGE:          0
cpu0->cpu0_STLB PREFETCH REQUESTED:          0 ISSUED:          0 USEFUL:          0 USELESS:          0
cpu0->cpu0_STLB AVERAGE MISS LATENCY: 15.96 cycles
cpu0->cpu0_L2C TOTAL        ACCESS:    7500794 HIT:    4474497 MISS:    3026297 MSHR_MERGE:      77169
cpu0->cpu0_L2C LOAD         ACCESS:    4106875 HIT:    1791251 MISS:    2315624 MSHR_MERGE:      10973
cpu0->cpu0_L2C RFO          ACCESS:      27607 HIT:       2406 MISS:      25201 MSHR_MERGE:          0
cpu0->cpu0_L2C PREFETCH     ACCESS:    1577734 HIT:     895666 MISS:     682068 MSHR_MERGE:      66196
cpu0->cpu0_L2C WRITE        ACCESS:    1528899 HIT:    1528885 MISS:         14 MSHR_MERGE:          0
cpu0->cpu0_L2C TRANSLATION  ACCESS:     259679 HIT:     256289 MISS:       3390 MSHR_MERGE:          0
cpu0->cpu0_L2C PREFETCH REQUESTED:    1588908 ISSUED:    1577725 USEFUL:     215710 USELESS:     402351
cpu0->cpu0_L2C AVERAGE MISS LATENCY: 150 cycles
cpu0->cpu0_L1I TOTAL        ACCESS:     120726 HIT:     120726 MISS:          0 MSHR_MERGE:          0
cpu0->cpu0_L1I LOAD         ACCESS:     120726 HIT:     120726 MISS:          0 MSHR_MERGE:          0
cpu0->cpu0_L1I RFO          ACCESS:          0 HIT:          0 MISS:          0 MSHR_MERGE:          0
cpu0->cpu0_L1I PREFETCH     ACCESS:          0 HIT:          0 MISS:          0 MSHR_MERGE:          0
cpu0->cpu0_L1I WRITE        ACCESS:          0 HIT:          0 MISS:          0 MSHR_MERGE:          0
cpu0->cpu0_L1I TRANSLATION  ACCESS:          0 HIT:          0 MISS:          0 MSHR_MERGE:          0
cpu0->cpu0_L1I PREFETCH REQUESTED:          0 ISSUED:          0 USEFUL:          0 USELESS:          0
cpu0->cpu0_L1I AVERAGE MISS LATENCY: - cycles
cpu0->cpu0_L1D TOTAL        ACCESS:   18091105 HIT:   13468124 MISS:    4622981 MSHR_MERGE:     228820
cpu0->cpu0_L1D LOAD         ACCESS:   13471204 HIT:    9189742 MISS:    4281462 MSHR_MERGE:     174588
cpu0->cpu0_L1D RFO          ACCESS:          0 HIT:          0 MISS:          0 MSHR_MERGE:          0
cpu0->cpu0_L1D PREFETCH     ACCESS:          0 HIT:          0 MISS:          0 MSHR_MERGE:          0
cpu0->cpu0_L1D WRITE        ACCESS:    3108178 HIT:    3039699 MISS:      68479 MSHR_MERGE:      40871
cpu0->cpu0_L1D TRANSLATION  ACCESS:    1511723 HIT:    1238683 MISS:     273040 MSHR_MERGE:      13361
cpu0->cpu0_L1D PREFETCH REQUESTED:          0 ISSUED:          0 USEFUL:          0 USELESS:          0
cpu0->cpu0_L1D AVERAGE MISS LATENCY: 88.7 cycles
cpu0->cpu0_ITLB TOTAL        ACCESS:     107394 HIT:     107394 MISS:          0 MSHR_MERGE:          0
cpu0->cpu0_ITLB LOAD         ACCESS:     107394 HIT:     107394 MISS:          0 MSHR_MERGE:          0
cpu0->cpu0_ITLB RFO          ACCESS:          0 HIT:          0 MISS:          0 MSHR_MERGE:          0
cpu0->cpu0_ITLB PREFETCH     ACCESS:          0 HIT:          0 MISS:          0 MSHR_MERGE:          0
cpu0->cpu0_ITLB WRITE        ACCESS:          0 HIT:          0 MISS:          0 MSHR_MERGE:          0
cpu0->cpu0_ITLB TRANSLATION  ACCESS:          0 HIT:          0 MISS:          0 MSHR_MERGE:          0
cpu0->cpu0_ITLB PREFETCH REQUESTED:          0 ISSUED:          0 USEFUL:          0 USELESS:          0
cpu0->cpu0_ITLB AVERAGE MISS LATENCY: - cycles
cpu0->cpu0_DTLB TOTAL        ACCESS:   16379597 HIT:   14339877 MISS:    2039720 MSHR_MERGE:     371397
cpu0->cpu0_DTLB LOAD         ACCESS:   16379597 HIT:   14339877 MISS:    2039720 MSHR_MERGE:     371397
cpu0->cpu0_DTLB RFO          ACCESS:          0 HIT:          0 MISS:          0 MSHR_MERGE:          0
cpu0->cpu0_DTLB PREFETCH     ACCESS:          0 HIT:          0 MISS:          0 MSHR_MERGE:          0
cpu0->cpu0_DTLB WRITE        ACCESS:          0 HIT:          0 MISS:          0 MSHR_MERGE:          0
cpu0->cpu0_DTLB TRANSLATION  ACCESS:          0 HIT:          0 MISS:          0 MSHR_MERGE:          0
cpu0->cpu0_DTLB PREFETCH REQUESTED:          0 ISSUED:          0 USEFUL:          0 USELESS:          0
cpu0->cpu0_DTLB AVERAGE MISS LATENCY: 12.82 cycles
cpu0->LLC TOTAL        ACCESS:    4180460 HIT:    1667151 MISS:    2513309 MSHR_MERGE:          0
cpu0->LLC LOAD         ACCESS:    2304651 HIT:     994258 MISS:    1310393 MSHR_MERGE:          0
cpu0->LLC RFO          ACCESS:      25201 HIT:       5029 MISS:      20172 MSHR_MERGE:          0
cpu0->LLC PREFETCH     ACCESS:     615873 HIT:      72584 MISS:     543289 MSHR_MERGE:          0
cpu0->LLC WRITE        ACCESS:    1231345 HIT:     595245 MISS:     636100 MSHR_MERGE:          0
cpu0->LLC TRANSLATION  ACCESS:       3390 HIT:         35 MISS:       3355 MSHR_MERGE:          0
cpu0->LLC PREFETCH REQUESTED:          0 ISSUED:          0 USEFUL:          0 USELESS:          0
cpu0->LLC AVERAGE MISS LATENCY: 156.2 cycles

DRAM Statistics

Channel 0 RQ ROW_BUFFER_HIT:      33541
  ROW_BUFFER_MISS:    1843026
  AVG DBUS CONGESTED CYCLE: 25.57
Channel 0 WQ ROW_BUFFER_HIT:     202646
  ROW_BUFFER_MISS:     532218
  FULL:          0
Channel 0 REFRESHES ISSUED:      18840


--- STDERR ---



=== TRACE: traces/GAP/bc-0.trace.gz ===
COMMAND: ./bin/1C.fullBW.ghb_pccs --warmup-instructions=10000000 --simulation-instructions=50000000 traces/GAP/bc-0.trace.gz
RETURNCODE: 0

--- STDOUT ---
[VMEM] WARNING: physical memory size is smaller than virtual memory size.

*** ChampSim Multicore Out-of-Order Simulator ***
Warmup Instructions: 10000000
Simulation Instructions: 50000000
Number of CPUs: 1
Page size: 4096
Core 0: traces/GAP/bc-0.trace.gz
Off-chip DRAM Size: 64 GiB Channels: 1 Width: 64-bit Data Rate: 4807 MT/s
Heartbeat CPU 0 instructions: 500003 cycles: 508668 heartbeat IPC: 0.983 cumulative IPC: 0.983 (Simulation time: 00 hr 00 min 03 sec)
Heartbeat CPU 0 instructions: 1000003 cycles: 1015072 heartbeat IPC: 0.9874 cumulative IPC: 0.9852 (Simulation time: 00 hr 00 min 06 sec)
Heartbeat CPU 0 instructions: 1500003 cycles: 1521007 heartbeat IPC: 0.9883 cumulative IPC: 0.9862 (Simulation time: 00 hr 00 min 09 sec)
Heartbeat CPU 0 instructions: 2000003 cycles: 1876462 heartbeat IPC: 1.407 cumulative IPC: 1.066 (Simulation time: 00 hr 00 min 11 sec)
Heartbeat CPU 0 instructions: 2500007 cycles: 1985237 heartbeat IPC: 4.597 cumulative IPC: 1.259 (Simulation time: 00 hr 00 min 12 sec)
Heartbeat CPU 0 instructions: 3000011 cycles: 2090078 heartbeat IPC: 4.769 cumulative IPC: 1.435 (Simulation time: 00 hr 00 min 14 sec)
Heartbeat CPU 0 instructions: 3500018 cycles: 2197738 heartbeat IPC: 4.644 cumulative IPC: 1.593 (Simulation time: 00 hr 00 min 15 sec)
Heartbeat CPU 0 instructions: 4000022 cycles: 2300241 heartbeat IPC: 4.878 cumulative IPC: 1.739 (Simulation time: 00 hr 00 min 17 sec)
Heartbeat CPU 0 instructions: 4500022 cycles: 2412149 heartbeat IPC: 4.468 cumulative IPC: 1.866 (Simulation time: 00 hr 00 min 18 sec)
Heartbeat CPU 0 instructions: 5000027 cycles: 2523448 heartbeat IPC: 4.492 cumulative IPC: 1.981 (Simulation time: 00 hr 00 min 20 sec)
Heartbeat CPU 0 instructions: 5500033 cycles: 2629060 heartbeat IPC: 4.734 cumulative IPC: 2.092 (Simulation time: 00 hr 00 min 21 sec)
Heartbeat CPU 0 instructions: 6000039 cycles: 2740169 heartbeat IPC: 4.5 cumulative IPC: 2.19 (Simulation time: 00 hr 00 min 23 sec)
Heartbeat CPU 0 instructions: 6500039 cycles: 2846460 heartbeat IPC: 4.704 cumulative IPC: 2.284 (Simulation time: 00 hr 00 min 24 sec)
Heartbeat CPU 0 instructions: 7000044 cycles: 2954696 heartbeat IPC: 4.62 cumulative IPC: 2.369 (Simulation time: 00 hr 00 min 26 sec)
Heartbeat CPU 0 instructions: 7500045 cycles: 3056902 heartbeat IPC: 4.892 cumulative IPC: 2.453 (Simulation time: 00 hr 00 min 27 sec)
Heartbeat CPU 0 instructions: 8000052 cycles: 3164514 heartbeat IPC: 4.646 cumulative IPC: 2.528 (Simulation time: 00 hr 00 min 29 sec)
Heartbeat CPU 0 instructions: 8500053 cycles: 3269425 heartbeat IPC: 4.766 cumulative IPC: 2.6 (Simulation time: 00 hr 00 min 30 sec)
Heartbeat CPU 0 instructions: 9000060 cycles: 3380431 heartbeat IPC: 4.504 cumulative IPC: 2.662 (Simulation time: 00 hr 00 min 32 sec)
Heartbeat CPU 0 instructions: 9500060 cycles: 3486192 heartbeat IPC: 4.728 cumulative IPC: 2.725 (Simulation time: 00 hr 00 min 33 sec)
Warmup finished CPU 0 instructions: 10000000 cycles: 3590848 cumulative IPC: 2.785 (Simulation time: 00 hr 00 min 34 sec)
Warmup complete CPU 0 instructions: 10000000 cycles: 3590848 cumulative IPC: 2.785 (Simulation time: 00 hr 00 min 34 sec)
Heartbeat CPU 0 instructions: 10000061 cycles: 3591063 heartbeat IPC: 4.768 cumulative IPC: 0.2837 (Simulation time: 00 hr 00 min 34 sec)
Heartbeat CPU 0 instructions: 10500062 cycles: 5634137 heartbeat IPC: 0.2447 cumulative IPC: 0.2447 (Simulation time: 00 hr 00 min 44 sec)
Heartbeat CPU 0 instructions: 11000062 cycles: 7641516 heartbeat IPC: 0.2491 cumulative IPC: 0.2469 (Simulation time: 00 hr 00 min 54 sec)
Heartbeat CPU 0 instructions: 11500063 cycles: 9579691 heartbeat IPC: 0.258 cumulative IPC: 0.2505 (Simulation time: 00 hr 01 min 05 sec)
Heartbeat CPU 0 instructions: 12000063 cycles: 11854623 heartbeat IPC: 0.2198 cumulative IPC: 0.242 (Simulation time: 00 hr 01 min 17 sec)
Heartbeat CPU 0 instructions: 12500063 cycles: 14016820 heartbeat IPC: 0.2312 cumulative IPC: 0.2398 (Simulation time: 00 hr 01 min 28 sec)
Heartbeat CPU 0 instructions: 13000068 cycles: 16107472 heartbeat IPC: 0.2392 cumulative IPC: 0.2397 (Simulation time: 00 hr 01 min 39 sec)
Heartbeat CPU 0 instructions: 13500069 cycles: 18197983 heartbeat IPC: 0.2392 cumulative IPC: 0.2396 (Simulation time: 00 hr 01 min 50 sec)
Heartbeat CPU 0 instructions: 14000075 cycles: 20258996 heartbeat IPC: 0.2426 cumulative IPC: 0.24 (Simulation time: 00 hr 02 min 01 sec)
Heartbeat CPU 0 instructions: 14500077 cycles: 22263292 heartbeat IPC: 0.2495 cumulative IPC: 0.241 (Simulation time: 00 hr 02 min 11 sec)
Heartbeat CPU 0 instructions: 15000081 cycles: 24274247 heartbeat IPC: 0.2486 cumulative IPC: 0.2417 (Simulation time: 00 hr 02 min 21 sec)
Heartbeat CPU 0 instructions: 15500083 cycles: 26309239 heartbeat IPC: 0.2457 cumulative IPC: 0.2421 (Simulation time: 00 hr 02 min 31 sec)
Heartbeat CPU 0 instructions: 16000087 cycles: 28345440 heartbeat IPC: 0.2456 cumulative IPC: 0.2424 (Simulation time: 00 hr 02 min 41 sec)
Heartbeat CPU 0 instructions: 16500088 cycles: 30377444 heartbeat IPC: 0.2461 cumulative IPC: 0.2427 (Simulation time: 00 hr 02 min 51 sec)
Heartbeat CPU 0 instructions: 17000094 cycles: 32477640 heartbeat IPC: 0.2381 cumulative IPC: 0.2423 (Simulation time: 00 hr 03 min 02 sec)
Heartbeat CPU 0 instructions: 17500100 cycles: 34551821 heartbeat IPC: 0.2411 cumulative IPC: 0.2422 (Simulation time: 00 hr 03 min 12 sec)
Heartbeat CPU 0 instructions: 18000101 cycles: 36991115 heartbeat IPC: 0.205 cumulative IPC: 0.2395 (Simulation time: 00 hr 03 min 24 sec)
Heartbeat CPU 0 instructions: 18500104 cycles: 39119291 heartbeat IPC: 0.2349 cumulative IPC: 0.2392 (Simulation time: 00 hr 03 min 34 sec)
Heartbeat CPU 0 instructions: 19000110 cycles: 41122267 heartbeat IPC: 0.2496 cumulative IPC: 0.2398 (Simulation time: 00 hr 03 min 44 sec)
Heartbeat CPU 0 instructions: 19500115 cycles: 43176776 heartbeat IPC: 0.2434 cumulative IPC: 0.24 (Simulation time: 00 hr 03 min 54 sec)
Heartbeat CPU 0 instructions: 20000121 cycles: 45293115 heartbeat IPC: 0.2363 cumulative IPC: 0.2398 (Simulation time: 00 hr 04 min 04 sec)
Heartbeat CPU 0 instructions: 20500123 cycles: 47352564 heartbeat IPC: 0.2428 cumulative IPC: 0.2399 (Simulation time: 00 hr 04 min 14 sec)
Heartbeat CPU 0 instructions: 21000126 cycles: 49490014 heartbeat IPC: 0.2339 cumulative IPC: 0.2397 (Simulation time: 00 hr 04 min 25 sec)
Heartbeat CPU 0 instructions: 21500131 cycles: 51475752 heartbeat IPC: 0.2518 cumulative IPC: 0.2402 (Simulation time: 00 hr 04 min 35 sec)
Heartbeat CPU 0 instructions: 22000131 cycles: 53597115 heartbeat IPC: 0.2357 cumulative IPC: 0.24 (Simulation time: 00 hr 04 min 45 sec)
Heartbeat CPU 0 instructions: 22500138 cycles: 55758596 heartbeat IPC: 0.2313 cumulative IPC: 0.2396 (Simulation time: 00 hr 04 min 55 sec)
Heartbeat CPU 0 instructions: 23000140 cycles: 57903581 heartbeat IPC: 0.2331 cumulative IPC: 0.2394 (Simulation time: 00 hr 05 min 06 sec)
Heartbeat CPU 0 instructions: 23500145 cycles: 60015814 heartbeat IPC: 0.2367 cumulative IPC: 0.2393 (Simulation time: 00 hr 05 min 16 sec)
Heartbeat CPU 0 instructions: 24000145 cycles: 62245794 heartbeat IPC: 0.2242 cumulative IPC: 0.2387 (Simulation time: 00 hr 05 min 27 sec)
Heartbeat CPU 0 instructions: 24500145 cycles: 64362942 heartbeat IPC: 0.2362 cumulative IPC: 0.2386 (Simulation time: 00 hr 05 min 37 sec)
Heartbeat CPU 0 instructions: 25000151 cycles: 66523997 heartbeat IPC: 0.2314 cumulative IPC: 0.2384 (Simulation time: 00 hr 05 min 47 sec)
Heartbeat CPU 0 instructions: 25500152 cycles: 68684376 heartbeat IPC: 0.2314 cumulative IPC: 0.2381 (Simulation time: 00 hr 05 min 57 sec)
Heartbeat CPU 0 instructions: 26000158 cycles: 70825552 heartbeat IPC: 0.2335 cumulative IPC: 0.238 (Simulation time: 00 hr 06 min 07 sec)
Heartbeat CPU 0 instructions: 26500158 cycles: 72984330 heartbeat IPC: 0.2316 cumulative IPC: 0.2378 (Simulation time: 00 hr 06 min 17 sec)
Heartbeat CPU 0 instructions: 27000161 cycles: 75100899 heartbeat IPC: 0.2362 cumulative IPC: 0.2377 (Simulation time: 00 hr 06 min 27 sec)
Heartbeat CPU 0 instructions: 27500162 cycles: 77259273 heartbeat IPC: 0.2317 cumulative IPC: 0.2376 (Simulation time: 00 hr 06 min 37 sec)
Heartbeat CPU 0 instructions: 28000166 cycles: 79299331 heartbeat IPC: 0.2451 cumulative IPC: 0.2378 (Simulation time: 00 hr 06 min 45 sec)
Heartbeat CPU 0 instructions: 28500167 cycles: 81350638 heartbeat IPC: 0.2437 cumulative IPC: 0.2379 (Simulation time: 00 hr 06 min 54 sec)
Heartbeat CPU 0 instructions: 29000167 cycles: 83514790 heartbeat IPC: 0.231 cumulative IPC: 0.2377 (Simulation time: 00 hr 07 min 04 sec)
Heartbeat CPU 0 instructions: 29500168 cycles: 85617775 heartbeat IPC: 0.2378 cumulative IPC: 0.2377 (Simulation time: 00 hr 07 min 13 sec)
Heartbeat CPU 0 instructions: 30000168 cycles: 87843420 heartbeat IPC: 0.2247 cumulative IPC: 0.2374 (Simulation time: 00 hr 07 min 23 sec)
Heartbeat CPU 0 instructions: 30500175 cycles: 89980487 heartbeat IPC: 0.234 cumulative IPC: 0.2373 (Simulation time: 00 hr 07 min 31 sec)
Heartbeat CPU 0 instructions: 31000182 cycles: 92051473 heartbeat IPC: 0.2414 cumulative IPC: 0.2374 (Simulation time: 00 hr 07 min 39 sec)
Heartbeat CPU 0 instructions: 31500186 cycles: 94209392 heartbeat IPC: 0.2317 cumulative IPC: 0.2373 (Simulation time: 00 hr 07 min 47 sec)
Heartbeat CPU 0 instructions: 32000190 cycles: 96375391 heartbeat IPC: 0.2308 cumulative IPC: 0.2371 (Simulation time: 00 hr 07 min 55 sec)
Heartbeat CPU 0 instructions: 32500192 cycles: 98883352 heartbeat IPC: 0.1994 cumulative IPC: 0.2361 (Simulation time: 00 hr 08 min 04 sec)
Heartbeat CPU 0 instructions: 33000193 cycles: 101184676 heartbeat IPC: 0.2173 cumulative IPC: 0.2357 (Simulation time: 00 hr 08 min 13 sec)
Heartbeat CPU 0 instructions: 33500194 cycles: 103280683 heartbeat IPC: 0.2385 cumulative IPC: 0.2357 (Simulation time: 00 hr 08 min 20 sec)
Heartbeat CPU 0 instructions: 34000194 cycles: 105352160 heartbeat IPC: 0.2414 cumulative IPC: 0.2358 (Simulation time: 00 hr 08 min 27 sec)
Heartbeat CPU 0 instructions: 34500195 cycles: 107477569 heartbeat IPC: 0.2352 cumulative IPC: 0.2358 (Simulation time: 00 hr 08 min 35 sec)
Heartbeat CPU 0 instructions: 35000199 cycles: 109618532 heartbeat IPC: 0.2335 cumulative IPC: 0.2358 (Simulation time: 00 hr 08 min 42 sec)
Heartbeat CPU 0 instructions: 35500202 cycles: 111866071 heartbeat IPC: 0.2225 cumulative IPC: 0.2355 (Simulation time: 00 hr 08 min 51 sec)
Heartbeat CPU 0 instructions: 36000207 cycles: 114352421 heartbeat IPC: 0.2011 cumulative IPC: 0.2347 (Simulation time: 00 hr 09 min 00 sec)
Heartbeat CPU 0 instructions: 36500207 cycles: 116535584 heartbeat IPC: 0.229 cumulative IPC: 0.2346 (Simulation time: 00 hr 09 min 07 sec)
Heartbeat CPU 0 instructions: 37000207 cycles: 118666760 heartbeat IPC: 0.2346 cumulative IPC: 0.2346 (Simulation time: 00 hr 09 min 15 sec)
Heartbeat CPU 0 instructions: 37500210 cycles: 120951785 heartbeat IPC: 0.2188 cumulative IPC: 0.2343 (Simulation time: 00 hr 09 min 23 sec)
Heartbeat CPU 0 instructions: 38000210 cycles: 123198005 heartbeat IPC: 0.2226 cumulative IPC: 0.2341 (Simulation time: 00 hr 09 min 31 sec)
Heartbeat CPU 0 instructions: 38500211 cycles: 125265903 heartbeat IPC: 0.2418 cumulative IPC: 0.2342 (Simulation time: 00 hr 09 min 38 sec)
Heartbeat CPU 0 instructions: 39000211 cycles: 127451200 heartbeat IPC: 0.2288 cumulative IPC: 0.2341 (Simulation time: 00 hr 09 min 46 sec)
Heartbeat CPU 0 instructions: 39500211 cycles: 129930571 heartbeat IPC: 0.2017 cumulative IPC: 0.2335 (Simulation time: 00 hr 09 min 55 sec)
Heartbeat CPU 0 instructions: 40000211 cycles: 132098646 heartbeat IPC: 0.2306 cumulative IPC: 0.2335 (Simulation time: 00 hr 10 min 03 sec)
Heartbeat CPU 0 instructions: 40500215 cycles: 134143198 heartbeat IPC: 0.2446 cumulative IPC: 0.2336 (Simulation time: 00 hr 10 min 09 sec)
Heartbeat CPU 0 instructions: 41000221 cycles: 136356081 heartbeat IPC: 0.226 cumulative IPC: 0.2335 (Simulation time: 00 hr 10 min 18 sec)
Heartbeat CPU 0 instructions: 41500223 cycles: 138600303 heartbeat IPC: 0.2228 cumulative IPC: 0.2333 (Simulation time: 00 hr 10 min 26 sec)
Heartbeat CPU 0 instructions: 42000223 cycles: 140824576 heartbeat IPC: 0.2248 cumulative IPC: 0.2332 (Simulation time: 00 hr 10 min 34 sec)
Heartbeat CPU 0 instructions: 42500226 cycles: 143114061 heartbeat IPC: 0.2184 cumulative IPC: 0.2329 (Simulation time: 00 hr 10 min 42 sec)
Heartbeat CPU 0 instructions: 43000227 cycles: 145470183 heartbeat IPC: 0.2122 cumulative IPC: 0.2326 (Simulation time: 00 hr 10 min 51 sec)
Heartbeat CPU 0 instructions: 43500228 cycles: 147797546 heartbeat IPC: 0.2148 cumulative IPC: 0.2323 (Simulation time: 00 hr 10 min 59 sec)
Heartbeat CPU 0 instructions: 44000234 cycles: 149945830 heartbeat IPC: 0.2327 cumulative IPC: 0.2323 (Simulation time: 00 hr 11 min 07 sec)
Heartbeat CPU 0 instructions: 44500235 cycles: 152463231 heartbeat IPC: 0.1986 cumulative IPC: 0.2317 (Simulation time: 00 hr 11 min 16 sec)
Heartbeat CPU 0 instructions: 45000241 cycles: 154694008 heartbeat IPC: 0.2241 cumulative IPC: 0.2316 (Simulation time: 00 hr 11 min 24 sec)
Heartbeat CPU 0 instructions: 45500244 cycles: 157215844 heartbeat IPC: 0.1983 cumulative IPC: 0.2311 (Simulation time: 00 hr 11 min 33 sec)
Heartbeat CPU 0 instructions: 46000251 cycles: 159411791 heartbeat IPC: 0.2277 cumulative IPC: 0.231 (Simulation time: 00 hr 11 min 41 sec)
Heartbeat CPU 0 instructions: 46500251 cycles: 161635600 heartbeat IPC: 0.2248 cumulative IPC: 0.2309 (Simulation time: 00 hr 11 min 49 sec)
Heartbeat CPU 0 instructions: 47000254 cycles: 163853877 heartbeat IPC: 0.2254 cumulative IPC: 0.2309 (Simulation time: 00 hr 11 min 57 sec)
Heartbeat CPU 0 instructions: 47500259 cycles: 166005906 heartbeat IPC: 0.2323 cumulative IPC: 0.2309 (Simulation time: 00 hr 12 min 04 sec)
Heartbeat CPU 0 instructions: 48000259 cycles: 168185272 heartbeat IPC: 0.2294 cumulative IPC: 0.2309 (Simulation time: 00 hr 12 min 11 sec)
Heartbeat CPU 0 instructions: 48500259 cycles: 170369482 heartbeat IPC: 0.2289 cumulative IPC: 0.2308 (Simulation time: 00 hr 12 min 19 sec)
Heartbeat CPU 0 instructions: 49000260 cycles: 172629221 heartbeat IPC: 0.2213 cumulative IPC: 0.2307 (Simulation time: 00 hr 12 min 26 sec)
Heartbeat CPU 0 instructions: 49500261 cycles: 174774133 heartbeat IPC: 0.2331 cumulative IPC: 0.2307 (Simulation time: 00 hr 12 min 33 sec)
Heartbeat CPU 0 instructions: 50000261 cycles: 176987512 heartbeat IPC: 0.2259 cumulative IPC: 0.2307 (Simulation time: 00 hr 12 min 41 sec)
Heartbeat CPU 0 instructions: 50500264 cycles: 179178353 heartbeat IPC: 0.2282 cumulative IPC: 0.2307 (Simulation time: 00 hr 12 min 48 sec)
Heartbeat CPU 0 instructions: 51000264 cycles: 181398073 heartbeat IPC: 0.2253 cumulative IPC: 0.2306 (Simulation time: 00 hr 12 min 56 sec)
Heartbeat CPU 0 instructions: 51500265 cycles: 183587819 heartbeat IPC: 0.2283 cumulative IPC: 0.2306 (Simulation time: 00 hr 13 min 04 sec)
Heartbeat CPU 0 instructions: 52000265 cycles: 185765290 heartbeat IPC: 0.2296 cumulative IPC: 0.2305 (Simulation time: 00 hr 13 min 11 sec)
Heartbeat CPU 0 instructions: 52500267 cycles: 187962079 heartbeat IPC: 0.2276 cumulative IPC: 0.2305 (Simulation time: 00 hr 13 min 19 sec)
Heartbeat CPU 0 instructions: 53000268 cycles: 190468653 heartbeat IPC: 0.1995 cumulative IPC: 0.2301 (Simulation time: 00 hr 13 min 28 sec)
Heartbeat CPU 0 instructions: 53500268 cycles: 192731242 heartbeat IPC: 0.221 cumulative IPC: 0.23 (Simulation time: 00 hr 13 min 36 sec)
Heartbeat CPU 0 instructions: 54000275 cycles: 194840290 heartbeat IPC: 0.2371 cumulative IPC: 0.2301 (Simulation time: 00 hr 13 min 42 sec)
Heartbeat CPU 0 instructions: 54500280 cycles: 196938102 heartbeat IPC: 0.2383 cumulative IPC: 0.2302 (Simulation time: 00 hr 13 min 49 sec)
Heartbeat CPU 0 instructions: 55000287 cycles: 199036875 heartbeat IPC: 0.2382 cumulative IPC: 0.2302 (Simulation time: 00 hr 13 min 56 sec)
Heartbeat CPU 0 instructions: 55500289 cycles: 201222387 heartbeat IPC: 0.2288 cumulative IPC: 0.2302 (Simulation time: 00 hr 14 min 04 sec)
Heartbeat CPU 0 instructions: 56000290 cycles: 203427129 heartbeat IPC: 0.2268 cumulative IPC: 0.2302 (Simulation time: 00 hr 14 min 11 sec)
Heartbeat CPU 0 instructions: 56500296 cycles: 205691572 heartbeat IPC: 0.2208 cumulative IPC: 0.2301 (Simulation time: 00 hr 14 min 19 sec)
Heartbeat CPU 0 instructions: 57000302 cycles: 207859799 heartbeat IPC: 0.2306 cumulative IPC: 0.2301 (Simulation time: 00 hr 14 min 27 sec)
Heartbeat CPU 0 instructions: 57500309 cycles: 210087500 heartbeat IPC: 0.2244 cumulative IPC: 0.23 (Simulation time: 00 hr 14 min 34 sec)
Heartbeat CPU 0 instructions: 58000315 cycles: 212408375 heartbeat IPC: 0.2154 cumulative IPC: 0.2299 (Simulation time: 00 hr 14 min 43 sec)
Heartbeat CPU 0 instructions: 58500316 cycles: 214971650 heartbeat IPC: 0.1951 cumulative IPC: 0.2294 (Simulation time: 00 hr 14 min 52 sec)
Heartbeat CPU 0 instructions: 59000323 cycles: 217234197 heartbeat IPC: 0.221 cumulative IPC: 0.2294 (Simulation time: 00 hr 14 min 59 sec)
Heartbeat CPU 0 instructions: 59500326 cycles: 219560109 heartbeat IPC: 0.215 cumulative IPC: 0.2292 (Simulation time: 00 hr 15 min 07 sec)
Simulation finished CPU 0 instructions: 50000000 cycles: 218502238 cumulative IPC: 0.2288 (Simulation time: 00 hr 15 min 16 sec)
Simulation complete CPU 0 instructions: 50000000 cycles: 218502238 cumulative IPC: 0.2288 (Simulation time: 00 hr 15 min 16 sec)

ChampSim completed all CPUs

=== Simulation ===
CPU 0 runs traces/GAP/bc-0.trace.gz

Region of Interest Statistics

CPU 0 cumulative IPC: 0.2288 instructions: 50000000 cycles: 218502238
CPU 0 Branch Prediction Accuracy: 87.71% MPKI: 23.18 Average ROB Occupancy at Mispredict: 41.76
Branch type MPKI
BRANCH_DIRECT_JUMP: 0
BRANCH_INDIRECT: 0
BRANCH_CONDITIONAL: 23.18
BRANCH_DIRECT_CALL: 0
BRANCH_INDIRECT_CALL: 0
BRANCH_RETURN: 0

cpu0->cpu0_STLB TOTAL        ACCESS:    1444118 HIT:     769879 MISS:     674239 MSHR_MERGE:          0
cpu0->cpu0_STLB LOAD         ACCESS:    1444118 HIT:     769879 MISS:     674239 MSHR_MERGE:          0
cpu0->cpu0_STLB RFO          ACCESS:          0 HIT:          0 MISS:          0 MSHR_MERGE:          0
cpu0->cpu0_STLB PREFETCH     ACCESS:          0 HIT:          0 MISS:          0 MSHR_MERGE:          0
cpu0->cpu0_STLB WRITE        ACCESS:          0 HIT:          0 MISS:          0 MSHR_MERGE:          0
cpu0->cpu0_STLB TRANSLATION  ACCESS:          0 HIT:          0 MISS:          0 MSHR_MERGE:          0
cpu0->cpu0_STLB PREFETCH REQUESTED:          0 ISSUED:          0 USEFUL:          0 USELESS:          0
cpu0->cpu0_STLB AVERAGE MISS LATENCY: 16.92 cycles
cpu0->cpu0_L2C TOTAL        ACCESS:    7388444 HIT:    4323643 MISS:    3064801 MSHR_MERGE:      79000
cpu0->cpu0_L2C LOAD         ACCESS:    4115472 HIT:    1801485 MISS:    2313987 MSHR_MERGE:      10636
cpu0->cpu0_L2C RFO          ACCESS:      28945 HIT:       2842 MISS:      26103 MSHR_MERGE:          0
cpu0->cpu0_L2C PREFETCH     ACCESS:    1697835 HIT:     977690 MISS:     720145 MSHR_MERGE:      68364
cpu0->cpu0_L2C WRITE        ACCESS:    1329547 HIT:    1329519 MISS:         28 MSHR_MERGE:          0
cpu0->cpu0_L2C TRANSLATION  ACCESS:     216645 HIT:     212107 MISS:       4538 MSHR_MERGE:          0
cpu0->cpu0_L2C PREFETCH REQUESTED:    1709076 ISSUED:    1697835 USEFUL:     236916 USELESS:     413510
cpu0->cpu0_L2C AVERAGE MISS LATENCY: 153.4 cycles
cpu0->cpu0_L1I TOTAL        ACCESS:      59927 HIT:      59927 MISS:          0 MSHR_MERGE:          0
cpu0->cpu0_L1I LOAD         ACCESS:      59927 HIT:      59927 MISS:          0 MSHR_MERGE:          0
cpu0->cpu0_L1I RFO          ACCESS:          0 HIT:          0 MISS:          0 MSHR_MERGE:          0
cpu0->cpu0_L1I PREFETCH     ACCESS:          0 HIT:          0 MISS:          0 MSHR_MERGE:          0
cpu0->cpu0_L1I WRITE        ACCESS:          0 HIT:          0 MISS:          0 MSHR_MERGE:          0
cpu0->cpu0_L1I TRANSLATION  ACCESS:          0 HIT:          0 MISS:          0 MSHR_MERGE:          0
cpu0->cpu0_L1I PREFETCH REQUESTED:          0 ISSUED:          0 USEFUL:          0 USELESS:          0
cpu0->cpu0_L1I AVERAGE MISS LATENCY: - cycles
cpu0->cpu0_L1D TOTAL        ACCESS:   16754520 HIT:   12043871 MISS:    4710649 MSHR_MERGE:     349585
cpu0->cpu0_L1D LOAD         ACCESS:   12727945 HIT:    8318142 MISS:    4409803 MSHR_MERGE:     294329
cpu0->cpu0_L1D RFO          ACCESS:          0 HIT:          0 MISS:          0 MSHR_MERGE:          0
cpu0->cpu0_L1D PREFETCH     ACCESS:          0 HIT:          0 MISS:          0 MSHR_MERGE:          0
cpu0->cpu0_L1D WRITE        ACCESS:    2701648 HIT:    2628537 MISS:      73111 MSHR_MERGE:      44166
cpu0->cpu0_L1D TRANSLATION  ACCESS:    1324927 HIT:    1097192 MISS:     227735 MSHR_MERGE:      11090
cpu0->cpu0_L1D PREFETCH REQUESTED:          0 ISSUED:          0 USEFUL:          0 USELESS:          0
cpu0->cpu0_L1D AVERAGE MISS LATENCY: 91.18 cycles
cpu0->cpu0_ITLB TOTAL        ACCESS:      45717 HIT:      45717 MISS:          0 MSHR_MERGE:          0
cpu0->cpu0_ITLB LOAD         ACCESS:      45717 HIT:      45717 MISS:          0 MSHR_MERGE:          0
cpu0->cpu0_ITLB RFO          ACCESS:          0 HIT:          0 MISS:          0 MSHR_MERGE:          0
cpu0->cpu0_ITLB PREFETCH     ACCESS:          0 HIT:          0 MISS:          0 MSHR_MERGE:          0
cpu0->cpu0_ITLB WRITE        ACCESS:          0 HIT:          0 MISS:          0 MSHR_MERGE:          0
cpu0->cpu0_ITLB TRANSLATION  ACCESS:          0 HIT:          0 MISS:          0 MSHR_MERGE:          0
cpu0->cpu0_ITLB PREFETCH REQUESTED:          0 ISSUED:          0 USEFUL:          0 USELESS:          0
cpu0->cpu0_ITLB AVERAGE MISS LATENCY: - cycles
cpu0->cpu0_DTLB TOTAL        ACCESS:   15238149 HIT:   13316073 MISS:    1922076 MSHR_MERGE:     477959
cpu0->cpu0_DTLB LOAD         ACCESS:   15238149 HIT:   13316073 MISS:    1922076 MSHR_MERGE:     477959
cpu0->cpu0_DTLB RFO          ACCESS:          0 HIT:          0 MISS:          0 MSHR_MERGE:          0
cpu0->cpu0_DTLB PREFETCH     ACCESS:          0 HIT:          0 MISS:          0 MSHR_MERGE:          0
cpu0->cpu0_DTLB WRITE        ACCESS:          0 HIT:          0 MISS:          0 MSHR_MERGE:          0
cpu0->cpu0_DTLB TRANSLATION  ACCESS:          0 HIT:          0 MISS:          0 MSHR_MERGE:          0
cpu0->cpu0_DTLB PREFETCH REQUESTED:          0 ISSUED:          0 USEFUL:          0 USELESS:          0
cpu0->cpu0_DTLB AVERAGE MISS LATENCY: 13.37 cycles
cpu0->LLC TOTAL        ACCESS:    4124556 HIT:    1587225 MISS:    2537331 MSHR_MERGE:          0
cpu0->LLC LOAD         ACCESS:    2303351 HIT:     985787 MISS:    1317564 MSHR_MERGE:          0
cpu0->LLC RFO          ACCESS:      26103 HIT:       4902 MISS:      21201 MSHR_MERGE:          0
cpu0->LLC PREFETCH     ACCESS:     651780 HIT:      79786 MISS:     571994 MSHR_MERGE:          0
cpu0->LLC WRITE        ACCESS:    1138784 HIT:     516703 MISS:     622081 MSHR_MERGE:          0
cpu0->LLC TRANSLATION  ACCESS:       4538 HIT:         47 MISS:       4491 MSHR_MERGE:          0
cpu0->LLC PREFETCH REQUESTED:          0 ISSUED:          0 USEFUL:          0 USELESS:          0
cpu0->LLC AVERAGE MISS LATENCY: 160.5 cycles

DRAM Statistics

Channel 0 RQ ROW_BUFFER_HIT:      34499
  ROW_BUFFER_MISS:    1879910
  AVG DBUS CONGESTED CYCLE: 19.99
Channel 0 WQ ROW_BUFFER_HIT:     217082
  ROW_BUFFER_MISS:     502929
  FULL:          0
Channel 0 REFRESHES ISSUED:      18207


--- STDERR ---



