=== TRACE: traces/charlie/charlie_0003.champsim.gz ===
COMMAND: ./bin/1C.fullBW.nopref --warmup-instructions=10000000 --simulation-instructions=50000000 traces/charlie/charlie_0003.champsim.gz
RETURNCODE: 0

--- STDOUT ---
[VMEM] WARNING: physical memory size is smaller than virtual memory size.

*** ChampSim Multicore Out-of-Order Simulator ***
Warmup Instructions: 10000000
Simulation Instructions: 50000000
Number of CPUs: 1
Page size: 4096
Core 0: traces/charlie/charlie_0003.champsim.gz
Off-chip DRAM Size: 64 GiB Channels: 1 Width: 64-bit Data Rate: 4807 MT/s
[BTB] WARNING: target of return is a lower address than the corresponding call. This is usually a problem with your trace.
Heartbeat CPU 0 instructions: 500002 cycles: 250847 heartbeat IPC: 1.993 cumulative IPC: 1.993 (Simulation time: 00 hr 00 min 03 sec)
Heartbeat CPU 0 instructions: 1000006 cycles: 507927 heartbeat IPC: 1.945 cumulative IPC: 1.969 (Simulation time: 00 hr 00 min 06 sec)
[BTB] WARNING: target of return is a lower address than the corresponding call. This is usually a problem with your trace.
Heartbeat CPU 0 instructions: 1500013 cycles: 688295 heartbeat IPC: 2.772 cumulative IPC: 2.179 (Simulation time: 00 hr 00 min 08 sec)
[BTB] WARNING: target of return is a lower address than the corresponding call. This is usually a problem with your trace.
Heartbeat CPU 0 instructions: 2000018 cycles: 833337 heartbeat IPC: 3.447 cumulative IPC: 2.4 (Simulation time: 00 hr 00 min 10 sec)
[BTB] WARNING: target of return is a lower address than the corresponding call. This is usually a problem with your trace.
Heartbeat CPU 0 instructions: 2500018 cycles: 980419 heartbeat IPC: 3.399 cumulative IPC: 2.55 (Simulation time: 00 hr 00 min 11 sec)
[BTB] WARNING: target of return is a lower address than the corresponding call. This is usually a problem with your trace.
Heartbeat CPU 0 instructions: 3000024 cycles: 1093326 heartbeat IPC: 4.428 cumulative IPC: 2.744 (Simulation time: 00 hr 00 min 12 sec)
[BTB] WARNING: target of return is a lower address than the corresponding call. This is usually a problem with your trace.
[BTB] WARNING: target of return is a lower address than the corresponding call. This is usually a problem with your trace.
[BTB] WARNING: target of return is a lower address than the corresponding call. This is usually a problem with your trace.
[BTB] WARNING: target of return is a lower address than the corresponding call. This is usually a problem with your trace.
[BTB] WARNING: target of return is a lower address than the corresponding call. This is usually a problem with your trace.
Heartbeat CPU 0 instructions: 3500024 cycles: 1211428 heartbeat IPC: 4.234 cumulative IPC: 2.889 (Simulation time: 00 hr 00 min 14 sec)
Heartbeat CPU 0 instructions: 4000027 cycles: 1317707 heartbeat IPC: 4.705 cumulative IPC: 3.036 (Simulation time: 00 hr 00 min 15 sec)
Heartbeat CPU 0 instructions: 4500027 cycles: 1453412 heartbeat IPC: 3.684 cumulative IPC: 3.096 (Simulation time: 00 hr 00 min 16 sec)
Heartbeat CPU 0 instructions: 5000032 cycles: 1653669 heartbeat IPC: 2.497 cumulative IPC: 3.024 (Simulation time: 00 hr 00 min 18 sec)
Heartbeat CPU 0 instructions: 5500034 cycles: 1798145 heartbeat IPC: 3.461 cumulative IPC: 3.059 (Simulation time: 00 hr 00 min 20 sec)
Heartbeat CPU 0 instructions: 6000035 cycles: 1904061 heartbeat IPC: 4.721 cumulative IPC: 3.151 (Simulation time: 00 hr 00 min 21 sec)
Heartbeat CPU 0 instructions: 6500038 cycles: 2008175 heartbeat IPC: 4.802 cumulative IPC: 3.237 (Simulation time: 00 hr 00 min 22 sec)
Heartbeat CPU 0 instructions: 7000044 cycles: 2113562 heartbeat IPC: 4.744 cumulative IPC: 3.312 (Simulation time: 00 hr 00 min 23 sec)
Heartbeat CPU 0 instructions: 7500045 cycles: 2218422 heartbeat IPC: 4.768 cumulative IPC: 3.381 (Simulation time: 00 hr 00 min 24 sec)
Heartbeat CPU 0 instructions: 8000052 cycles: 2323249 heartbeat IPC: 4.77 cumulative IPC: 3.443 (Simulation time: 00 hr 00 min 25 sec)
Heartbeat CPU 0 instructions: 8500055 cycles: 2427439 heartbeat IPC: 4.799 cumulative IPC: 3.502 (Simulation time: 00 hr 00 min 26 sec)
Heartbeat CPU 0 instructions: 9000058 cycles: 2531151 heartbeat IPC: 4.821 cumulative IPC: 3.556 (Simulation time: 00 hr 00 min 27 sec)
Heartbeat CPU 0 instructions: 9500060 cycles: 2635517 heartbeat IPC: 4.791 cumulative IPC: 3.605 (Simulation time: 00 hr 00 min 28 sec)
Warmup finished CPU 0 instructions: 10000000 cycles: 2739607 cumulative IPC: 3.65 (Simulation time: 00 hr 00 min 29 sec)
Warmup complete CPU 0 instructions: 10000000 cycles: 2739607 cumulative IPC: 3.65 (Simulation time: 00 hr 00 min 29 sec)
Heartbeat CPU 0 instructions: 10000067 cycles: 2739628 heartbeat IPC: 4.803 cumulative IPC: 3.19 (Simulation time: 00 hr 00 min 29 sec)
Heartbeat CPU 0 instructions: 10500067 cycles: 3085630 heartbeat IPC: 1.445 cumulative IPC: 1.445 (Simulation time: 00 hr 00 min 31 sec)
Heartbeat CPU 0 instructions: 11000073 cycles: 3450982 heartbeat IPC: 1.369 cumulative IPC: 1.406 (Simulation time: 00 hr 00 min 33 sec)
Heartbeat CPU 0 instructions: 11500074 cycles: 3816310 heartbeat IPC: 1.369 cumulative IPC: 1.393 (Simulation time: 00 hr 00 min 35 sec)
Heartbeat CPU 0 instructions: 12000075 cycles: 4176300 heartbeat IPC: 1.389 cumulative IPC: 1.392 (Simulation time: 00 hr 00 min 37 sec)
Heartbeat CPU 0 instructions: 12500075 cycles: 4541922 heartbeat IPC: 1.368 cumulative IPC: 1.387 (Simulation time: 00 hr 00 min 39 sec)
Heartbeat CPU 0 instructions: 13000075 cycles: 4977155 heartbeat IPC: 1.149 cumulative IPC: 1.341 (Simulation time: 00 hr 00 min 41 sec)
Heartbeat CPU 0 instructions: 13500079 cycles: 5424115 heartbeat IPC: 1.119 cumulative IPC: 1.304 (Simulation time: 00 hr 00 min 43 sec)
Heartbeat CPU 0 instructions: 14000080 cycles: 5747536 heartbeat IPC: 1.546 cumulative IPC: 1.33 (Simulation time: 00 hr 00 min 45 sec)
Heartbeat CPU 0 instructions: 14500081 cycles: 6199904 heartbeat IPC: 1.105 cumulative IPC: 1.3 (Simulation time: 00 hr 00 min 47 sec)
Heartbeat CPU 0 instructions: 15000087 cycles: 7335980 heartbeat IPC: 0.4401 cumulative IPC: 1.088 (Simulation time: 00 hr 00 min 52 sec)
Heartbeat CPU 0 instructions: 15500087 cycles: 7833687 heartbeat IPC: 1.005 cumulative IPC: 1.08 (Simulation time: 00 hr 00 min 54 sec)
Heartbeat CPU 0 instructions: 16000087 cycles: 8455627 heartbeat IPC: 0.8039 cumulative IPC: 1.05 (Simulation time: 00 hr 00 min 57 sec)
Heartbeat CPU 0 instructions: 16500091 cycles: 8899323 heartbeat IPC: 1.127 cumulative IPC: 1.055 (Simulation time: 00 hr 01 min 00 sec)
Heartbeat CPU 0 instructions: 17000093 cycles: 9333472 heartbeat IPC: 1.152 cumulative IPC: 1.062 (Simulation time: 00 hr 01 min 03 sec)
Heartbeat CPU 0 instructions: 17500100 cycles: 9770019 heartbeat IPC: 1.145 cumulative IPC: 1.067 (Simulation time: 00 hr 01 min 05 sec)
Heartbeat CPU 0 instructions: 18000102 cycles: 10206988 heartbeat IPC: 1.144 cumulative IPC: 1.071 (Simulation time: 00 hr 01 min 08 sec)
Heartbeat CPU 0 instructions: 18500102 cycles: 10606604 heartbeat IPC: 1.251 cumulative IPC: 1.08 (Simulation time: 00 hr 01 min 10 sec)
Heartbeat CPU 0 instructions: 19000103 cycles: 11027112 heartbeat IPC: 1.189 cumulative IPC: 1.086 (Simulation time: 00 hr 01 min 13 sec)
Heartbeat CPU 0 instructions: 19500103 cycles: 11435896 heartbeat IPC: 1.223 cumulative IPC: 1.092 (Simulation time: 00 hr 01 min 15 sec)
Heartbeat CPU 0 instructions: 20000104 cycles: 11866292 heartbeat IPC: 1.162 cumulative IPC: 1.096 (Simulation time: 00 hr 01 min 18 sec)
Heartbeat CPU 0 instructions: 20500106 cycles: 12362524 heartbeat IPC: 1.008 cumulative IPC: 1.091 (Simulation time: 00 hr 01 min 21 sec)
Heartbeat CPU 0 instructions: 21000109 cycles: 12808317 heartbeat IPC: 1.122 cumulative IPC: 1.093 (Simulation time: 00 hr 01 min 23 sec)
Heartbeat CPU 0 instructions: 21500110 cycles: 13250079 heartbeat IPC: 1.132 cumulative IPC: 1.094 (Simulation time: 00 hr 01 min 26 sec)
Heartbeat CPU 0 instructions: 22000114 cycles: 13794720 heartbeat IPC: 0.918 cumulative IPC: 1.085 (Simulation time: 00 hr 01 min 29 sec)
Heartbeat CPU 0 instructions: 22500115 cycles: 14202329 heartbeat IPC: 1.227 cumulative IPC: 1.091 (Simulation time: 00 hr 01 min 31 sec)
Heartbeat CPU 0 instructions: 23000116 cycles: 14606906 heartbeat IPC: 1.236 cumulative IPC: 1.095 (Simulation time: 00 hr 01 min 34 sec)
Heartbeat CPU 0 instructions: 23500119 cycles: 15004932 heartbeat IPC: 1.256 cumulative IPC: 1.101 (Simulation time: 00 hr 01 min 36 sec)
Heartbeat CPU 0 instructions: 24000121 cycles: 15446205 heartbeat IPC: 1.133 cumulative IPC: 1.102 (Simulation time: 00 hr 01 min 39 sec)
Heartbeat CPU 0 instructions: 24500128 cycles: 15861814 heartbeat IPC: 1.203 cumulative IPC: 1.105 (Simulation time: 00 hr 01 min 41 sec)
Heartbeat CPU 0 instructions: 25000133 cycles: 16498025 heartbeat IPC: 0.7859 cumulative IPC: 1.09 (Simulation time: 00 hr 01 min 45 sec)
Heartbeat CPU 0 instructions: 25500139 cycles: 17018309 heartbeat IPC: 0.961 cumulative IPC: 1.086 (Simulation time: 00 hr 01 min 47 sec)
Heartbeat CPU 0 instructions: 26000146 cycles: 17580825 heartbeat IPC: 0.8889 cumulative IPC: 1.078 (Simulation time: 00 hr 01 min 50 sec)
Heartbeat CPU 0 instructions: 26500149 cycles: 18150495 heartbeat IPC: 0.8777 cumulative IPC: 1.071 (Simulation time: 00 hr 01 min 54 sec)
Heartbeat CPU 0 instructions: 27000154 cycles: 18706241 heartbeat IPC: 0.8997 cumulative IPC: 1.065 (Simulation time: 00 hr 01 min 57 sec)
Heartbeat CPU 0 instructions: 27500161 cycles: 19276641 heartbeat IPC: 0.8766 cumulative IPC: 1.058 (Simulation time: 00 hr 02 min 00 sec)
Heartbeat CPU 0 instructions: 28000161 cycles: 19854705 heartbeat IPC: 0.865 cumulative IPC: 1.052 (Simulation time: 00 hr 02 min 04 sec)
Heartbeat CPU 0 instructions: 28500168 cycles: 20418079 heartbeat IPC: 0.8875 cumulative IPC: 1.046 (Simulation time: 00 hr 02 min 07 sec)
Heartbeat CPU 0 instructions: 29000171 cycles: 20944693 heartbeat IPC: 0.9495 cumulative IPC: 1.044 (Simulation time: 00 hr 02 min 10 sec)
Heartbeat CPU 0 instructions: 29500172 cycles: 25446237 heartbeat IPC: 0.1111 cumulative IPC: 0.8588 (Simulation time: 00 hr 02 min 27 sec)
Heartbeat CPU 0 instructions: 30000172 cycles: 26273483 heartbeat IPC: 0.6044 cumulative IPC: 0.8498 (Simulation time: 00 hr 02 min 31 sec)
Heartbeat CPU 0 instructions: 30500172 cycles: 26804368 heartbeat IPC: 0.9418 cumulative IPC: 0.8519 (Simulation time: 00 hr 02 min 33 sec)
Heartbeat CPU 0 instructions: 31000172 cycles: 27531327 heartbeat IPC: 0.6878 cumulative IPC: 0.8471 (Simulation time: 00 hr 02 min 36 sec)
Heartbeat CPU 0 instructions: 31500173 cycles: 28513016 heartbeat IPC: 0.5093 cumulative IPC: 0.8342 (Simulation time: 00 hr 02 min 39 sec)
Heartbeat CPU 0 instructions: 32000174 cycles: 29488506 heartbeat IPC: 0.5126 cumulative IPC: 0.8225 (Simulation time: 00 hr 02 min 43 sec)
Heartbeat CPU 0 instructions: 32500178 cycles: 30453413 heartbeat IPC: 0.5182 cumulative IPC: 0.8119 (Simulation time: 00 hr 02 min 46 sec)
Heartbeat CPU 0 instructions: 33000180 cycles: 31427622 heartbeat IPC: 0.5132 cumulative IPC: 0.8017 (Simulation time: 00 hr 02 min 50 sec)
Heartbeat CPU 0 instructions: 33500180 cycles: 32395316 heartbeat IPC: 0.5167 cumulative IPC: 0.7924 (Simulation time: 00 hr 02 min 53 sec)
Heartbeat CPU 0 instructions: 34000182 cycles: 33369531 heartbeat IPC: 0.5132 cumulative IPC: 0.7836 (Simulation time: 00 hr 02 min 56 sec)
Heartbeat CPU 0 instructions: 34500182 cycles: 34340255 heartbeat IPC: 0.5151 cumulative IPC: 0.7753 (Simulation time: 00 hr 03 min 00 sec)
Heartbeat CPU 0 instructions: 35000182 cycles: 35313290 heartbeat IPC: 0.5139 cumulative IPC: 0.7675 (Simulation time: 00 hr 03 min 03 sec)
Heartbeat CPU 0 instructions: 35500182 cycles: 36287382 heartbeat IPC: 0.5133 cumulative IPC: 0.7601 (Simulation time: 00 hr 03 min 07 sec)
Heartbeat CPU 0 instructions: 36000182 cycles: 37252582 heartbeat IPC: 0.518 cumulative IPC: 0.7533 (Simulation time: 00 hr 03 min 10 sec)
Heartbeat CPU 0 instructions: 36500182 cycles: 38226798 heartbeat IPC: 0.5132 cumulative IPC: 0.7468 (Simulation time: 00 hr 03 min 14 sec)
Heartbeat CPU 0 instructions: 37000183 cycles: 39191564 heartbeat IPC: 0.5183 cumulative IPC: 0.7407 (Simulation time: 00 hr 03 min 17 sec)
Heartbeat CPU 0 instructions: 37500183 cycles: 40167212 heartbeat IPC: 0.5125 cumulative IPC: 0.7348 (Simulation time: 00 hr 03 min 21 sec)
Heartbeat CPU 0 instructions: 38000183 cycles: 41136440 heartbeat IPC: 0.5159 cumulative IPC: 0.7292 (Simulation time: 00 hr 03 min 24 sec)
Heartbeat CPU 0 instructions: 38500183 cycles: 42107336 heartbeat IPC: 0.515 cumulative IPC: 0.7239 (Simulation time: 00 hr 03 min 27 sec)
Heartbeat CPU 0 instructions: 39000183 cycles: 43082636 heartbeat IPC: 0.5127 cumulative IPC: 0.7188 (Simulation time: 00 hr 03 min 31 sec)
Heartbeat CPU 0 instructions: 39500183 cycles: 43736865 heartbeat IPC: 0.7643 cumulative IPC: 0.7196 (Simulation time: 00 hr 03 min 34 sec)
Heartbeat CPU 0 instructions: 40000183 cycles: 44372700 heartbeat IPC: 0.7864 cumulative IPC: 0.7206 (Simulation time: 00 hr 03 min 36 sec)
Heartbeat CPU 0 instructions: 40500185 cycles: 45071416 heartbeat IPC: 0.7156 cumulative IPC: 0.7205 (Simulation time: 00 hr 03 min 39 sec)
Heartbeat CPU 0 instructions: 41000189 cycles: 45277054 heartbeat IPC: 2.431 cumulative IPC: 0.7288 (Simulation time: 00 hr 03 min 41 sec)
Heartbeat CPU 0 instructions: 41500195 cycles: 45404725 heartbeat IPC: 3.916 cumulative IPC: 0.7383 (Simulation time: 00 hr 03 min 42 sec)
Heartbeat CPU 0 instructions: 42000197 cycles: 45759259 heartbeat IPC: 1.41 cumulative IPC: 0.7439 (Simulation time: 00 hr 03 min 44 sec)
Heartbeat CPU 0 instructions: 42500198 cycles: 46043322 heartbeat IPC: 1.76 cumulative IPC: 0.7505 (Simulation time: 00 hr 03 min 46 sec)
Heartbeat CPU 0 instructions: 43000202 cycles: 46480153 heartbeat IPC: 1.145 cumulative IPC: 0.7545 (Simulation time: 00 hr 03 min 48 sec)
Heartbeat CPU 0 instructions: 43500207 cycles: 46833052 heartbeat IPC: 1.417 cumulative IPC: 0.7598 (Simulation time: 00 hr 03 min 50 sec)
Heartbeat CPU 0 instructions: 44000213 cycles: 47147643 heartbeat IPC: 1.589 cumulative IPC: 0.7656 (Simulation time: 00 hr 03 min 51 sec)
Heartbeat CPU 0 instructions: 44500214 cycles: 47491256 heartbeat IPC: 1.455 cumulative IPC: 0.7709 (Simulation time: 00 hr 03 min 53 sec)
Heartbeat CPU 0 instructions: 45000214 cycles: 47730053 heartbeat IPC: 2.094 cumulative IPC: 0.7779 (Simulation time: 00 hr 03 min 55 sec)
Heartbeat CPU 0 instructions: 45500216 cycles: 47940627 heartbeat IPC: 2.374 cumulative IPC: 0.7854 (Simulation time: 00 hr 03 min 57 sec)
Heartbeat CPU 0 instructions: 46000217 cycles: 48157689 heartbeat IPC: 2.303 cumulative IPC: 0.7926 (Simulation time: 00 hr 03 min 58 sec)
Heartbeat CPU 0 instructions: 46500218 cycles: 48488728 heartbeat IPC: 1.51 cumulative IPC: 0.7978 (Simulation time: 00 hr 04 min 00 sec)
Heartbeat CPU 0 instructions: 47000220 cycles: 48852835 heartbeat IPC: 1.373 cumulative IPC: 0.8024 (Simulation time: 00 hr 04 min 02 sec)
Heartbeat CPU 0 instructions: 47500224 cycles: 49031759 heartbeat IPC: 2.795 cumulative IPC: 0.8101 (Simulation time: 00 hr 04 min 03 sec)
Heartbeat CPU 0 instructions: 48000225 cycles: 49193308 heartbeat IPC: 3.095 cumulative IPC: 0.818 (Simulation time: 00 hr 04 min 05 sec)
Heartbeat CPU 0 instructions: 48500228 cycles: 49318461 heartbeat IPC: 3.995 cumulative IPC: 0.8266 (Simulation time: 00 hr 04 min 06 sec)
Heartbeat CPU 0 instructions: 49000228 cycles: 49491635 heartbeat IPC: 2.887 cumulative IPC: 0.8342 (Simulation time: 00 hr 04 min 08 sec)
Heartbeat CPU 0 instructions: 49500234 cycles: 49679690 heartbeat IPC: 2.659 cumulative IPC: 0.8415 (Simulation time: 00 hr 04 min 09 sec)
Heartbeat CPU 0 instructions: 50000238 cycles: 50432460 heartbeat IPC: 0.6642 cumulative IPC: 0.8387 (Simulation time: 00 hr 04 min 13 sec)
Heartbeat CPU 0 instructions: 50500238 cycles: 51058069 heartbeat IPC: 0.7992 cumulative IPC: 0.8382 (Simulation time: 00 hr 04 min 17 sec)
Heartbeat CPU 0 instructions: 51000238 cycles: 51622977 heartbeat IPC: 0.8851 cumulative IPC: 0.8387 (Simulation time: 00 hr 04 min 20 sec)
Heartbeat CPU 0 instructions: 51500245 cycles: 52214787 heartbeat IPC: 0.8449 cumulative IPC: 0.8388 (Simulation time: 00 hr 04 min 23 sec)
Heartbeat CPU 0 instructions: 52000245 cycles: 52764863 heartbeat IPC: 0.909 cumulative IPC: 0.8396 (Simulation time: 00 hr 04 min 26 sec)
Heartbeat CPU 0 instructions: 52500247 cycles: 53317544 heartbeat IPC: 0.9047 cumulative IPC: 0.8403 (Simulation time: 00 hr 04 min 29 sec)
Heartbeat CPU 0 instructions: 53000249 cycles: 53856406 heartbeat IPC: 0.9279 cumulative IPC: 0.8412 (Simulation time: 00 hr 04 min 32 sec)
Heartbeat CPU 0 instructions: 53500253 cycles: 54401302 heartbeat IPC: 0.9176 cumulative IPC: 0.842 (Simulation time: 00 hr 04 min 35 sec)
Heartbeat CPU 0 instructions: 54000253 cycles: 55012910 heartbeat IPC: 0.8175 cumulative IPC: 0.8417 (Simulation time: 00 hr 04 min 38 sec)
Heartbeat CPU 0 instructions: 54500259 cycles: 55608348 heartbeat IPC: 0.8397 cumulative IPC: 0.8417 (Simulation time: 00 hr 04 min 42 sec)
Heartbeat CPU 0 instructions: 55000260 cycles: 56207097 heartbeat IPC: 0.8351 cumulative IPC: 0.8416 (Simulation time: 00 hr 04 min 45 sec)
Heartbeat CPU 0 instructions: 55500262 cycles: 56766005 heartbeat IPC: 0.8946 cumulative IPC: 0.8422 (Simulation time: 00 hr 04 min 48 sec)
Heartbeat CPU 0 instructions: 56000267 cycles: 58130430 heartbeat IPC: 0.3665 cumulative IPC: 0.8305 (Simulation time: 00 hr 04 min 56 sec)
Heartbeat CPU 0 instructions: 56500269 cycles: 61458801 heartbeat IPC: 0.1502 cumulative IPC: 0.7919 (Simulation time: 00 hr 05 min 12 sec)
Heartbeat CPU 0 instructions: 57000269 cycles: 62062044 heartbeat IPC: 0.8289 cumulative IPC: 0.7923 (Simulation time: 00 hr 05 min 15 sec)
Heartbeat CPU 0 instructions: 57500274 cycles: 62661546 heartbeat IPC: 0.834 cumulative IPC: 0.7927 (Simulation time: 00 hr 05 min 18 sec)
Heartbeat CPU 0 instructions: 58000279 cycles: 63205689 heartbeat IPC: 0.9189 cumulative IPC: 0.7938 (Simulation time: 00 hr 05 min 21 sec)
Heartbeat CPU 0 instructions: 58500279 cycles: 63770493 heartbeat IPC: 0.8853 cumulative IPC: 0.7947 (Simulation time: 00 hr 05 min 25 sec)
Heartbeat CPU 0 instructions: 59000279 cycles: 64343998 heartbeat IPC: 0.8718 cumulative IPC: 0.7954 (Simulation time: 00 hr 05 min 28 sec)
Heartbeat CPU 0 instructions: 59500283 cycles: 64905164 heartbeat IPC: 0.891 cumulative IPC: 0.7963 (Simulation time: 00 hr 05 min 31 sec)
Simulation finished CPU 0 instructions: 50000000 cycles: 62722745 cumulative IPC: 0.7972 (Simulation time: 00 hr 05 min 34 sec)
Simulation complete CPU 0 instructions: 50000000 cycles: 62722745 cumulative IPC: 0.7972 (Simulation time: 00 hr 05 min 34 sec)

ChampSim completed all CPUs

=== Simulation ===
CPU 0 runs traces/charlie/charlie_0003.champsim.gz

Region of Interest Statistics

CPU 0 cumulative IPC: 0.7972 instructions: 50000000 cycles: 62722745
CPU 0 Branch Prediction Accuracy: 90.87% MPKI: 24.92 Average ROB Occupancy at Mispredict: 17.4
Branch type MPKI
BRANCH_DIRECT_JUMP: 1.244
BRANCH_INDIRECT: 0.2987
BRANCH_CONDITIONAL: 22.86
BRANCH_DIRECT_CALL: 0.0355
BRANCH_INDIRECT_CALL: 0.4181
BRANCH_RETURN: 0.0638

cpu0->cpu0_STLB TOTAL        ACCESS:    1040826 HIT:    1017759 MISS:      23067 MSHR_MERGE:          0
cpu0->cpu0_STLB LOAD         ACCESS:    1040826 HIT:    1017759 MISS:      23067 MSHR_MERGE:          0
cpu0->cpu0_STLB RFO          ACCESS:          0 HIT:          0 MISS:          0 MSHR_MERGE:          0
cpu0->cpu0_STLB PREFETCH     ACCESS:          0 HIT:          0 MISS:          0 MSHR_MERGE:          0
cpu0->cpu0_STLB WRITE        ACCESS:          0 HIT:          0 MISS:          0 MSHR_MERGE:          0
cpu0->cpu0_STLB TRANSLATION  ACCESS:          0 HIT:          0 MISS:          0 MSHR_MERGE:          0
cpu0->cpu0_STLB PREFETCH REQUESTED:          0 ISSUED:          0 USEFUL:          0 USELESS:          0
cpu0->cpu0_STLB AVERAGE MISS LATENCY: 204.5 cycles
cpu0->cpu0_L2C TOTAL        ACCESS:    1854062 HIT:    1602192 MISS:     251870 MSHR_MERGE:          0
cpu0->cpu0_L2C LOAD         ACCESS:    1555836 HIT:    1427425 MISS:     128411 MSHR_MERGE:          0
cpu0->cpu0_L2C RFO          ACCESS:     121409 HIT:       6425 MISS:     114984 MSHR_MERGE:          0
cpu0->cpu0_L2C PREFETCH     ACCESS:          0 HIT:          0 MISS:          0 MSHR_MERGE:          0
cpu0->cpu0_L2C WRITE        ACCESS:     158169 HIT:     158168 MISS:          1 MSHR_MERGE:          0
cpu0->cpu0_L2C TRANSLATION  ACCESS:      18648 HIT:      10174 MISS:       8474 MSHR_MERGE:          0
cpu0->cpu0_L2C PREFETCH REQUESTED:          0 ISSUED:          0 USEFUL:          0 USELESS:          0
cpu0->cpu0_L2C AVERAGE MISS LATENCY: 270.6 cycles
cpu0->cpu0_L1I TOTAL        ACCESS:    2448742 HIT:    2368149 MISS:      80593 MSHR_MERGE:      19164
cpu0->cpu0_L1I LOAD         ACCESS:    2448742 HIT:    2368149 MISS:      80593 MSHR_MERGE:      19164
cpu0->cpu0_L1I RFO          ACCESS:          0 HIT:          0 MISS:          0 MSHR_MERGE:          0
cpu0->cpu0_L1I PREFETCH     ACCESS:          0 HIT:          0 MISS:          0 MSHR_MERGE:          0
cpu0->cpu0_L1I WRITE        ACCESS:          0 HIT:          0 MISS:          0 MSHR_MERGE:          0
cpu0->cpu0_L1I TRANSLATION  ACCESS:          0 HIT:          0 MISS:          0 MSHR_MERGE:          0
cpu0->cpu0_L1I PREFETCH REQUESTED:          0 ISSUED:          0 USEFUL:          0 USELESS:          0
cpu0->cpu0_L1I AVERAGE MISS LATENCY: 65.81 cycles
cpu0->cpu0_L1D TOTAL        ACCESS:   11109372 HIT:    8640862 MISS:    2468510 MSHR_MERGE:     834046
cpu0->cpu0_L1D LOAD         ACCESS:    8309684 HIT:    6258348 MISS:    2051336 MSHR_MERGE:     556929
cpu0->cpu0_L1D RFO          ACCESS:          0 HIT:          0 MISS:          0 MSHR_MERGE:          0
cpu0->cpu0_L1D PREFETCH     ACCESS:          0 HIT:          0 MISS:          0 MSHR_MERGE:          0
cpu0->cpu0_L1D WRITE        ACCESS:    2745445 HIT:    2347198 MISS:     398247 MSHR_MERGE:     276838
cpu0->cpu0_L1D TRANSLATION  ACCESS:      54243 HIT:      35316 MISS:      18927 MSHR_MERGE:        279
cpu0->cpu0_L1D PREFETCH REQUESTED:          0 ISSUED:          0 USEFUL:          0 USELESS:          0
cpu0->cpu0_L1D AVERAGE MISS LATENCY: 47.76 cycles
cpu0->cpu0_ITLB TOTAL        ACCESS:    1984150 HIT:    1976502 MISS:       7648 MSHR_MERGE:       3515
cpu0->cpu0_ITLB LOAD         ACCESS:    1984150 HIT:    1976502 MISS:       7648 MSHR_MERGE:       3515
cpu0->cpu0_ITLB RFO          ACCESS:          0 HIT:          0 MISS:          0 MSHR_MERGE:          0
cpu0->cpu0_ITLB PREFETCH     ACCESS:          0 HIT:          0 MISS:          0 MSHR_MERGE:          0
cpu0->cpu0_ITLB WRITE        ACCESS:          0 HIT:          0 MISS:          0 MSHR_MERGE:          0
cpu0->cpu0_ITLB TRANSLATION  ACCESS:          0 HIT:          0 MISS:          0 MSHR_MERGE:          0
cpu0->cpu0_ITLB PREFETCH REQUESTED:          0 ISSUED:          0 USEFUL:          0 USELESS:          0
cpu0->cpu0_ITLB AVERAGE MISS LATENCY: 58.4 cycles
cpu0->cpu0_DTLB TOTAL        ACCESS:   10750466 HIT:    9624469 MISS:    1125997 MSHR_MERGE:      89304
cpu0->cpu0_DTLB LOAD         ACCESS:   10750466 HIT:    9624469 MISS:    1125997 MSHR_MERGE:      89304
cpu0->cpu0_DTLB RFO          ACCESS:          0 HIT:          0 MISS:          0 MSHR_MERGE:          0
cpu0->cpu0_DTLB PREFETCH     ACCESS:          0 HIT:          0 MISS:          0 MSHR_MERGE:          0
cpu0->cpu0_DTLB WRITE        ACCESS:          0 HIT:          0 MISS:          0 MSHR_MERGE:          0
cpu0->cpu0_DTLB TRANSLATION  ACCESS:          0 HIT:          0 MISS:          0 MSHR_MERGE:          0
cpu0->cpu0_DTLB PREFETCH REQUESTED:          0 ISSUED:          0 USEFUL:          0 USELESS:          0
cpu0->cpu0_DTLB AVERAGE MISS LATENCY: 9.366 cycles
cpu0->LLC TOTAL        ACCESS:     386873 HIT:      28709 MISS:     358164 MSHR_MERGE:          0
cpu0->LLC LOAD         ACCESS:     128411 HIT:       7080 MISS:     121331 MSHR_MERGE:          0
cpu0->LLC RFO          ACCESS:     114984 HIT:        262 MISS:     114722 MSHR_MERGE:          0
cpu0->LLC PREFETCH     ACCESS:          0 HIT:          0 MISS:          0 MSHR_MERGE:          0
cpu0->LLC WRITE        ACCESS:     135004 HIT:      20613 MISS:     114391 MSHR_MERGE:          0
cpu0->LLC TRANSLATION  ACCESS:       8474 HIT:        754 MISS:       7720 MSHR_MERGE:          0
cpu0->LLC PREFETCH REQUESTED:          0 ISSUED:          0 USEFUL:          0 USELESS:          0
cpu0->LLC AVERAGE MISS LATENCY: 179.6 cycles

DRAM Statistics

Channel 0 RQ ROW_BUFFER_HIT:      11170
  ROW_BUFFER_MISS:     232563
  AVG DBUS CONGESTED CYCLE: 23.27
Channel 0 WQ ROW_BUFFER_HIT:      20416
  ROW_BUFFER_MISS:      77828
  FULL:        102
Channel 0 REFRESHES ISSUED:       5226


--- STDERR ---



=== TRACE: traces/charlie/charlie_0000.champsim.gz ===
COMMAND: ./bin/1C.fullBW.nopref --warmup-instructions=10000000 --simulation-instructions=50000000 traces/charlie/charlie_0000.champsim.gz
RETURNCODE: 0

--- STDOUT ---
[VMEM] WARNING: physical memory size is smaller than virtual memory size.

*** ChampSim Multicore Out-of-Order Simulator ***
Warmup Instructions: 10000000
Simulation Instructions: 50000000
Number of CPUs: 1
Page size: 4096
Core 0: traces/charlie/charlie_0000.champsim.gz
Off-chip DRAM Size: 64 GiB Channels: 1 Width: 64-bit Data Rate: 4807 MT/s
[BTB] WARNING: target of return is a lower address than the corresponding call. This is usually a problem with your trace.
[BTB] WARNING: target of return is a lower address than the corresponding call. This is usually a problem with your trace.
Heartbeat CPU 0 instructions: 500006 cycles: 299461 heartbeat IPC: 1.67 cumulative IPC: 1.67 (Simulation time: 00 hr 00 min 04 sec)
Heartbeat CPU 0 instructions: 1000011 cycles: 485420 heartbeat IPC: 2.689 cumulative IPC: 2.06 (Simulation time: 00 hr 00 min 06 sec)
[BTB] WARNING: target of return is a lower address than the corresponding call. This is usually a problem with your trace.
Heartbeat CPU 0 instructions: 1500012 cycles: 653658 heartbeat IPC: 2.972 cumulative IPC: 2.295 (Simulation time: 00 hr 00 min 08 sec)
[BTB] WARNING: target of return is a lower address than the corresponding call. This is usually a problem with your trace.
[BTB] WARNING: target of return is a lower address than the corresponding call. This is usually a problem with your trace.
Heartbeat CPU 0 instructions: 2000012 cycles: 787059 heartbeat IPC: 3.748 cumulative IPC: 2.541 (Simulation time: 00 hr 00 min 09 sec)
[BTB] WARNING: target of return is a lower address than the corresponding call. This is usually a problem with your trace.
[BTB] WARNING: target of return is a lower address than the corresponding call. This is usually a problem with your trace.
[BTB] WARNING: target of return is a lower address than the corresponding call. This is usually a problem with your trace.
[BTB] WARNING: target of return is a lower address than the corresponding call. This is usually a problem with your trace.
[BTB] WARNING: target of return is a lower address than the corresponding call. This is usually a problem with your trace.
Heartbeat CPU 0 instructions: 2500014 cycles: 935789 heartbeat IPC: 3.362 cumulative IPC: 2.672 (Simulation time: 00 hr 00 min 11 sec)
Heartbeat CPU 0 instructions: 3000021 cycles: 1044683 heartbeat IPC: 4.592 cumulative IPC: 2.872 (Simulation time: 00 hr 00 min 12 sec)
Heartbeat CPU 0 instructions: 3500023 cycles: 1152006 heartbeat IPC: 4.659 cumulative IPC: 3.038 (Simulation time: 00 hr 00 min 13 sec)
Heartbeat CPU 0 instructions: 4000027 cycles: 1259807 heartbeat IPC: 4.638 cumulative IPC: 3.175 (Simulation time: 00 hr 00 min 14 sec)
Heartbeat CPU 0 instructions: 4500034 cycles: 1365822 heartbeat IPC: 4.716 cumulative IPC: 3.295 (Simulation time: 00 hr 00 min 16 sec)
Heartbeat CPU 0 instructions: 5000040 cycles: 1472031 heartbeat IPC: 4.708 cumulative IPC: 3.397 (Simulation time: 00 hr 00 min 17 sec)
Heartbeat CPU 0 instructions: 5500040 cycles: 1576968 heartbeat IPC: 4.765 cumulative IPC: 3.488 (Simulation time: 00 hr 00 min 18 sec)
Heartbeat CPU 0 instructions: 6000040 cycles: 1681677 heartbeat IPC: 4.775 cumulative IPC: 3.568 (Simulation time: 00 hr 00 min 19 sec)
Heartbeat CPU 0 instructions: 6500040 cycles: 1788909 heartbeat IPC: 4.663 cumulative IPC: 3.634 (Simulation time: 00 hr 00 min 21 sec)
Heartbeat CPU 0 instructions: 7000044 cycles: 1895400 heartbeat IPC: 4.695 cumulative IPC: 3.693 (Simulation time: 00 hr 00 min 22 sec)
Heartbeat CPU 0 instructions: 7500049 cycles: 2005190 heartbeat IPC: 4.554 cumulative IPC: 3.74 (Simulation time: 00 hr 00 min 23 sec)
Heartbeat CPU 0 instructions: 8000052 cycles: 2110935 heartbeat IPC: 4.728 cumulative IPC: 3.79 (Simulation time: 00 hr 00 min 24 sec)
Heartbeat CPU 0 instructions: 8500059 cycles: 2218361 heartbeat IPC: 4.654 cumulative IPC: 3.832 (Simulation time: 00 hr 00 min 25 sec)
Heartbeat CPU 0 instructions: 9000060 cycles: 2328903 heartbeat IPC: 4.523 cumulative IPC: 3.865 (Simulation time: 00 hr 00 min 27 sec)
Heartbeat CPU 0 instructions: 9500062 cycles: 2432542 heartbeat IPC: 4.824 cumulative IPC: 3.905 (Simulation time: 00 hr 00 min 28 sec)
Warmup finished CPU 0 instructions: 10000005 cycles: 2536558 cumulative IPC: 3.942 (Simulation time: 00 hr 00 min 29 sec)
Warmup complete CPU 0 instructions: 10000005 cycles: 2536558 cumulative IPC: 3.942 (Simulation time: 00 hr 00 min 29 sec)
Heartbeat CPU 0 instructions: 10000065 cycles: 2536566 heartbeat IPC: 4.807 cumulative IPC: 7.5 (Simulation time: 00 hr 00 min 29 sec)
Heartbeat CPU 0 instructions: 10500066 cycles: 2957515 heartbeat IPC: 1.188 cumulative IPC: 1.188 (Simulation time: 00 hr 00 min 32 sec)
Heartbeat CPU 0 instructions: 11000071 cycles: 3404305 heartbeat IPC: 1.119 cumulative IPC: 1.152 (Simulation time: 00 hr 00 min 34 sec)
Heartbeat CPU 0 instructions: 11500072 cycles: 3854624 heartbeat IPC: 1.11 cumulative IPC: 1.138 (Simulation time: 00 hr 00 min 37 sec)
Heartbeat CPU 0 instructions: 12000072 cycles: 4579091 heartbeat IPC: 0.6902 cumulative IPC: 0.9792 (Simulation time: 00 hr 00 min 40 sec)
Heartbeat CPU 0 instructions: 12500072 cycles: 5392967 heartbeat IPC: 0.6143 cumulative IPC: 0.8752 (Simulation time: 00 hr 00 min 44 sec)
Heartbeat CPU 0 instructions: 13000073 cycles: 5970204 heartbeat IPC: 0.8662 cumulative IPC: 0.8737 (Simulation time: 00 hr 00 min 47 sec)
Heartbeat CPU 0 instructions: 13500075 cycles: 6367900 heartbeat IPC: 1.257 cumulative IPC: 0.9135 (Simulation time: 00 hr 00 min 49 sec)
Heartbeat CPU 0 instructions: 14000079 cycles: 6851788 heartbeat IPC: 1.033 cumulative IPC: 0.927 (Simulation time: 00 hr 00 min 52 sec)
Heartbeat CPU 0 instructions: 14500083 cycles: 7232538 heartbeat IPC: 1.313 cumulative IPC: 0.9583 (Simulation time: 00 hr 00 min 54 sec)
Heartbeat CPU 0 instructions: 15000086 cycles: 7673070 heartbeat IPC: 1.135 cumulative IPC: 0.9734 (Simulation time: 00 hr 00 min 57 sec)
Heartbeat CPU 0 instructions: 15500086 cycles: 8110942 heartbeat IPC: 1.142 cumulative IPC: 0.9867 (Simulation time: 00 hr 01 min 00 sec)
Heartbeat CPU 0 instructions: 16000092 cycles: 8557952 heartbeat IPC: 1.119 cumulative IPC: 0.9965 (Simulation time: 00 hr 01 min 02 sec)
Heartbeat CPU 0 instructions: 16500094 cycles: 9105618 heartbeat IPC: 0.913 cumulative IPC: 0.9895 (Simulation time: 00 hr 01 min 05 sec)
Heartbeat CPU 0 instructions: 17000095 cycles: 9618085 heartbeat IPC: 0.9757 cumulative IPC: 0.9885 (Simulation time: 00 hr 01 min 08 sec)
Heartbeat CPU 0 instructions: 17500095 cycles: 10109332 heartbeat IPC: 1.018 cumulative IPC: 0.9904 (Simulation time: 00 hr 01 min 11 sec)
Heartbeat CPU 0 instructions: 18000097 cycles: 10592153 heartbeat IPC: 1.036 cumulative IPC: 0.9931 (Simulation time: 00 hr 01 min 14 sec)
Heartbeat CPU 0 instructions: 18500097 cycles: 11087499 heartbeat IPC: 1.009 cumulative IPC: 0.9941 (Simulation time: 00 hr 01 min 17 sec)
Heartbeat CPU 0 instructions: 19000100 cycles: 11975693 heartbeat IPC: 0.5629 cumulative IPC: 0.9535 (Simulation time: 00 hr 01 min 21 sec)
Heartbeat CPU 0 instructions: 19500100 cycles: 12305226 heartbeat IPC: 1.517 cumulative IPC: 0.9725 (Simulation time: 00 hr 01 min 23 sec)
Heartbeat CPU 0 instructions: 20000101 cycles: 12615123 heartbeat IPC: 1.613 cumulative IPC: 0.9922 (Simulation time: 00 hr 01 min 25 sec)
Heartbeat CPU 0 instructions: 20500102 cycles: 12934953 heartbeat IPC: 1.563 cumulative IPC: 1.01 (Simulation time: 00 hr 01 min 26 sec)
Heartbeat CPU 0 instructions: 21000104 cycles: 13207461 heartbeat IPC: 1.835 cumulative IPC: 1.031 (Simulation time: 00 hr 01 min 28 sec)
Heartbeat CPU 0 instructions: 21500105 cycles: 13484664 heartbeat IPC: 1.804 cumulative IPC: 1.05 (Simulation time: 00 hr 01 min 30 sec)
Heartbeat CPU 0 instructions: 22000111 cycles: 15041681 heartbeat IPC: 0.3211 cumulative IPC: 0.9596 (Simulation time: 00 hr 01 min 37 sec)
Heartbeat CPU 0 instructions: 22500111 cycles: 17602108 heartbeat IPC: 0.1953 cumulative IPC: 0.8297 (Simulation time: 00 hr 01 min 48 sec)
Heartbeat CPU 0 instructions: 23000117 cycles: 18327636 heartbeat IPC: 0.6892 cumulative IPC: 0.8233 (Simulation time: 00 hr 01 min 52 sec)
Heartbeat CPU 0 instructions: 23500122 cycles: 19245664 heartbeat IPC: 0.5447 cumulative IPC: 0.8079 (Simulation time: 00 hr 01 min 57 sec)
Heartbeat CPU 0 instructions: 24000125 cycles: 21019570 heartbeat IPC: 0.2819 cumulative IPC: 0.7575 (Simulation time: 00 hr 02 min 04 sec)
Heartbeat CPU 0 instructions: 24500126 cycles: 21471248 heartbeat IPC: 1.107 cumulative IPC: 0.7658 (Simulation time: 00 hr 02 min 08 sec)
Heartbeat CPU 0 instructions: 25000129 cycles: 21876637 heartbeat IPC: 1.233 cumulative IPC: 0.7756 (Simulation time: 00 hr 02 min 11 sec)
Heartbeat CPU 0 instructions: 25500134 cycles: 22360405 heartbeat IPC: 1.034 cumulative IPC: 0.7819 (Simulation time: 00 hr 02 min 14 sec)
Heartbeat CPU 0 instructions: 26000134 cycles: 22799135 heartbeat IPC: 1.14 cumulative IPC: 0.7896 (Simulation time: 00 hr 02 min 17 sec)
Heartbeat CPU 0 instructions: 26500140 cycles: 23214167 heartbeat IPC: 1.205 cumulative IPC: 0.798 (Simulation time: 00 hr 02 min 20 sec)
Heartbeat CPU 0 instructions: 27000146 cycles: 23621582 heartbeat IPC: 1.227 cumulative IPC: 0.8063 (Simulation time: 00 hr 02 min 23 sec)
Heartbeat CPU 0 instructions: 27500146 cycles: 24196708 heartbeat IPC: 0.8694 cumulative IPC: 0.8079 (Simulation time: 00 hr 02 min 27 sec)
Heartbeat CPU 0 instructions: 28000146 cycles: 24615194 heartbeat IPC: 1.195 cumulative IPC: 0.8153 (Simulation time: 00 hr 02 min 31 sec)
Heartbeat CPU 0 instructions: 28500150 cycles: 25028122 heartbeat IPC: 1.211 cumulative IPC: 0.8225 (Simulation time: 00 hr 02 min 34 sec)
Heartbeat CPU 0 instructions: 29000151 cycles: 25548680 heartbeat IPC: 0.9605 cumulative IPC: 0.8257 (Simulation time: 00 hr 02 min 37 sec)
Heartbeat CPU 0 instructions: 29500152 cycles: 26790371 heartbeat IPC: 0.4027 cumulative IPC: 0.804 (Simulation time: 00 hr 02 min 43 sec)
Heartbeat CPU 0 instructions: 30000155 cycles: 27115460 heartbeat IPC: 1.538 cumulative IPC: 0.8137 (Simulation time: 00 hr 02 min 44 sec)
Heartbeat CPU 0 instructions: 30500157 cycles: 27424751 heartbeat IPC: 1.617 cumulative IPC: 0.8237 (Simulation time: 00 hr 02 min 46 sec)
Heartbeat CPU 0 instructions: 31000157 cycles: 27739608 heartbeat IPC: 1.588 cumulative IPC: 0.8332 (Simulation time: 00 hr 02 min 47 sec)
Heartbeat CPU 0 instructions: 31500158 cycles: 28005359 heartbeat IPC: 1.881 cumulative IPC: 0.8442 (Simulation time: 00 hr 02 min 49 sec)
Heartbeat CPU 0 instructions: 32000159 cycles: 28272101 heartbeat IPC: 1.874 cumulative IPC: 0.8549 (Simulation time: 00 hr 02 min 50 sec)
Heartbeat CPU 0 instructions: 32500163 cycles: 28974664 heartbeat IPC: 0.7117 cumulative IPC: 0.8511 (Simulation time: 00 hr 02 min 54 sec)
Heartbeat CPU 0 instructions: 33000164 cycles: 29544688 heartbeat IPC: 0.8772 cumulative IPC: 0.8516 (Simulation time: 00 hr 02 min 57 sec)
Heartbeat CPU 0 instructions: 33500169 cycles: 30221939 heartbeat IPC: 0.7383 cumulative IPC: 0.8488 (Simulation time: 00 hr 03 min 01 sec)
Heartbeat CPU 0 instructions: 34000171 cycles: 30820433 heartbeat IPC: 0.8354 cumulative IPC: 0.8485 (Simulation time: 00 hr 03 min 05 sec)
Heartbeat CPU 0 instructions: 34500171 cycles: 31471270 heartbeat IPC: 0.7682 cumulative IPC: 0.8467 (Simulation time: 00 hr 03 min 09 sec)
Heartbeat CPU 0 instructions: 35000176 cycles: 32079463 heartbeat IPC: 0.8221 cumulative IPC: 0.8462 (Simulation time: 00 hr 03 min 12 sec)
Heartbeat CPU 0 instructions: 35500176 cycles: 32786170 heartbeat IPC: 0.7075 cumulative IPC: 0.843 (Simulation time: 00 hr 03 min 17 sec)
Heartbeat CPU 0 instructions: 36000176 cycles: 33391844 heartbeat IPC: 0.8255 cumulative IPC: 0.8426 (Simulation time: 00 hr 03 min 20 sec)
Heartbeat CPU 0 instructions: 36500176 cycles: 34693772 heartbeat IPC: 0.384 cumulative IPC: 0.8241 (Simulation time: 00 hr 03 min 26 sec)
Heartbeat CPU 0 instructions: 37000177 cycles: 35017666 heartbeat IPC: 1.544 cumulative IPC: 0.8313 (Simulation time: 00 hr 03 min 28 sec)
Heartbeat CPU 0 instructions: 37500177 cycles: 35317780 heartbeat IPC: 1.666 cumulative IPC: 0.8389 (Simulation time: 00 hr 03 min 29 sec)
Heartbeat CPU 0 instructions: 38000177 cycles: 35631688 heartbeat IPC: 1.593 cumulative IPC: 0.8461 (Simulation time: 00 hr 03 min 31 sec)
Heartbeat CPU 0 instructions: 38500177 cycles: 35892191 heartbeat IPC: 1.919 cumulative IPC: 0.8544 (Simulation time: 00 hr 03 min 32 sec)
Heartbeat CPU 0 instructions: 39000180 cycles: 36182596 heartbeat IPC: 1.722 cumulative IPC: 0.8619 (Simulation time: 00 hr 03 min 34 sec)
Heartbeat CPU 0 instructions: 39500184 cycles: 37073873 heartbeat IPC: 0.561 cumulative IPC: 0.8542 (Simulation time: 00 hr 03 min 39 sec)
Heartbeat CPU 0 instructions: 40000186 cycles: 37761558 heartbeat IPC: 0.7271 cumulative IPC: 0.8517 (Simulation time: 00 hr 03 min 42 sec)
Heartbeat CPU 0 instructions: 40500187 cycles: 38277501 heartbeat IPC: 0.9691 cumulative IPC: 0.8534 (Simulation time: 00 hr 03 min 45 sec)
Heartbeat CPU 0 instructions: 41000187 cycles: 38725291 heartbeat IPC: 1.117 cumulative IPC: 0.8566 (Simulation time: 00 hr 03 min 47 sec)
Heartbeat CPU 0 instructions: 41500190 cycles: 39254326 heartbeat IPC: 0.9451 cumulative IPC: 0.8579 (Simulation time: 00 hr 03 min 50 sec)
Heartbeat CPU 0 instructions: 42000191 cycles: 39756370 heartbeat IPC: 0.9959 cumulative IPC: 0.8598 (Simulation time: 00 hr 03 min 52 sec)
Heartbeat CPU 0 instructions: 42500191 cycles: 40256247 heartbeat IPC: 1 cumulative IPC: 0.8616 (Simulation time: 00 hr 03 min 55 sec)
Heartbeat CPU 0 instructions: 43000192 cycles: 40691595 heartbeat IPC: 1.149 cumulative IPC: 0.8649 (Simulation time: 00 hr 03 min 57 sec)
Heartbeat CPU 0 instructions: 43500192 cycles: 41178238 heartbeat IPC: 1.027 cumulative IPC: 0.8669 (Simulation time: 00 hr 04 min 00 sec)
Heartbeat CPU 0 instructions: 44000197 cycles: 41664554 heartbeat IPC: 1.028 cumulative IPC: 0.8689 (Simulation time: 00 hr 04 min 02 sec)
Heartbeat CPU 0 instructions: 44500200 cycles: 42112736 heartbeat IPC: 1.116 cumulative IPC: 0.8717 (Simulation time: 00 hr 04 min 05 sec)
Heartbeat CPU 0 instructions: 45000205 cycles: 42538987 heartbeat IPC: 1.173 cumulative IPC: 0.875 (Simulation time: 00 hr 04 min 07 sec)
Heartbeat CPU 0 instructions: 45500205 cycles: 43009686 heartbeat IPC: 1.062 cumulative IPC: 0.8771 (Simulation time: 00 hr 04 min 10 sec)
Heartbeat CPU 0 instructions: 46000206 cycles: 43590263 heartbeat IPC: 0.8612 cumulative IPC: 0.8769 (Simulation time: 00 hr 04 min 13 sec)
Heartbeat CPU 0 instructions: 46500207 cycles: 43996833 heartbeat IPC: 1.23 cumulative IPC: 0.8804 (Simulation time: 00 hr 04 min 15 sec)
Heartbeat CPU 0 instructions: 47000207 cycles: 44395851 heartbeat IPC: 1.253 cumulative IPC: 0.8839 (Simulation time: 00 hr 04 min 17 sec)
Heartbeat CPU 0 instructions: 47500208 cycles: 45761640 heartbeat IPC: 0.3661 cumulative IPC: 0.8676 (Simulation time: 00 hr 04 min 23 sec)
Heartbeat CPU 0 instructions: 48000211 cycles: 46076998 heartbeat IPC: 1.586 cumulative IPC: 0.8728 (Simulation time: 00 hr 04 min 25 sec)
Heartbeat CPU 0 instructions: 48500212 cycles: 47397010 heartbeat IPC: 0.3788 cumulative IPC: 0.8582 (Simulation time: 00 hr 04 min 31 sec)
Heartbeat CPU 0 instructions: 49000215 cycles: 47714175 heartbeat IPC: 1.576 cumulative IPC: 0.8633 (Simulation time: 00 hr 04 min 32 sec)
Heartbeat CPU 0 instructions: 49500217 cycles: 47983671 heartbeat IPC: 1.855 cumulative IPC: 0.8691 (Simulation time: 00 hr 04 min 34 sec)
Heartbeat CPU 0 instructions: 50000223 cycles: 48239890 heartbeat IPC: 1.951 cumulative IPC: 0.8752 (Simulation time: 00 hr 04 min 35 sec)
Heartbeat CPU 0 instructions: 50500224 cycles: 49102139 heartbeat IPC: 0.5799 cumulative IPC: 0.8697 (Simulation time: 00 hr 04 min 40 sec)
Heartbeat CPU 0 instructions: 51000231 cycles: 49782233 heartbeat IPC: 0.7352 cumulative IPC: 0.8678 (Simulation time: 00 hr 04 min 43 sec)
Heartbeat CPU 0 instructions: 51500232 cycles: 50274981 heartbeat IPC: 1.015 cumulative IPC: 0.8693 (Simulation time: 00 hr 04 min 45 sec)
Heartbeat CPU 0 instructions: 52000233 cycles: 50717270 heartbeat IPC: 1.13 cumulative IPC: 0.8717 (Simulation time: 00 hr 04 min 48 sec)
Heartbeat CPU 0 instructions: 52500236 cycles: 51204975 heartbeat IPC: 1.025 cumulative IPC: 0.8733 (Simulation time: 00 hr 04 min 50 sec)
Heartbeat CPU 0 instructions: 53000236 cycles: 51761325 heartbeat IPC: 0.8987 cumulative IPC: 0.8735 (Simulation time: 00 hr 04 min 53 sec)
Heartbeat CPU 0 instructions: 53500239 cycles: 52072817 heartbeat IPC: 1.605 cumulative IPC: 0.8781 (Simulation time: 00 hr 04 min 55 sec)
Heartbeat CPU 0 instructions: 54000239 cycles: 52364720 heartbeat IPC: 1.713 cumulative IPC: 0.883 (Simulation time: 00 hr 04 min 56 sec)
Heartbeat CPU 0 instructions: 54500240 cycles: 52648612 heartbeat IPC: 1.761 cumulative IPC: 0.888 (Simulation time: 00 hr 04 min 58 sec)
Heartbeat CPU 0 instructions: 55000241 cycles: 52896944 heartbeat IPC: 2.013 cumulative IPC: 0.8936 (Simulation time: 00 hr 04 min 59 sec)
Heartbeat CPU 0 instructions: 55500241 cycles: 53138619 heartbeat IPC: 2.069 cumulative IPC: 0.8992 (Simulation time: 00 hr 05 min 01 sec)
Heartbeat CPU 0 instructions: 56000241 cycles: 54283851 heartbeat IPC: 0.4366 cumulative IPC: 0.8889 (Simulation time: 00 hr 05 min 06 sec)
Heartbeat CPU 0 instructions: 56500245 cycles: 56036619 heartbeat IPC: 0.2853 cumulative IPC: 0.8692 (Simulation time: 00 hr 05 min 15 sec)
Heartbeat CPU 0 instructions: 57000250 cycles: 58326633 heartbeat IPC: 0.2183 cumulative IPC: 0.8424 (Simulation time: 00 hr 05 min 25 sec)
Heartbeat CPU 0 instructions: 57500255 cycles: 59005754 heartbeat IPC: 0.7363 cumulative IPC: 0.8412 (Simulation time: 00 hr 05 min 28 sec)
Heartbeat CPU 0 instructions: 58000258 cycles: 59477702 heartbeat IPC: 1.059 cumulative IPC: 0.843 (Simulation time: 00 hr 05 min 31 sec)
Heartbeat CPU 0 instructions: 58500258 cycles: 60045359 heartbeat IPC: 0.8808 cumulative IPC: 0.8434 (Simulation time: 00 hr 05 min 34 sec)
Heartbeat CPU 0 instructions: 59000261 cycles: 60505521 heartbeat IPC: 1.087 cumulative IPC: 0.8453 (Simulation time: 00 hr 05 min 36 sec)
Heartbeat CPU 0 instructions: 59500262 cycles: 60957715 heartbeat IPC: 1.106 cumulative IPC: 0.8473 (Simulation time: 00 hr 05 min 39 sec)
Simulation finished CPU 0 instructions: 50000006 cycles: 58891773 cumulative IPC: 0.849 (Simulation time: 00 hr 05 min 42 sec)
Simulation complete CPU 0 instructions: 50000006 cycles: 58891773 cumulative IPC: 0.849 (Simulation time: 00 hr 05 min 42 sec)

ChampSim completed all CPUs

=== Simulation ===
CPU 0 runs traces/charlie/charlie_0000.champsim.gz

Region of Interest Statistics

CPU 0 cumulative IPC: 0.849 instructions: 50000006 cycles: 58891773
CPU 0 Branch Prediction Accuracy: 92.87% MPKI: 15.34 Average ROB Occupancy at Mispredict: 33.74
Branch type MPKI
BRANCH_DIRECT_JUMP: 0.2727
BRANCH_INDIRECT: 0.5188
BRANCH_CONDITIONAL: 13.8
BRANCH_DIRECT_CALL: 0.1681
BRANCH_INDIRECT_CALL: 0.3757
BRANCH_RETURN: 0.2019

cpu0->cpu0_STLB TOTAL        ACCESS:      82580 HIT:      58578 MISS:      24002 MSHR_MERGE:          0
cpu0->cpu0_STLB LOAD         ACCESS:      82580 HIT:      58578 MISS:      24002 MSHR_MERGE:          0
cpu0->cpu0_STLB RFO          ACCESS:          0 HIT:          0 MISS:          0 MSHR_MERGE:          0
cpu0->cpu0_STLB PREFETCH     ACCESS:          0 HIT:          0 MISS:          0 MSHR_MERGE:          0
cpu0->cpu0_STLB WRITE        ACCESS:          0 HIT:          0 MISS:          0 MSHR_MERGE:          0
cpu0->cpu0_STLB TRANSLATION  ACCESS:          0 HIT:          0 MISS:          0 MSHR_MERGE:          0
cpu0->cpu0_STLB PREFETCH REQUESTED:          0 ISSUED:          0 USEFUL:          0 USELESS:          0
cpu0->cpu0_STLB AVERAGE MISS LATENCY: 287.8 cycles
cpu0->cpu0_L2C TOTAL        ACCESS:     811670 HIT:     487439 MISS:     324231 MSHR_MERGE:          0
cpu0->cpu0_L2C LOAD         ACCESS:     422581 HIT:     266385 MISS:     156196 MSHR_MERGE:          0
cpu0->cpu0_L2C RFO          ACCESS:     161631 HIT:       8153 MISS:     153478 MSHR_MERGE:          0
cpu0->cpu0_L2C PREFETCH     ACCESS:          0 HIT:          0 MISS:          0 MSHR_MERGE:          0
cpu0->cpu0_L2C WRITE        ACCESS:     202915 HIT:     202909 MISS:          6 MSHR_MERGE:          0
cpu0->cpu0_L2C TRANSLATION  ACCESS:      24543 HIT:       9992 MISS:      14551 MSHR_MERGE:          0
cpu0->cpu0_L2C PREFETCH REQUESTED:          0 ISSUED:          0 USEFUL:          0 USELESS:          0
cpu0->cpu0_L2C AVERAGE MISS LATENCY: 258.1 cycles
cpu0->cpu0_L1I TOTAL        ACCESS:    2656574 HIT:    2424796 MISS:     231778 MSHR_MERGE:      55685
cpu0->cpu0_L1I LOAD         ACCESS:    2656574 HIT:    2424796 MISS:     231778 MSHR_MERGE:      55685
cpu0->cpu0_L1I RFO          ACCESS:          0 HIT:          0 MISS:          0 MSHR_MERGE:          0
cpu0->cpu0_L1I PREFETCH     ACCESS:          0 HIT:          0 MISS:          0 MSHR_MERGE:          0
cpu0->cpu0_L1I WRITE        ACCESS:          0 HIT:          0 MISS:          0 MSHR_MERGE:          0
cpu0->cpu0_L1I TRANSLATION  ACCESS:          0 HIT:          0 MISS:          0 MSHR_MERGE:          0
cpu0->cpu0_L1I PREFETCH REQUESTED:          0 ISSUED:          0 USEFUL:          0 USELESS:          0
cpu0->cpu0_L1I AVERAGE MISS LATENCY: 67.62 cycles
cpu0->cpu0_L1D TOTAL        ACCESS:   12702462 HIT:   11634291 MISS:    1068171 MSHR_MERGE:     635509
cpu0->cpu0_L1D LOAD         ACCESS:    8271646 HIT:    7851520 MISS:     420126 MSHR_MERGE:     173638
cpu0->cpu0_L1D RFO          ACCESS:          0 HIT:          0 MISS:          0 MSHR_MERGE:          0
cpu0->cpu0_L1D PREFETCH     ACCESS:          0 HIT:          0 MISS:          0 MSHR_MERGE:          0
cpu0->cpu0_L1D WRITE        ACCESS:    4367470 HIT:    3744392 MISS:     623078 MSHR_MERGE:     461447
cpu0->cpu0_L1D TRANSLATION  ACCESS:      63346 HIT:      38379 MISS:      24967 MSHR_MERGE:        424
cpu0->cpu0_L1D PREFETCH REQUESTED:          0 ISSUED:          0 USEFUL:          0 USELESS:          0
cpu0->cpu0_L1D AVERAGE MISS LATENCY: 177.7 cycles
cpu0->cpu0_ITLB TOTAL        ACCESS:    2219678 HIT:    2199562 MISS:      20116 MSHR_MERGE:       8569
cpu0->cpu0_ITLB LOAD         ACCESS:    2219678 HIT:    2199562 MISS:      20116 MSHR_MERGE:       8569
cpu0->cpu0_ITLB RFO          ACCESS:          0 HIT:          0 MISS:          0 MSHR_MERGE:          0
cpu0->cpu0_ITLB PREFETCH     ACCESS:          0 HIT:          0 MISS:          0 MSHR_MERGE:          0
cpu0->cpu0_ITLB WRITE        ACCESS:          0 HIT:          0 MISS:          0 MSHR_MERGE:          0
cpu0->cpu0_ITLB TRANSLATION  ACCESS:          0 HIT:          0 MISS:          0 MSHR_MERGE:          0
cpu0->cpu0_ITLB PREFETCH REQUESTED:          0 ISSUED:          0 USEFUL:          0 USELESS:          0
cpu0->cpu0_ITLB AVERAGE MISS LATENCY: 56.42 cycles
cpu0->cpu0_DTLB TOTAL        ACCESS:   12115440 HIT:   11974553 MISS:     140887 MSHR_MERGE:      69854
cpu0->cpu0_DTLB LOAD         ACCESS:   12115440 HIT:   11974553 MISS:     140887 MSHR_MERGE:      69854
cpu0->cpu0_DTLB RFO          ACCESS:          0 HIT:          0 MISS:          0 MSHR_MERGE:          0
cpu0->cpu0_DTLB PREFETCH     ACCESS:          0 HIT:          0 MISS:          0 MSHR_MERGE:          0
cpu0->cpu0_DTLB WRITE        ACCESS:          0 HIT:          0 MISS:          0 MSHR_MERGE:          0
cpu0->cpu0_DTLB TRANSLATION  ACCESS:          0 HIT:          0 MISS:          0 MSHR_MERGE:          0
cpu0->cpu0_DTLB PREFETCH REQUESTED:          0 ISSUED:          0 USEFUL:          0 USELESS:          0
cpu0->cpu0_DTLB AVERAGE MISS LATENCY: 94.23 cycles
cpu0->LLC TOTAL        ACCESS:     513397 HIT:      30537 MISS:     482860 MSHR_MERGE:          0
cpu0->LLC LOAD         ACCESS:     156196 HIT:       6155 MISS:     150041 MSHR_MERGE:          0
cpu0->LLC RFO          ACCESS:     153478 HIT:       1269 MISS:     152209 MSHR_MERGE:          0
cpu0->LLC PREFETCH     ACCESS:          0 HIT:          0 MISS:          0 MSHR_MERGE:          0
cpu0->LLC WRITE        ACCESS:     189172 HIT:      22067 MISS:     167105 MSHR_MERGE:          0
cpu0->LLC TRANSLATION  ACCESS:      14551 HIT:       1046 MISS:      13505 MSHR_MERGE:          0
cpu0->LLC PREFETCH REQUESTED:          0 ISSUED:          0 USEFUL:          0 USELESS:          0
cpu0->LLC AVERAGE MISS LATENCY: 163.8 cycles

DRAM Statistics

Channel 0 RQ ROW_BUFFER_HIT:      14158
  ROW_BUFFER_MISS:     301595
  AVG DBUS CONGESTED CYCLE: 27.2
Channel 0 WQ ROW_BUFFER_HIT:      37137
  ROW_BUFFER_MISS:     130539
  FULL:        447
Channel 0 REFRESHES ISSUED:       4907


--- STDERR ---



=== TRACE: traces/charlie/charlie_0004.champsim.gz ===
COMMAND: ./bin/1C.fullBW.nopref --warmup-instructions=10000000 --simulation-instructions=50000000 traces/charlie/charlie_0004.champsim.gz
RETURNCODE: 0

--- STDOUT ---
[VMEM] WARNING: physical memory size is smaller than virtual memory size.

*** ChampSim Multicore Out-of-Order Simulator ***
Warmup Instructions: 10000000
Simulation Instructions: 50000000
Number of CPUs: 1
Page size: 4096
Core 0: traces/charlie/charlie_0004.champsim.gz
Off-chip DRAM Size: 64 GiB Channels: 1 Width: 64-bit Data Rate: 4807 MT/s
[BTB] WARNING: target of return is a lower address than the corresponding call. This is usually a problem with your trace.
[BTB] WARNING: target of return is a lower address than the corresponding call. This is usually a problem with your trace.
[BTB] WARNING: target of return is a lower address than the corresponding call. This is usually a problem with your trace.
[BTB] WARNING: target of return is a lower address than the corresponding call. This is usually a problem with your trace.
[BTB] WARNING: target of return is a lower address than the corresponding call. This is usually a problem with your trace.
[BTB] WARNING: target of return is a lower address than the corresponding call. This is usually a problem with your trace.
[BTB] WARNING: target of return is a lower address than the corresponding call. This is usually a problem with your trace.
[BTB] WARNING: target of return is a lower address than the corresponding call. This is usually a problem with your trace.
[BTB] WARNING: target of return is a lower address than the corresponding call. This is usually a problem with your trace.
[BTB] WARNING: target of return is a lower address than the corresponding call. This is usually a problem with your trace.
Heartbeat CPU 0 instructions: 500006 cycles: 216639 heartbeat IPC: 2.308 cumulative IPC: 2.308 (Simulation time: 00 hr 00 min 03 sec)
Heartbeat CPU 0 instructions: 1000006 cycles: 328227 heartbeat IPC: 4.481 cumulative IPC: 3.047 (Simulation time: 00 hr 00 min 04 sec)
Heartbeat CPU 0 instructions: 1500007 cycles: 500786 heartbeat IPC: 2.898 cumulative IPC: 2.995 (Simulation time: 00 hr 00 min 06 sec)
Heartbeat CPU 0 instructions: 2000013 cycles: 620105 heartbeat IPC: 4.19 cumulative IPC: 3.225 (Simulation time: 00 hr 00 min 08 sec)
Heartbeat CPU 0 instructions: 2500016 cycles: 726990 heartbeat IPC: 4.678 cumulative IPC: 3.439 (Simulation time: 00 hr 00 min 09 sec)
Heartbeat CPU 0 instructions: 3000019 cycles: 837032 heartbeat IPC: 4.544 cumulative IPC: 3.584 (Simulation time: 00 hr 00 min 10 sec)
Heartbeat CPU 0 instructions: 3500026 cycles: 944102 heartbeat IPC: 4.67 cumulative IPC: 3.707 (Simulation time: 00 hr 00 min 12 sec)
Heartbeat CPU 0 instructions: 4000032 cycles: 1053819 heartbeat IPC: 4.557 cumulative IPC: 3.796 (Simulation time: 00 hr 00 min 13 sec)
Heartbeat CPU 0 instructions: 4500033 cycles: 1158422 heartbeat IPC: 4.78 cumulative IPC: 3.885 (Simulation time: 00 hr 00 min 14 sec)
Heartbeat CPU 0 instructions: 5000039 cycles: 1263747 heartbeat IPC: 4.747 cumulative IPC: 3.957 (Simulation time: 00 hr 00 min 15 sec)
Heartbeat CPU 0 instructions: 5500045 cycles: 1370469 heartbeat IPC: 4.685 cumulative IPC: 4.013 (Simulation time: 00 hr 00 min 16 sec)
Heartbeat CPU 0 instructions: 6000050 cycles: 1476559 heartbeat IPC: 4.713 cumulative IPC: 4.064 (Simulation time: 00 hr 00 min 18 sec)
Heartbeat CPU 0 instructions: 6500051 cycles: 1580056 heartbeat IPC: 4.831 cumulative IPC: 4.114 (Simulation time: 00 hr 00 min 19 sec)
Heartbeat CPU 0 instructions: 7000053 cycles: 1686164 heartbeat IPC: 4.712 cumulative IPC: 4.151 (Simulation time: 00 hr 00 min 20 sec)
Heartbeat CPU 0 instructions: 7500055 cycles: 1840888 heartbeat IPC: 3.232 cumulative IPC: 4.074 (Simulation time: 00 hr 00 min 22 sec)
Heartbeat CPU 0 instructions: 8000057 cycles: 1959232 heartbeat IPC: 4.225 cumulative IPC: 4.083 (Simulation time: 00 hr 00 min 23 sec)
Heartbeat CPU 0 instructions: 8500061 cycles: 2069984 heartbeat IPC: 4.515 cumulative IPC: 4.106 (Simulation time: 00 hr 00 min 25 sec)
Heartbeat CPU 0 instructions: 9000061 cycles: 2184852 heartbeat IPC: 4.353 cumulative IPC: 4.119 (Simulation time: 00 hr 00 min 26 sec)
Heartbeat CPU 0 instructions: 9500062 cycles: 2376554 heartbeat IPC: 2.608 cumulative IPC: 3.997 (Simulation time: 00 hr 00 min 28 sec)
Warmup finished CPU 0 instructions: 10000005 cycles: 2492192 cumulative IPC: 4.013 (Simulation time: 00 hr 00 min 29 sec)
Warmup complete CPU 0 instructions: 10000005 cycles: 2492192 cumulative IPC: 4.013 (Simulation time: 00 hr 00 min 29 sec)
Heartbeat CPU 0 instructions: 10000066 cycles: 2492200 heartbeat IPC: 4.324 cumulative IPC: 7.625 (Simulation time: 00 hr 00 min 29 sec)
Heartbeat CPU 0 instructions: 10500070 cycles: 3131830 heartbeat IPC: 0.7817 cumulative IPC: 0.7818 (Simulation time: 00 hr 00 min 32 sec)
Heartbeat CPU 0 instructions: 11000073 cycles: 3746566 heartbeat IPC: 0.8134 cumulative IPC: 0.7973 (Simulation time: 00 hr 00 min 36 sec)
Heartbeat CPU 0 instructions: 11500075 cycles: 4309700 heartbeat IPC: 0.8879 cumulative IPC: 0.8253 (Simulation time: 00 hr 00 min 39 sec)
Heartbeat CPU 0 instructions: 12000079 cycles: 4956555 heartbeat IPC: 0.773 cumulative IPC: 0.8116 (Simulation time: 00 hr 00 min 43 sec)
Heartbeat CPU 0 instructions: 12500083 cycles: 5534157 heartbeat IPC: 0.8657 cumulative IPC: 0.8219 (Simulation time: 00 hr 00 min 46 sec)
Heartbeat CPU 0 instructions: 13000090 cycles: 6146524 heartbeat IPC: 0.8165 cumulative IPC: 0.821 (Simulation time: 00 hr 00 min 50 sec)
Heartbeat CPU 0 instructions: 13500090 cycles: 6726791 heartbeat IPC: 0.8617 cumulative IPC: 0.8265 (Simulation time: 00 hr 00 min 54 sec)
Heartbeat CPU 0 instructions: 14000092 cycles: 7296176 heartbeat IPC: 0.8781 cumulative IPC: 0.8327 (Simulation time: 00 hr 00 min 57 sec)
Heartbeat CPU 0 instructions: 14500099 cycles: 7845755 heartbeat IPC: 0.9098 cumulative IPC: 0.8406 (Simulation time: 00 hr 01 min 00 sec)
Heartbeat CPU 0 instructions: 15000099 cycles: 8513636 heartbeat IPC: 0.7486 cumulative IPC: 0.8304 (Simulation time: 00 hr 01 min 05 sec)
Heartbeat CPU 0 instructions: 15500101 cycles: 9084685 heartbeat IPC: 0.8756 cumulative IPC: 0.8343 (Simulation time: 00 hr 01 min 08 sec)
Heartbeat CPU 0 instructions: 16000102 cycles: 9669241 heartbeat IPC: 0.8554 cumulative IPC: 0.836 (Simulation time: 00 hr 01 min 12 sec)
Heartbeat CPU 0 instructions: 16500103 cycles: 10251883 heartbeat IPC: 0.8582 cumulative IPC: 0.8377 (Simulation time: 00 hr 01 min 15 sec)
Heartbeat CPU 0 instructions: 17000103 cycles: 11433842 heartbeat IPC: 0.423 cumulative IPC: 0.7829 (Simulation time: 00 hr 01 min 21 sec)
Heartbeat CPU 0 instructions: 17500106 cycles: 12650329 heartbeat IPC: 0.411 cumulative IPC: 0.7383 (Simulation time: 00 hr 01 min 27 sec)
Heartbeat CPU 0 instructions: 18000109 cycles: 14212389 heartbeat IPC: 0.3201 cumulative IPC: 0.6826 (Simulation time: 00 hr 01 min 34 sec)
Heartbeat CPU 0 instructions: 18500114 cycles: 15120025 heartbeat IPC: 0.5509 cumulative IPC: 0.6731 (Simulation time: 00 hr 01 min 38 sec)
Heartbeat CPU 0 instructions: 19000115 cycles: 15827330 heartbeat IPC: 0.7069 cumulative IPC: 0.6749 (Simulation time: 00 hr 01 min 42 sec)
Heartbeat CPU 0 instructions: 19500115 cycles: 16248910 heartbeat IPC: 1.186 cumulative IPC: 0.6906 (Simulation time: 00 hr 01 min 45 sec)
Heartbeat CPU 0 instructions: 20000115 cycles: 16726600 heartbeat IPC: 1.047 cumulative IPC: 0.7025 (Simulation time: 00 hr 01 min 47 sec)
Heartbeat CPU 0 instructions: 20500117 cycles: 17217139 heartbeat IPC: 1.019 cumulative IPC: 0.7131 (Simulation time: 00 hr 01 min 50 sec)
Heartbeat CPU 0 instructions: 21000123 cycles: 17686372 heartbeat IPC: 1.066 cumulative IPC: 0.724 (Simulation time: 00 hr 01 min 53 sec)
Heartbeat CPU 0 instructions: 21500126 cycles: 18311625 heartbeat IPC: 0.7997 cumulative IPC: 0.727 (Simulation time: 00 hr 01 min 56 sec)
Heartbeat CPU 0 instructions: 22000128 cycles: 18737867 heartbeat IPC: 1.173 cumulative IPC: 0.7387 (Simulation time: 00 hr 01 min 59 sec)
Heartbeat CPU 0 instructions: 22500129 cycles: 19168970 heartbeat IPC: 1.16 cumulative IPC: 0.7496 (Simulation time: 00 hr 02 min 01 sec)
Heartbeat CPU 0 instructions: 23000131 cycles: 19596003 heartbeat IPC: 1.171 cumulative IPC: 0.7601 (Simulation time: 00 hr 02 min 04 sec)
Heartbeat CPU 0 instructions: 23500131 cycles: 19977909 heartbeat IPC: 1.309 cumulative IPC: 0.7721 (Simulation time: 00 hr 02 min 06 sec)
Heartbeat CPU 0 instructions: 24000134 cycles: 20445046 heartbeat IPC: 1.07 cumulative IPC: 0.7798 (Simulation time: 00 hr 02 min 09 sec)
Heartbeat CPU 0 instructions: 24500135 cycles: 20857674 heartbeat IPC: 1.212 cumulative IPC: 0.7895 (Simulation time: 00 hr 02 min 11 sec)
Heartbeat CPU 0 instructions: 25000135 cycles: 21295728 heartbeat IPC: 1.141 cumulative IPC: 0.7977 (Simulation time: 00 hr 02 min 14 sec)
Heartbeat CPU 0 instructions: 25500135 cycles: 21733754 heartbeat IPC: 1.141 cumulative IPC: 0.8056 (Simulation time: 00 hr 02 min 16 sec)
Heartbeat CPU 0 instructions: 26000142 cycles: 22217720 heartbeat IPC: 1.033 cumulative IPC: 0.8111 (Simulation time: 00 hr 02 min 19 sec)
Heartbeat CPU 0 instructions: 26500142 cycles: 22678324 heartbeat IPC: 1.086 cumulative IPC: 0.8174 (Simulation time: 00 hr 02 min 22 sec)
Heartbeat CPU 0 instructions: 27000149 cycles: 23135965 heartbeat IPC: 1.093 cumulative IPC: 0.8235 (Simulation time: 00 hr 02 min 24 sec)
Heartbeat CPU 0 instructions: 27500152 cycles: 23517640 heartbeat IPC: 1.31 cumulative IPC: 0.8323 (Simulation time: 00 hr 02 min 27 sec)
Heartbeat CPU 0 instructions: 28000159 cycles: 23928835 heartbeat IPC: 1.216 cumulative IPC: 0.8397 (Simulation time: 00 hr 02 min 29 sec)
Heartbeat CPU 0 instructions: 28500162 cycles: 24354916 heartbeat IPC: 1.173 cumulative IPC: 0.8462 (Simulation time: 00 hr 02 min 31 sec)
Heartbeat CPU 0 instructions: 29000168 cycles: 24743797 heartbeat IPC: 1.286 cumulative IPC: 0.8539 (Simulation time: 00 hr 02 min 34 sec)
Heartbeat CPU 0 instructions: 29500168 cycles: 25184291 heartbeat IPC: 1.135 cumulative IPC: 0.8593 (Simulation time: 00 hr 02 min 36 sec)
Heartbeat CPU 0 instructions: 30000168 cycles: 25607499 heartbeat IPC: 1.181 cumulative IPC: 0.8652 (Simulation time: 00 hr 02 min 39 sec)
Heartbeat CPU 0 instructions: 30500174 cycles: 26036045 heartbeat IPC: 1.167 cumulative IPC: 0.8707 (Simulation time: 00 hr 02 min 41 sec)
Heartbeat CPU 0 instructions: 31000174 cycles: 26458314 heartbeat IPC: 1.184 cumulative IPC: 0.8762 (Simulation time: 00 hr 02 min 43 sec)
Heartbeat CPU 0 instructions: 31500174 cycles: 27204005 heartbeat IPC: 0.6705 cumulative IPC: 0.87 (Simulation time: 00 hr 02 min 47 sec)
Heartbeat CPU 0 instructions: 32000180 cycles: 27689245 heartbeat IPC: 1.03 cumulative IPC: 0.8731 (Simulation time: 00 hr 02 min 49 sec)
Heartbeat CPU 0 instructions: 32500187 cycles: 28102350 heartbeat IPC: 1.21 cumulative IPC: 0.8786 (Simulation time: 00 hr 02 min 52 sec)
Heartbeat CPU 0 instructions: 33000189 cycles: 28497679 heartbeat IPC: 1.265 cumulative IPC: 0.8844 (Simulation time: 00 hr 02 min 54 sec)
Heartbeat CPU 0 instructions: 33500189 cycles: 28933633 heartbeat IPC: 1.147 cumulative IPC: 0.8888 (Simulation time: 00 hr 02 min 57 sec)
Heartbeat CPU 0 instructions: 34000189 cycles: 29328534 heartbeat IPC: 1.266 cumulative IPC: 0.8943 (Simulation time: 00 hr 02 min 59 sec)
Heartbeat CPU 0 instructions: 34500195 cycles: 29745829 heartbeat IPC: 1.198 cumulative IPC: 0.899 (Simulation time: 00 hr 03 min 01 sec)
Heartbeat CPU 0 instructions: 35000200 cycles: 30158405 heartbeat IPC: 1.212 cumulative IPC: 0.9036 (Simulation time: 00 hr 03 min 04 sec)
Heartbeat CPU 0 instructions: 35500200 cycles: 30527499 heartbeat IPC: 1.355 cumulative IPC: 0.9096 (Simulation time: 00 hr 03 min 06 sec)
Heartbeat CPU 0 instructions: 36000206 cycles: 30929774 heartbeat IPC: 1.243 cumulative IPC: 0.9143 (Simulation time: 00 hr 03 min 08 sec)
Heartbeat CPU 0 instructions: 36500206 cycles: 31354182 heartbeat IPC: 1.178 cumulative IPC: 0.9182 (Simulation time: 00 hr 03 min 11 sec)
Heartbeat CPU 0 instructions: 37000208 cycles: 31751453 heartbeat IPC: 1.259 cumulative IPC: 0.9228 (Simulation time: 00 hr 03 min 13 sec)
Heartbeat CPU 0 instructions: 37500210 cycles: 32159709 heartbeat IPC: 1.225 cumulative IPC: 0.9269 (Simulation time: 00 hr 03 min 15 sec)
Heartbeat CPU 0 instructions: 38000210 cycles: 32564134 heartbeat IPC: 1.236 cumulative IPC: 0.9311 (Simulation time: 00 hr 03 min 18 sec)
Heartbeat CPU 0 instructions: 38500212 cycles: 32960629 heartbeat IPC: 1.261 cumulative IPC: 0.9354 (Simulation time: 00 hr 03 min 20 sec)
Heartbeat CPU 0 instructions: 39000212 cycles: 33399408 heartbeat IPC: 1.14 cumulative IPC: 0.9383 (Simulation time: 00 hr 03 min 23 sec)
Heartbeat CPU 0 instructions: 39500216 cycles: 33828891 heartbeat IPC: 1.164 cumulative IPC: 0.9414 (Simulation time: 00 hr 03 min 25 sec)
Heartbeat CPU 0 instructions: 40000216 cycles: 34403990 heartbeat IPC: 0.8694 cumulative IPC: 0.9401 (Simulation time: 00 hr 03 min 28 sec)
Heartbeat CPU 0 instructions: 40500223 cycles: 34866995 heartbeat IPC: 1.08 cumulative IPC: 0.9421 (Simulation time: 00 hr 03 min 31 sec)
Heartbeat CPU 0 instructions: 41000223 cycles: 35292017 heartbeat IPC: 1.176 cumulative IPC: 0.9451 (Simulation time: 00 hr 03 min 33 sec)
Heartbeat CPU 0 instructions: 41500227 cycles: 36208630 heartbeat IPC: 0.5455 cumulative IPC: 0.9343 (Simulation time: 00 hr 03 min 37 sec)
Heartbeat CPU 0 instructions: 42000234 cycles: 36650199 heartbeat IPC: 1.132 cumulative IPC: 0.9368 (Simulation time: 00 hr 03 min 40 sec)
Heartbeat CPU 0 instructions: 42500240 cycles: 37027223 heartbeat IPC: 1.326 cumulative IPC: 0.9411 (Simulation time: 00 hr 03 min 42 sec)
Heartbeat CPU 0 instructions: 43000240 cycles: 37445695 heartbeat IPC: 1.195 cumulative IPC: 0.9441 (Simulation time: 00 hr 03 min 44 sec)
Heartbeat CPU 0 instructions: 43500241 cycles: 37907497 heartbeat IPC: 1.083 cumulative IPC: 0.9459 (Simulation time: 00 hr 03 min 47 sec)
Heartbeat CPU 0 instructions: 44000244 cycles: 38316473 heartbeat IPC: 1.223 cumulative IPC: 0.9491 (Simulation time: 00 hr 03 min 49 sec)
Heartbeat CPU 0 instructions: 44500244 cycles: 38720145 heartbeat IPC: 1.239 cumulative IPC: 0.9523 (Simulation time: 00 hr 03 min 52 sec)
Heartbeat CPU 0 instructions: 45000244 cycles: 39180051 heartbeat IPC: 1.087 cumulative IPC: 0.954 (Simulation time: 00 hr 03 min 54 sec)
Heartbeat CPU 0 instructions: 45500249 cycles: 39611105 heartbeat IPC: 1.16 cumulative IPC: 0.9564 (Simulation time: 00 hr 03 min 56 sec)
Heartbeat CPU 0 instructions: 46000251 cycles: 40061775 heartbeat IPC: 1.109 cumulative IPC: 0.9582 (Simulation time: 00 hr 03 min 59 sec)
Heartbeat CPU 0 instructions: 46500251 cycles: 40433107 heartbeat IPC: 1.347 cumulative IPC: 0.962 (Simulation time: 00 hr 04 min 01 sec)
Heartbeat CPU 0 instructions: 47000255 cycles: 40870389 heartbeat IPC: 1.143 cumulative IPC: 0.9641 (Simulation time: 00 hr 04 min 04 sec)
Heartbeat CPU 0 instructions: 47500256 cycles: 41249723 heartbeat IPC: 1.318 cumulative IPC: 0.9676 (Simulation time: 00 hr 04 min 06 sec)
Heartbeat CPU 0 instructions: 48000257 cycles: 42670947 heartbeat IPC: 0.3518 cumulative IPC: 0.9458 (Simulation time: 00 hr 04 min 12 sec)
Heartbeat CPU 0 instructions: 48500258 cycles: 43616286 heartbeat IPC: 0.5289 cumulative IPC: 0.9362 (Simulation time: 00 hr 04 min 17 sec)
Heartbeat CPU 0 instructions: 49000259 cycles: 44211578 heartbeat IPC: 0.8399 cumulative IPC: 0.9348 (Simulation time: 00 hr 04 min 20 sec)
Heartbeat CPU 0 instructions: 49500259 cycles: 45082144 heartbeat IPC: 0.5743 cumulative IPC: 0.9275 (Simulation time: 00 hr 04 min 24 sec)
Heartbeat CPU 0 instructions: 50000260 cycles: 46081361 heartbeat IPC: 0.5004 cumulative IPC: 0.9177 (Simulation time: 00 hr 04 min 29 sec)
Heartbeat CPU 0 instructions: 50500260 cycles: 47014100 heartbeat IPC: 0.5361 cumulative IPC: 0.9097 (Simulation time: 00 hr 04 min 33 sec)
Heartbeat CPU 0 instructions: 51000267 cycles: 48157380 heartbeat IPC: 0.4373 cumulative IPC: 0.8978 (Simulation time: 00 hr 04 min 38 sec)
Heartbeat CPU 0 instructions: 51500268 cycles: 50000709 heartbeat IPC: 0.2712 cumulative IPC: 0.8735 (Simulation time: 00 hr 04 min 47 sec)
Heartbeat CPU 0 instructions: 52000269 cycles: 50462679 heartbeat IPC: 1.082 cumulative IPC: 0.8755 (Simulation time: 00 hr 04 min 49 sec)
Heartbeat CPU 0 instructions: 52500274 cycles: 55316189 heartbeat IPC: 0.103 cumulative IPC: 0.8046 (Simulation time: 00 hr 05 min 06 sec)
Heartbeat CPU 0 instructions: 53000274 cycles: 58808989 heartbeat IPC: 0.1432 cumulative IPC: 0.7635 (Simulation time: 00 hr 05 min 19 sec)
Heartbeat CPU 0 instructions: 53500281 cycles: 61487002 heartbeat IPC: 0.1867 cumulative IPC: 0.7374 (Simulation time: 00 hr 05 min 29 sec)
Heartbeat CPU 0 instructions: 54000282 cycles: 62711459 heartbeat IPC: 0.4083 cumulative IPC: 0.7307 (Simulation time: 00 hr 05 min 35 sec)
Heartbeat CPU 0 instructions: 54500286 cycles: 64026825 heartbeat IPC: 0.3801 cumulative IPC: 0.7232 (Simulation time: 00 hr 05 min 40 sec)
Heartbeat CPU 0 instructions: 55000286 cycles: 65147619 heartbeat IPC: 0.4461 cumulative IPC: 0.7182 (Simulation time: 00 hr 05 min 45 sec)
Heartbeat CPU 0 instructions: 55500286 cycles: 66286530 heartbeat IPC: 0.439 cumulative IPC: 0.7132 (Simulation time: 00 hr 05 min 50 sec)
Heartbeat CPU 0 instructions: 56000291 cycles: 66952893 heartbeat IPC: 0.7503 cumulative IPC: 0.7136 (Simulation time: 00 hr 05 min 54 sec)
Heartbeat CPU 0 instructions: 56500295 cycles: 67970982 heartbeat IPC: 0.4911 cumulative IPC: 0.7102 (Simulation time: 00 hr 05 min 58 sec)
Heartbeat CPU 0 instructions: 57000295 cycles: 69064192 heartbeat IPC: 0.4574 cumulative IPC: 0.706 (Simulation time: 00 hr 06 min 03 sec)
Heartbeat CPU 0 instructions: 57500295 cycles: 69944234 heartbeat IPC: 0.5682 cumulative IPC: 0.7042 (Simulation time: 00 hr 06 min 07 sec)
Heartbeat CPU 0 instructions: 58000298 cycles: 70951208 heartbeat IPC: 0.4965 cumulative IPC: 0.7012 (Simulation time: 00 hr 06 min 11 sec)
Heartbeat CPU 0 instructions: 58500300 cycles: 72190044 heartbeat IPC: 0.4036 cumulative IPC: 0.6959 (Simulation time: 00 hr 06 min 16 sec)
Heartbeat CPU 0 instructions: 59000302 cycles: 72655834 heartbeat IPC: 1.073 cumulative IPC: 0.6984 (Simulation time: 00 hr 06 min 18 sec)
Heartbeat CPU 0 instructions: 59500302 cycles: 73615322 heartbeat IPC: 0.5211 cumulative IPC: 0.696 (Simulation time: 00 hr 06 min 22 sec)
Simulation finished CPU 0 instructions: 50000002 cycles: 72129970 cumulative IPC: 0.6932 (Simulation time: 00 hr 06 min 26 sec)
Simulation complete CPU 0 instructions: 50000002 cycles: 72129970 cumulative IPC: 0.6932 (Simulation time: 00 hr 06 min 26 sec)

ChampSim completed all CPUs

=== Simulation ===
CPU 0 runs traces/charlie/charlie_0004.champsim.gz

Region of Interest Statistics

CPU 0 cumulative IPC: 0.6932 instructions: 50000002 cycles: 72129970
CPU 0 Branch Prediction Accuracy: 91.31% MPKI: 17.06 Average ROB Occupancy at Mispredict: 34.33
Branch type MPKI
BRANCH_DIRECT_JUMP: 0.3662
BRANCH_INDIRECT: 0.473
BRANCH_CONDITIONAL: 14.93
BRANCH_DIRECT_CALL: 0.1817
BRANCH_INDIRECT_CALL: 0.615
BRANCH_RETURN: 0.498

cpu0->cpu0_STLB TOTAL        ACCESS:     229068 HIT:     171998 MISS:      57070 MSHR_MERGE:          0
cpu0->cpu0_STLB LOAD         ACCESS:     229068 HIT:     171998 MISS:      57070 MSHR_MERGE:          0
cpu0->cpu0_STLB RFO          ACCESS:          0 HIT:          0 MISS:          0 MSHR_MERGE:          0
cpu0->cpu0_STLB PREFETCH     ACCESS:          0 HIT:          0 MISS:          0 MSHR_MERGE:          0
cpu0->cpu0_STLB WRITE        ACCESS:          0 HIT:          0 MISS:          0 MSHR_MERGE:          0
cpu0->cpu0_STLB TRANSLATION  ACCESS:          0 HIT:          0 MISS:          0 MSHR_MERGE:          0
cpu0->cpu0_STLB PREFETCH REQUESTED:          0 ISSUED:          0 USEFUL:          0 USELESS:          0
cpu0->cpu0_STLB AVERAGE MISS LATENCY: 246.2 cycles
cpu0->cpu0_L2C TOTAL        ACCESS:    1435768 HIT:    1014291 MISS:     421477 MSHR_MERGE:          0
cpu0->cpu0_L2C LOAD         ACCESS:     883881 HIT:     679263 MISS:     204618 MSHR_MERGE:          0
cpu0->cpu0_L2C RFO          ACCESS:     204897 HIT:      15620 MISS:     189277 MSHR_MERGE:          0
cpu0->cpu0_L2C PREFETCH     ACCESS:          0 HIT:          0 MISS:          0 MSHR_MERGE:          0
cpu0->cpu0_L2C WRITE        ACCESS:     281435 HIT:     281431 MISS:          4 MSHR_MERGE:          0
cpu0->cpu0_L2C TRANSLATION  ACCESS:      65555 HIT:      37977 MISS:      27578 MSHR_MERGE:          0
cpu0->cpu0_L2C PREFETCH REQUESTED:          0 ISSUED:          0 USEFUL:          0 USELESS:          0
cpu0->cpu0_L2C AVERAGE MISS LATENCY: 247.1 cycles
cpu0->cpu0_L1I TOTAL        ACCESS:    3423612 HIT:    2823119 MISS:     600493 MSHR_MERGE:     153119
cpu0->cpu0_L1I LOAD         ACCESS:    3423612 HIT:    2823119 MISS:     600493 MSHR_MERGE:     153119
cpu0->cpu0_L1I RFO          ACCESS:          0 HIT:          0 MISS:          0 MSHR_MERGE:          0
cpu0->cpu0_L1I PREFETCH     ACCESS:          0 HIT:          0 MISS:          0 MSHR_MERGE:          0
cpu0->cpu0_L1I WRITE        ACCESS:          0 HIT:          0 MISS:          0 MSHR_MERGE:          0
cpu0->cpu0_L1I TRANSLATION  ACCESS:          0 HIT:          0 MISS:          0 MSHR_MERGE:          0
cpu0->cpu0_L1I PREFETCH REQUESTED:          0 ISSUED:          0 USEFUL:          0 USELESS:          0
cpu0->cpu0_L1I AVERAGE MISS LATENCY: 29.62 cycles
cpu0->cpu0_L1D TOTAL        ACCESS:   14102081 HIT:   12572807 MISS:    1529274 MSHR_MERGE:     822315
cpu0->cpu0_L1D LOAD         ACCESS:    8664738 HIT:    8008912 MISS:     655826 MSHR_MERGE:     219319
cpu0->cpu0_L1D RFO          ACCESS:          0 HIT:          0 MISS:          0 MSHR_MERGE:          0
cpu0->cpu0_L1D PREFETCH     ACCESS:          0 HIT:          0 MISS:          0 MSHR_MERGE:          0
cpu0->cpu0_L1D WRITE        ACCESS:    5279092 HIT:    4472477 MISS:     806615 MSHR_MERGE:     601718
cpu0->cpu0_L1D TRANSLATION  ACCESS:     158251 HIT:      91418 MISS:      66833 MSHR_MERGE:       1278
cpu0->cpu0_L1D PREFETCH REQUESTED:          0 ISSUED:          0 USEFUL:          0 USELESS:          0
cpu0->cpu0_L1D AVERAGE MISS LATENCY: 141.8 cycles
cpu0->cpu0_ITLB TOTAL        ACCESS:    2811398 HIT:    2739890 MISS:      71508 MSHR_MERGE:      34420
cpu0->cpu0_ITLB LOAD         ACCESS:    2811398 HIT:    2739890 MISS:      71508 MSHR_MERGE:      34420
cpu0->cpu0_ITLB RFO          ACCESS:          0 HIT:          0 MISS:          0 MSHR_MERGE:          0
cpu0->cpu0_ITLB PREFETCH     ACCESS:          0 HIT:          0 MISS:          0 MSHR_MERGE:          0
cpu0->cpu0_ITLB WRITE        ACCESS:          0 HIT:          0 MISS:          0 MSHR_MERGE:          0
cpu0->cpu0_ITLB TRANSLATION  ACCESS:          0 HIT:          0 MISS:          0 MSHR_MERGE:          0
cpu0->cpu0_ITLB PREFETCH REQUESTED:          0 ISSUED:          0 USEFUL:          0 USELESS:          0
cpu0->cpu0_ITLB AVERAGE MISS LATENCY: 23.69 cycles
cpu0->cpu0_DTLB TOTAL        ACCESS:   13359181 HIT:   13014433 MISS:     344748 MSHR_MERGE:     152768
cpu0->cpu0_DTLB LOAD         ACCESS:   13359181 HIT:   13014433 MISS:     344748 MSHR_MERGE:     152768
cpu0->cpu0_DTLB RFO          ACCESS:          0 HIT:          0 MISS:          0 MSHR_MERGE:          0
cpu0->cpu0_DTLB PREFETCH     ACCESS:          0 HIT:          0 MISS:          0 MSHR_MERGE:          0
cpu0->cpu0_DTLB WRITE        ACCESS:          0 HIT:          0 MISS:          0 MSHR_MERGE:          0
cpu0->cpu0_DTLB TRANSLATION  ACCESS:          0 HIT:          0 MISS:          0 MSHR_MERGE:          0
cpu0->cpu0_DTLB PREFETCH REQUESTED:          0 ISSUED:          0 USEFUL:          0 USELESS:          0
cpu0->cpu0_DTLB AVERAGE MISS LATENCY: 74.89 cycles
cpu0->LLC TOTAL        ACCESS:     654777 HIT:      50217 MISS:     604560 MSHR_MERGE:          0
cpu0->LLC LOAD         ACCESS:     204618 HIT:      16716 MISS:     187902 MSHR_MERGE:          0
cpu0->LLC RFO          ACCESS:     189277 HIT:       3233 MISS:     186044 MSHR_MERGE:          0
cpu0->LLC PREFETCH     ACCESS:          0 HIT:          0 MISS:          0 MSHR_MERGE:          0
cpu0->LLC WRITE        ACCESS:     233304 HIT:      28058 MISS:     205246 MSHR_MERGE:          0
cpu0->LLC TRANSLATION  ACCESS:      27578 HIT:       2210 MISS:      25368 MSHR_MERGE:          0
cpu0->LLC PREFETCH REQUESTED:          0 ISSUED:          0 USEFUL:          0 USELESS:          0
cpu0->LLC AVERAGE MISS LATENCY: 162 cycles

DRAM Statistics

Channel 0 RQ ROW_BUFFER_HIT:      12995
  ROW_BUFFER_MISS:     386316
  AVG DBUS CONGESTED CYCLE: 28.85
Channel 0 WQ ROW_BUFFER_HIT:      49690
  ROW_BUFFER_MISS:     169125
  FULL:        364
Channel 0 REFRESHES ISSUED:       6011


--- STDERR ---



=== TRACE: traces/GAP/sssp-14.trace.gz ===
COMMAND: ./bin/1C.fullBW.nopref --warmup-instructions=10000000 --simulation-instructions=50000000 traces/GAP/sssp-14.trace.gz
RETURNCODE: 0

--- STDOUT ---
[VMEM] WARNING: physical memory size is smaller than virtual memory size.

*** ChampSim Multicore Out-of-Order Simulator ***
Warmup Instructions: 10000000
Simulation Instructions: 50000000
Number of CPUs: 1
Page size: 4096
Core 0: traces/GAP/sssp-14.trace.gz
Off-chip DRAM Size: 64 GiB Channels: 1 Width: 64-bit Data Rate: 4807 MT/s
Heartbeat CPU 0 instructions: 500004 cycles: 181447 heartbeat IPC: 2.756 cumulative IPC: 2.756 (Simulation time: 00 hr 00 min 02 sec)
Heartbeat CPU 0 instructions: 1000004 cycles: 358695 heartbeat IPC: 2.821 cumulative IPC: 2.788 (Simulation time: 00 hr 00 min 03 sec)
Heartbeat CPU 0 instructions: 1500006 cycles: 511785 heartbeat IPC: 3.266 cumulative IPC: 2.931 (Simulation time: 00 hr 00 min 05 sec)
Heartbeat CPU 0 instructions: 2000010 cycles: 615178 heartbeat IPC: 4.836 cumulative IPC: 3.251 (Simulation time: 00 hr 00 min 06 sec)
Heartbeat CPU 0 instructions: 2500014 cycles: 718277 heartbeat IPC: 4.85 cumulative IPC: 3.481 (Simulation time: 00 hr 00 min 07 sec)
Heartbeat CPU 0 instructions: 3000019 cycles: 824980 heartbeat IPC: 4.686 cumulative IPC: 3.636 (Simulation time: 00 hr 00 min 09 sec)
Heartbeat CPU 0 instructions: 3500021 cycles: 931643 heartbeat IPC: 4.688 cumulative IPC: 3.757 (Simulation time: 00 hr 00 min 10 sec)
Heartbeat CPU 0 instructions: 4000027 cycles: 1036863 heartbeat IPC: 4.752 cumulative IPC: 3.858 (Simulation time: 00 hr 00 min 11 sec)
Heartbeat CPU 0 instructions: 4500027 cycles: 1143687 heartbeat IPC: 4.681 cumulative IPC: 3.935 (Simulation time: 00 hr 00 min 13 sec)
Heartbeat CPU 0 instructions: 5000030 cycles: 1248757 heartbeat IPC: 4.759 cumulative IPC: 4.004 (Simulation time: 00 hr 00 min 14 sec)
Heartbeat CPU 0 instructions: 5500036 cycles: 1356777 heartbeat IPC: 4.629 cumulative IPC: 4.054 (Simulation time: 00 hr 00 min 15 sec)
Heartbeat CPU 0 instructions: 6000041 cycles: 1463644 heartbeat IPC: 4.679 cumulative IPC: 4.099 (Simulation time: 00 hr 00 min 16 sec)
Heartbeat CPU 0 instructions: 6500044 cycles: 1569651 heartbeat IPC: 4.717 cumulative IPC: 4.141 (Simulation time: 00 hr 00 min 18 sec)
Heartbeat CPU 0 instructions: 7000050 cycles: 1676173 heartbeat IPC: 4.694 cumulative IPC: 4.176 (Simulation time: 00 hr 00 min 19 sec)
Heartbeat CPU 0 instructions: 7500052 cycles: 1782523 heartbeat IPC: 4.701 cumulative IPC: 4.208 (Simulation time: 00 hr 00 min 20 sec)
Heartbeat CPU 0 instructions: 8000056 cycles: 1889223 heartbeat IPC: 4.686 cumulative IPC: 4.235 (Simulation time: 00 hr 00 min 22 sec)
Heartbeat CPU 0 instructions: 8500061 cycles: 1997906 heartbeat IPC: 4.601 cumulative IPC: 4.254 (Simulation time: 00 hr 00 min 23 sec)
Heartbeat CPU 0 instructions: 9000066 cycles: 2104601 heartbeat IPC: 4.686 cumulative IPC: 4.276 (Simulation time: 00 hr 00 min 24 sec)
Heartbeat CPU 0 instructions: 9500066 cycles: 2210964 heartbeat IPC: 4.701 cumulative IPC: 4.297 (Simulation time: 00 hr 00 min 25 sec)
Warmup finished CPU 0 instructions: 10000004 cycles: 2316995 cumulative IPC: 4.316 (Simulation time: 00 hr 00 min 26 sec)
Warmup complete CPU 0 instructions: 10000004 cycles: 2316995 cumulative IPC: 4.316 (Simulation time: 00 hr 00 min 26 sec)
Heartbeat CPU 0 instructions: 10000071 cycles: 2317010 heartbeat IPC: 4.715 cumulative IPC: 4.467 (Simulation time: 00 hr 00 min 26 sec)
Heartbeat CPU 0 instructions: 10500071 cycles: 3686912 heartbeat IPC: 0.365 cumulative IPC: 0.365 (Simulation time: 00 hr 00 min 32 sec)
Heartbeat CPU 0 instructions: 11000071 cycles: 5098053 heartbeat IPC: 0.3543 cumulative IPC: 0.3596 (Simulation time: 00 hr 00 min 38 sec)
Heartbeat CPU 0 instructions: 11500078 cycles: 6468378 heartbeat IPC: 0.3649 cumulative IPC: 0.3613 (Simulation time: 00 hr 00 min 43 sec)
Heartbeat CPU 0 instructions: 12000082 cycles: 7852115 heartbeat IPC: 0.3613 cumulative IPC: 0.3613 (Simulation time: 00 hr 00 min 48 sec)
Heartbeat CPU 0 instructions: 12500082 cycles: 9245083 heartbeat IPC: 0.3589 cumulative IPC: 0.3609 (Simulation time: 00 hr 00 min 54 sec)
Heartbeat CPU 0 instructions: 13000082 cycles: 10668753 heartbeat IPC: 0.3512 cumulative IPC: 0.3592 (Simulation time: 00 hr 00 min 59 sec)
Heartbeat CPU 0 instructions: 13500082 cycles: 12164576 heartbeat IPC: 0.3343 cumulative IPC: 0.3554 (Simulation time: 00 hr 01 min 05 sec)
Heartbeat CPU 0 instructions: 14000083 cycles: 13529339 heartbeat IPC: 0.3664 cumulative IPC: 0.3568 (Simulation time: 00 hr 01 min 11 sec)
Heartbeat CPU 0 instructions: 14500084 cycles: 14885976 heartbeat IPC: 0.3686 cumulative IPC: 0.358 (Simulation time: 00 hr 01 min 16 sec)
Heartbeat CPU 0 instructions: 15000085 cycles: 16235564 heartbeat IPC: 0.3705 cumulative IPC: 0.3592 (Simulation time: 00 hr 01 min 22 sec)
Heartbeat CPU 0 instructions: 15500089 cycles: 17582338 heartbeat IPC: 0.3713 cumulative IPC: 0.3603 (Simulation time: 00 hr 01 min 28 sec)
Heartbeat CPU 0 instructions: 16000096 cycles: 18924877 heartbeat IPC: 0.3724 cumulative IPC: 0.3613 (Simulation time: 00 hr 01 min 34 sec)
Heartbeat CPU 0 instructions: 16500097 cycles: 20271064 heartbeat IPC: 0.3714 cumulative IPC: 0.362 (Simulation time: 00 hr 01 min 40 sec)
Heartbeat CPU 0 instructions: 17000100 cycles: 21663563 heartbeat IPC: 0.3591 cumulative IPC: 0.3618 (Simulation time: 00 hr 01 min 45 sec)
Heartbeat CPU 0 instructions: 17500101 cycles: 23104529 heartbeat IPC: 0.347 cumulative IPC: 0.3608 (Simulation time: 00 hr 01 min 51 sec)
Heartbeat CPU 0 instructions: 18000106 cycles: 24624573 heartbeat IPC: 0.3289 cumulative IPC: 0.3586 (Simulation time: 00 hr 01 min 57 sec)
Heartbeat CPU 0 instructions: 18500110 cycles: 26248002 heartbeat IPC: 0.308 cumulative IPC: 0.3552 (Simulation time: 00 hr 02 min 04 sec)
Heartbeat CPU 0 instructions: 19000111 cycles: 27685569 heartbeat IPC: 0.3478 cumulative IPC: 0.3548 (Simulation time: 00 hr 02 min 10 sec)
Heartbeat CPU 0 instructions: 19500111 cycles: 28998156 heartbeat IPC: 0.3809 cumulative IPC: 0.3561 (Simulation time: 00 hr 02 min 15 sec)
Heartbeat CPU 0 instructions: 20000113 cycles: 30288856 heartbeat IPC: 0.3874 cumulative IPC: 0.3575 (Simulation time: 00 hr 02 min 20 sec)
Heartbeat CPU 0 instructions: 20500113 cycles: 31618315 heartbeat IPC: 0.3761 cumulative IPC: 0.3583 (Simulation time: 00 hr 02 min 26 sec)
Heartbeat CPU 0 instructions: 21000113 cycles: 32918086 heartbeat IPC: 0.3847 cumulative IPC: 0.3595 (Simulation time: 00 hr 02 min 31 sec)
Heartbeat CPU 0 instructions: 21500113 cycles: 34247041 heartbeat IPC: 0.3762 cumulative IPC: 0.3602 (Simulation time: 00 hr 02 min 37 sec)
Heartbeat CPU 0 instructions: 22000115 cycles: 35546161 heartbeat IPC: 0.3849 cumulative IPC: 0.3611 (Simulation time: 00 hr 02 min 42 sec)
Heartbeat CPU 0 instructions: 22500116 cycles: 36832107 heartbeat IPC: 0.3888 cumulative IPC: 0.3622 (Simulation time: 00 hr 02 min 47 sec)
Heartbeat CPU 0 instructions: 23000121 cycles: 38125942 heartbeat IPC: 0.3865 cumulative IPC: 0.363 (Simulation time: 00 hr 02 min 52 sec)
Heartbeat CPU 0 instructions: 23500122 cycles: 39426740 heartbeat IPC: 0.3844 cumulative IPC: 0.3638 (Simulation time: 00 hr 02 min 58 sec)
Heartbeat CPU 0 instructions: 24000124 cycles: 40850227 heartbeat IPC: 0.3513 cumulative IPC: 0.3633 (Simulation time: 00 hr 03 min 03 sec)
Heartbeat CPU 0 instructions: 24500127 cycles: 42155442 heartbeat IPC: 0.3831 cumulative IPC: 0.364 (Simulation time: 00 hr 03 min 08 sec)
Heartbeat CPU 0 instructions: 25000129 cycles: 43402098 heartbeat IPC: 0.4011 cumulative IPC: 0.3651 (Simulation time: 00 hr 03 min 14 sec)
Heartbeat CPU 0 instructions: 25500133 cycles: 44632184 heartbeat IPC: 0.4065 cumulative IPC: 0.3663 (Simulation time: 00 hr 03 min 19 sec)
Heartbeat CPU 0 instructions: 26000138 cycles: 45872639 heartbeat IPC: 0.4031 cumulative IPC: 0.3673 (Simulation time: 00 hr 03 min 24 sec)
Heartbeat CPU 0 instructions: 26500140 cycles: 47116818 heartbeat IPC: 0.4019 cumulative IPC: 0.3683 (Simulation time: 00 hr 03 min 29 sec)
Heartbeat CPU 0 instructions: 27000142 cycles: 48359002 heartbeat IPC: 0.4025 cumulative IPC: 0.3692 (Simulation time: 00 hr 03 min 34 sec)
Heartbeat CPU 0 instructions: 27500149 cycles: 49591283 heartbeat IPC: 0.4058 cumulative IPC: 0.3702 (Simulation time: 00 hr 03 min 39 sec)
Heartbeat CPU 0 instructions: 28000154 cycles: 50810194 heartbeat IPC: 0.4102 cumulative IPC: 0.3712 (Simulation time: 00 hr 03 min 44 sec)
Heartbeat CPU 0 instructions: 28500156 cycles: 52037367 heartbeat IPC: 0.4074 cumulative IPC: 0.3721 (Simulation time: 00 hr 03 min 49 sec)
Heartbeat CPU 0 instructions: 29000163 cycles: 53287969 heartbeat IPC: 0.3998 cumulative IPC: 0.3728 (Simulation time: 00 hr 03 min 55 sec)
Heartbeat CPU 0 instructions: 29500170 cycles: 54532760 heartbeat IPC: 0.4017 cumulative IPC: 0.3735 (Simulation time: 00 hr 04 min 00 sec)
Heartbeat CPU 0 instructions: 30000176 cycles: 55770202 heartbeat IPC: 0.4041 cumulative IPC: 0.3742 (Simulation time: 00 hr 04 min 05 sec)
Heartbeat CPU 0 instructions: 30500180 cycles: 56967204 heartbeat IPC: 0.4177 cumulative IPC: 0.3751 (Simulation time: 00 hr 04 min 10 sec)
Heartbeat CPU 0 instructions: 31000183 cycles: 58185652 heartbeat IPC: 0.4104 cumulative IPC: 0.3759 (Simulation time: 00 hr 04 min 15 sec)
Heartbeat CPU 0 instructions: 31500184 cycles: 59352404 heartbeat IPC: 0.4285 cumulative IPC: 0.377 (Simulation time: 00 hr 04 min 20 sec)
Heartbeat CPU 0 instructions: 32000186 cycles: 60533787 heartbeat IPC: 0.4232 cumulative IPC: 0.3779 (Simulation time: 00 hr 04 min 25 sec)
Heartbeat CPU 0 instructions: 32500192 cycles: 61748412 heartbeat IPC: 0.4117 cumulative IPC: 0.3786 (Simulation time: 00 hr 04 min 30 sec)
Heartbeat CPU 0 instructions: 33000197 cycles: 63090738 heartbeat IPC: 0.3725 cumulative IPC: 0.3785 (Simulation time: 00 hr 04 min 35 sec)
Heartbeat CPU 0 instructions: 33500199 cycles: 64314204 heartbeat IPC: 0.4087 cumulative IPC: 0.3791 (Simulation time: 00 hr 04 min 41 sec)
Heartbeat CPU 0 instructions: 34000201 cycles: 65535347 heartbeat IPC: 0.4095 cumulative IPC: 0.3796 (Simulation time: 00 hr 04 min 46 sec)
Heartbeat CPU 0 instructions: 34500202 cycles: 66743879 heartbeat IPC: 0.4137 cumulative IPC: 0.3803 (Simulation time: 00 hr 04 min 51 sec)
Heartbeat CPU 0 instructions: 35000207 cycles: 67912237 heartbeat IPC: 0.428 cumulative IPC: 0.3811 (Simulation time: 00 hr 04 min 56 sec)
Heartbeat CPU 0 instructions: 35500213 cycles: 69107416 heartbeat IPC: 0.4184 cumulative IPC: 0.3818 (Simulation time: 00 hr 05 min 01 sec)
Heartbeat CPU 0 instructions: 36000215 cycles: 70408585 heartbeat IPC: 0.3843 cumulative IPC: 0.3818 (Simulation time: 00 hr 05 min 06 sec)
Heartbeat CPU 0 instructions: 36500215 cycles: 71614013 heartbeat IPC: 0.4148 cumulative IPC: 0.3824 (Simulation time: 00 hr 05 min 11 sec)
Heartbeat CPU 0 instructions: 37000215 cycles: 72778905 heartbeat IPC: 0.4292 cumulative IPC: 0.3832 (Simulation time: 00 hr 05 min 17 sec)
Heartbeat CPU 0 instructions: 37500215 cycles: 73931499 heartbeat IPC: 0.4338 cumulative IPC: 0.384 (Simulation time: 00 hr 05 min 22 sec)
Heartbeat CPU 0 instructions: 38000216 cycles: 75115347 heartbeat IPC: 0.4224 cumulative IPC: 0.3846 (Simulation time: 00 hr 05 min 27 sec)
Heartbeat CPU 0 instructions: 38500221 cycles: 76257246 heartbeat IPC: 0.4379 cumulative IPC: 0.3854 (Simulation time: 00 hr 05 min 32 sec)
Heartbeat CPU 0 instructions: 39000222 cycles: 77429086 heartbeat IPC: 0.4267 cumulative IPC: 0.3861 (Simulation time: 00 hr 05 min 37 sec)
Heartbeat CPU 0 instructions: 39500229 cycles: 78596167 heartbeat IPC: 0.4284 cumulative IPC: 0.3867 (Simulation time: 00 hr 05 min 42 sec)
Heartbeat CPU 0 instructions: 40000229 cycles: 79733293 heartbeat IPC: 0.4397 cumulative IPC: 0.3875 (Simulation time: 00 hr 05 min 47 sec)
Heartbeat CPU 0 instructions: 40500230 cycles: 80867625 heartbeat IPC: 0.4408 cumulative IPC: 0.3883 (Simulation time: 00 hr 05 min 52 sec)
Heartbeat CPU 0 instructions: 41000231 cycles: 82033054 heartbeat IPC: 0.429 cumulative IPC: 0.3889 (Simulation time: 00 hr 05 min 57 sec)
Heartbeat CPU 0 instructions: 41500234 cycles: 83146978 heartbeat IPC: 0.4489 cumulative IPC: 0.3897 (Simulation time: 00 hr 06 min 01 sec)
Heartbeat CPU 0 instructions: 42000238 cycles: 84304307 heartbeat IPC: 0.432 cumulative IPC: 0.3903 (Simulation time: 00 hr 06 min 06 sec)
Heartbeat CPU 0 instructions: 42500242 cycles: 85472629 heartbeat IPC: 0.428 cumulative IPC: 0.3908 (Simulation time: 00 hr 06 min 11 sec)
Heartbeat CPU 0 instructions: 43000248 cycles: 86618576 heartbeat IPC: 0.4363 cumulative IPC: 0.3915 (Simulation time: 00 hr 06 min 16 sec)
Heartbeat CPU 0 instructions: 43500252 cycles: 87770560 heartbeat IPC: 0.434 cumulative IPC: 0.392 (Simulation time: 00 hr 06 min 21 sec)
Heartbeat CPU 0 instructions: 44000252 cycles: 88909436 heartbeat IPC: 0.439 cumulative IPC: 0.3926 (Simulation time: 00 hr 06 min 26 sec)
Heartbeat CPU 0 instructions: 44500253 cycles: 90046766 heartbeat IPC: 0.4396 cumulative IPC: 0.3933 (Simulation time: 00 hr 06 min 31 sec)
Heartbeat CPU 0 instructions: 45000257 cycles: 91185551 heartbeat IPC: 0.4391 cumulative IPC: 0.3938 (Simulation time: 00 hr 06 min 36 sec)
Heartbeat CPU 0 instructions: 45500261 cycles: 92327891 heartbeat IPC: 0.4377 cumulative IPC: 0.3944 (Simulation time: 00 hr 06 min 40 sec)
Heartbeat CPU 0 instructions: 46000267 cycles: 93472448 heartbeat IPC: 0.4369 cumulative IPC: 0.3949 (Simulation time: 00 hr 06 min 45 sec)
Heartbeat CPU 0 instructions: 46500268 cycles: 94618027 heartbeat IPC: 0.4365 cumulative IPC: 0.3954 (Simulation time: 00 hr 06 min 50 sec)
Heartbeat CPU 0 instructions: 47000269 cycles: 95745230 heartbeat IPC: 0.4436 cumulative IPC: 0.396 (Simulation time: 00 hr 06 min 55 sec)
Heartbeat CPU 0 instructions: 47500275 cycles: 96842398 heartbeat IPC: 0.4557 cumulative IPC: 0.3967 (Simulation time: 00 hr 06 min 59 sec)
Heartbeat CPU 0 instructions: 48000275 cycles: 97972824 heartbeat IPC: 0.4423 cumulative IPC: 0.3973 (Simulation time: 00 hr 07 min 04 sec)
Heartbeat CPU 0 instructions: 48500277 cycles: 99104693 heartbeat IPC: 0.4417 cumulative IPC: 0.3978 (Simulation time: 00 hr 07 min 09 sec)
Heartbeat CPU 0 instructions: 49000277 cycles: 100197678 heartbeat IPC: 0.4575 cumulative IPC: 0.3984 (Simulation time: 00 hr 07 min 13 sec)
Heartbeat CPU 0 instructions: 49500283 cycles: 101293964 heartbeat IPC: 0.4561 cumulative IPC: 0.3991 (Simulation time: 00 hr 07 min 18 sec)
Heartbeat CPU 0 instructions: 50000286 cycles: 102373527 heartbeat IPC: 0.4632 cumulative IPC: 0.3998 (Simulation time: 00 hr 07 min 23 sec)
Heartbeat CPU 0 instructions: 50500288 cycles: 103486244 heartbeat IPC: 0.4494 cumulative IPC: 0.4003 (Simulation time: 00 hr 07 min 27 sec)
Heartbeat CPU 0 instructions: 51000288 cycles: 104590624 heartbeat IPC: 0.4527 cumulative IPC: 0.4009 (Simulation time: 00 hr 07 min 32 sec)
Heartbeat CPU 0 instructions: 51500293 cycles: 105671528 heartbeat IPC: 0.4626 cumulative IPC: 0.4015 (Simulation time: 00 hr 07 min 36 sec)
Heartbeat CPU 0 instructions: 52000297 cycles: 106757362 heartbeat IPC: 0.4605 cumulative IPC: 0.4021 (Simulation time: 00 hr 07 min 41 sec)
Heartbeat CPU 0 instructions: 52500298 cycles: 107823335 heartbeat IPC: 0.4691 cumulative IPC: 0.4028 (Simulation time: 00 hr 07 min 46 sec)
Heartbeat CPU 0 instructions: 53000301 cycles: 108920200 heartbeat IPC: 0.4558 cumulative IPC: 0.4034 (Simulation time: 00 hr 07 min 50 sec)
Heartbeat CPU 0 instructions: 53500303 cycles: 110067246 heartbeat IPC: 0.4359 cumulative IPC: 0.4037 (Simulation time: 00 hr 07 min 55 sec)
Heartbeat CPU 0 instructions: 54000306 cycles: 111269982 heartbeat IPC: 0.4157 cumulative IPC: 0.4038 (Simulation time: 00 hr 08 min 00 sec)
Heartbeat CPU 0 instructions: 54500312 cycles: 112465127 heartbeat IPC: 0.4184 cumulative IPC: 0.404 (Simulation time: 00 hr 08 min 05 sec)
Heartbeat CPU 0 instructions: 55000319 cycles: 113625790 heartbeat IPC: 0.4308 cumulative IPC: 0.4043 (Simulation time: 00 hr 08 min 09 sec)
Heartbeat CPU 0 instructions: 55500326 cycles: 114704615 heartbeat IPC: 0.4635 cumulative IPC: 0.4049 (Simulation time: 00 hr 08 min 14 sec)
Heartbeat CPU 0 instructions: 56000328 cycles: 115770237 heartbeat IPC: 0.4692 cumulative IPC: 0.4055 (Simulation time: 00 hr 08 min 19 sec)
Heartbeat CPU 0 instructions: 56500328 cycles: 116836965 heartbeat IPC: 0.4687 cumulative IPC: 0.406 (Simulation time: 00 hr 08 min 23 sec)
Heartbeat CPU 0 instructions: 57000328 cycles: 117910747 heartbeat IPC: 0.4656 cumulative IPC: 0.4066 (Simulation time: 00 hr 08 min 28 sec)
Heartbeat CPU 0 instructions: 57500329 cycles: 119002523 heartbeat IPC: 0.458 cumulative IPC: 0.4071 (Simulation time: 00 hr 08 min 32 sec)
Heartbeat CPU 0 instructions: 58000334 cycles: 120216705 heartbeat IPC: 0.4118 cumulative IPC: 0.4071 (Simulation time: 00 hr 08 min 37 sec)
Heartbeat CPU 0 instructions: 58500334 cycles: 121324762 heartbeat IPC: 0.4512 cumulative IPC: 0.4075 (Simulation time: 00 hr 08 min 42 sec)
Heartbeat CPU 0 instructions: 59000338 cycles: 122380980 heartbeat IPC: 0.4734 cumulative IPC: 0.4081 (Simulation time: 00 hr 08 min 46 sec)
Heartbeat CPU 0 instructions: 59500338 cycles: 123493627 heartbeat IPC: 0.4494 cumulative IPC: 0.4085 (Simulation time: 00 hr 08 min 51 sec)
Simulation finished CPU 0 instructions: 50000002 cycles: 122350025 cumulative IPC: 0.4087 (Simulation time: 00 hr 08 min 56 sec)
Simulation complete CPU 0 instructions: 50000002 cycles: 122350025 cumulative IPC: 0.4087 (Simulation time: 00 hr 08 min 56 sec)

ChampSim completed all CPUs

=== Simulation ===
CPU 0 runs traces/GAP/sssp-14.trace.gz

Region of Interest Statistics

CPU 0 cumulative IPC: 0.4087 instructions: 50000002 cycles: 122350025
CPU 0 Branch Prediction Accuracy: 94.07% MPKI: 8.732 Average ROB Occupancy at Mispredict: 57.94
Branch type MPKI
BRANCH_DIRECT_JUMP: 6e-05
BRANCH_INDIRECT: 0
BRANCH_CONDITIONAL: 8.732
BRANCH_DIRECT_CALL: 0
BRANCH_INDIRECT_CALL: 0
BRANCH_RETURN: 0

cpu0->cpu0_STLB TOTAL        ACCESS:     928937 HIT:     918607 MISS:      10330 MSHR_MERGE:          0
cpu0->cpu0_STLB LOAD         ACCESS:     928937 HIT:     918607 MISS:      10330 MSHR_MERGE:          0
cpu0->cpu0_STLB RFO          ACCESS:          0 HIT:          0 MISS:          0 MSHR_MERGE:          0
cpu0->cpu0_STLB PREFETCH     ACCESS:          0 HIT:          0 MISS:          0 MSHR_MERGE:          0
cpu0->cpu0_STLB WRITE        ACCESS:          0 HIT:          0 MISS:          0 MSHR_MERGE:          0
cpu0->cpu0_STLB TRANSLATION  ACCESS:          0 HIT:          0 MISS:          0 MSHR_MERGE:          0
cpu0->cpu0_STLB PREFETCH REQUESTED:          0 ISSUED:          0 USEFUL:          0 USELESS:          0
cpu0->cpu0_STLB AVERAGE MISS LATENCY: 264.7 cycles
cpu0->cpu0_L2C TOTAL        ACCESS:    3293138 HIT:    2213719 MISS:    1079419 MSHR_MERGE:          0
cpu0->cpu0_L2C LOAD         ACCESS:    2251150 HIT:    1229158 MISS:    1021992 MSHR_MERGE:          0
cpu0->cpu0_L2C RFO          ACCESS:     272193 HIT:     220121 MISS:      52072 MSHR_MERGE:          0
cpu0->cpu0_L2C PREFETCH     ACCESS:          0 HIT:          0 MISS:          0 MSHR_MERGE:          0
cpu0->cpu0_L2C WRITE        ACCESS:     761524 HIT:     761414 MISS:        110 MSHR_MERGE:          0
cpu0->cpu0_L2C TRANSLATION  ACCESS:       8271 HIT:       3026 MISS:       5245 MSHR_MERGE:          0
cpu0->cpu0_L2C PREFETCH REQUESTED:          0 ISSUED:          0 USEFUL:          0 USELESS:          0
cpu0->cpu0_L2C AVERAGE MISS LATENCY: 137.1 cycles
cpu0->cpu0_L1I TOTAL        ACCESS:    2025283 HIT:    2025282 MISS:          1 MSHR_MERGE:          0
cpu0->cpu0_L1I LOAD         ACCESS:    2025283 HIT:    2025282 MISS:          1 MSHR_MERGE:          0
cpu0->cpu0_L1I RFO          ACCESS:          0 HIT:          0 MISS:          0 MSHR_MERGE:          0
cpu0->cpu0_L1I PREFETCH     ACCESS:          0 HIT:          0 MISS:          0 MSHR_MERGE:          0
cpu0->cpu0_L1I WRITE        ACCESS:          0 HIT:          0 MISS:          0 MSHR_MERGE:          0
cpu0->cpu0_L1I TRANSLATION  ACCESS:          0 HIT:          0 MISS:          0 MSHR_MERGE:          0
cpu0->cpu0_L1I PREFETCH REQUESTED:          0 ISSUED:          0 USEFUL:          0 USELESS:          0
cpu0->cpu0_L1I AVERAGE MISS LATENCY: 235 cycles
cpu0->cpu0_L1D TOTAL        ACCESS:   14460334 HIT:   10603297 MISS:    3857037 MSHR_MERGE:    1325424
cpu0->cpu0_L1D LOAD         ACCESS:   12977912 HIT:    9514848 MISS:    3463064 MSHR_MERGE:    1211915
cpu0->cpu0_L1D RFO          ACCESS:          0 HIT:          0 MISS:          0 MSHR_MERGE:          0
cpu0->cpu0_L1D PREFETCH     ACCESS:          0 HIT:          0 MISS:          0 MSHR_MERGE:          0
cpu0->cpu0_L1D WRITE        ACCESS:    1460633 HIT:    1074988 MISS:     385645 MSHR_MERGE:     113452
cpu0->cpu0_L1D TRANSLATION  ACCESS:      21789 HIT:      13461 MISS:       8328 MSHR_MERGE:         57
cpu0->cpu0_L1D PREFETCH REQUESTED:          0 ISSUED:          0 USEFUL:          0 USELESS:          0
cpu0->cpu0_L1D AVERAGE MISS LATENCY: 67.12 cycles
cpu0->cpu0_ITLB TOTAL        ACCESS:    2022309 HIT:    2022309 MISS:          0 MSHR_MERGE:          0
cpu0->cpu0_ITLB LOAD         ACCESS:    2022309 HIT:    2022309 MISS:          0 MSHR_MERGE:          0
cpu0->cpu0_ITLB RFO          ACCESS:          0 HIT:          0 MISS:          0 MSHR_MERGE:          0
cpu0->cpu0_ITLB PREFETCH     ACCESS:          0 HIT:          0 MISS:          0 MSHR_MERGE:          0
cpu0->cpu0_ITLB WRITE        ACCESS:          0 HIT:          0 MISS:          0 MSHR_MERGE:          0
cpu0->cpu0_ITLB TRANSLATION  ACCESS:          0 HIT:          0 MISS:          0 MSHR_MERGE:          0
cpu0->cpu0_ITLB PREFETCH REQUESTED:          0 ISSUED:          0 USEFUL:          0 USELESS:          0
cpu0->cpu0_ITLB AVERAGE MISS LATENCY: - cycles
cpu0->cpu0_DTLB TOTAL        ACCESS:   14358713 HIT:   13097746 MISS:    1260967 MSHR_MERGE:     332030
cpu0->cpu0_DTLB LOAD         ACCESS:   14358713 HIT:   13097746 MISS:    1260967 MSHR_MERGE:     332030
cpu0->cpu0_DTLB RFO          ACCESS:          0 HIT:          0 MISS:          0 MSHR_MERGE:          0
cpu0->cpu0_DTLB PREFETCH     ACCESS:          0 HIT:          0 MISS:          0 MSHR_MERGE:          0
cpu0->cpu0_DTLB WRITE        ACCESS:          0 HIT:          0 MISS:          0 MSHR_MERGE:          0
cpu0->cpu0_DTLB TRANSLATION  ACCESS:          0 HIT:          0 MISS:          0 MSHR_MERGE:          0
cpu0->cpu0_DTLB PREFETCH REQUESTED:          0 ISSUED:          0 USEFUL:          0 USELESS:          0
cpu0->cpu0_DTLB AVERAGE MISS LATENCY: 7.971 cycles
cpu0->LLC TOTAL        ACCESS:    1492079 HIT:     726866 MISS:     765213 MSHR_MERGE:          0
cpu0->LLC LOAD         ACCESS:    1021992 HIT:     491326 MISS:     530666 MSHR_MERGE:          0
cpu0->LLC RFO          ACCESS:      52072 HIT:       3073 MISS:      48999 MSHR_MERGE:          0
cpu0->LLC PREFETCH     ACCESS:          0 HIT:          0 MISS:          0 MSHR_MERGE:          0
cpu0->LLC WRITE        ACCESS:     412770 HIT:     232304 MISS:     180466 MSHR_MERGE:          0
cpu0->LLC TRANSLATION  ACCESS:       5245 HIT:        163 MISS:       5082 MSHR_MERGE:          0
cpu0->LLC PREFETCH REQUESTED:          0 ISSUED:          0 USEFUL:          0 USELESS:          0
cpu0->LLC AVERAGE MISS LATENCY: 165.6 cycles

DRAM Statistics

Channel 0 RQ ROW_BUFFER_HIT:       7474
  ROW_BUFFER_MISS:     577247
  AVG DBUS CONGESTED CYCLE: 34.52
Channel 0 WQ ROW_BUFFER_HIT:      60028
  ROW_BUFFER_MISS:     150435
  FULL:          0
Channel 0 REFRESHES ISSUED:      10195


--- STDERR ---



=== TRACE: traces/GAP/sssp-10.trace.gz ===
COMMAND: ./bin/1C.fullBW.nopref --warmup-instructions=10000000 --simulation-instructions=50000000 traces/GAP/sssp-10.trace.gz
RETURNCODE: 0

--- STDOUT ---
[VMEM] WARNING: physical memory size is smaller than virtual memory size.

*** ChampSim Multicore Out-of-Order Simulator ***
Warmup Instructions: 10000000
Simulation Instructions: 50000000
Number of CPUs: 1
Page size: 4096
Core 0: traces/GAP/sssp-10.trace.gz
Off-chip DRAM Size: 64 GiB Channels: 1 Width: 64-bit Data Rate: 4807 MT/s
Heartbeat CPU 0 instructions: 500004 cycles: 182232 heartbeat IPC: 2.744 cumulative IPC: 2.744 (Simulation time: 00 hr 00 min 02 sec)
Heartbeat CPU 0 instructions: 1000004 cycles: 359486 heartbeat IPC: 2.821 cumulative IPC: 2.782 (Simulation time: 00 hr 00 min 03 sec)
Heartbeat CPU 0 instructions: 1500011 cycles: 511478 heartbeat IPC: 3.29 cumulative IPC: 2.933 (Simulation time: 00 hr 00 min 05 sec)
Heartbeat CPU 0 instructions: 2000015 cycles: 613366 heartbeat IPC: 4.907 cumulative IPC: 3.261 (Simulation time: 00 hr 00 min 06 sec)
Heartbeat CPU 0 instructions: 2500017 cycles: 718439 heartbeat IPC: 4.759 cumulative IPC: 3.48 (Simulation time: 00 hr 00 min 07 sec)
Heartbeat CPU 0 instructions: 3000022 cycles: 826121 heartbeat IPC: 4.643 cumulative IPC: 3.631 (Simulation time: 00 hr 00 min 09 sec)
Heartbeat CPU 0 instructions: 3500025 cycles: 932415 heartbeat IPC: 4.704 cumulative IPC: 3.754 (Simulation time: 00 hr 00 min 10 sec)
Heartbeat CPU 0 instructions: 4000025 cycles: 1039006 heartbeat IPC: 4.691 cumulative IPC: 3.85 (Simulation time: 00 hr 00 min 11 sec)
Heartbeat CPU 0 instructions: 4500030 cycles: 1147686 heartbeat IPC: 4.601 cumulative IPC: 3.921 (Simulation time: 00 hr 00 min 13 sec)
Heartbeat CPU 0 instructions: 5000034 cycles: 1253453 heartbeat IPC: 4.727 cumulative IPC: 3.989 (Simulation time: 00 hr 00 min 14 sec)
Heartbeat CPU 0 instructions: 5500035 cycles: 1360245 heartbeat IPC: 4.682 cumulative IPC: 4.043 (Simulation time: 00 hr 00 min 15 sec)
Heartbeat CPU 0 instructions: 6000035 cycles: 1467634 heartbeat IPC: 4.656 cumulative IPC: 4.088 (Simulation time: 00 hr 00 min 16 sec)
Heartbeat CPU 0 instructions: 6500040 cycles: 1573870 heartbeat IPC: 4.707 cumulative IPC: 4.13 (Simulation time: 00 hr 00 min 18 sec)
Heartbeat CPU 0 instructions: 7000042 cycles: 1683733 heartbeat IPC: 4.551 cumulative IPC: 4.157 (Simulation time: 00 hr 00 min 19 sec)
Heartbeat CPU 0 instructions: 7500047 cycles: 1791231 heartbeat IPC: 4.651 cumulative IPC: 4.187 (Simulation time: 00 hr 00 min 20 sec)
Heartbeat CPU 0 instructions: 8000054 cycles: 1897947 heartbeat IPC: 4.685 cumulative IPC: 4.215 (Simulation time: 00 hr 00 min 22 sec)
Heartbeat CPU 0 instructions: 8500054 cycles: 2002825 heartbeat IPC: 4.767 cumulative IPC: 4.244 (Simulation time: 00 hr 00 min 23 sec)
Heartbeat CPU 0 instructions: 9000061 cycles: 2107630 heartbeat IPC: 4.771 cumulative IPC: 4.27 (Simulation time: 00 hr 00 min 24 sec)
Heartbeat CPU 0 instructions: 9500063 cycles: 2214242 heartbeat IPC: 4.69 cumulative IPC: 4.29 (Simulation time: 00 hr 00 min 25 sec)
Warmup finished CPU 0 instructions: 10000001 cycles: 2319553 cumulative IPC: 4.311 (Simulation time: 00 hr 00 min 26 sec)
Warmup complete CPU 0 instructions: 10000001 cycles: 2319553 cumulative IPC: 4.311 (Simulation time: 00 hr 00 min 26 sec)
Heartbeat CPU 0 instructions: 10000063 cycles: 2319577 heartbeat IPC: 4.747 cumulative IPC: 2.583 (Simulation time: 00 hr 00 min 26 sec)
Heartbeat CPU 0 instructions: 10500064 cycles: 3709906 heartbeat IPC: 0.3596 cumulative IPC: 0.3597 (Simulation time: 00 hr 00 min 32 sec)
Heartbeat CPU 0 instructions: 11000064 cycles: 5093736 heartbeat IPC: 0.3613 cumulative IPC: 0.3605 (Simulation time: 00 hr 00 min 38 sec)
Heartbeat CPU 0 instructions: 11500069 cycles: 6517956 heartbeat IPC: 0.3511 cumulative IPC: 0.3573 (Simulation time: 00 hr 00 min 43 sec)
Heartbeat CPU 0 instructions: 12000070 cycles: 7961966 heartbeat IPC: 0.3463 cumulative IPC: 0.3545 (Simulation time: 00 hr 00 min 49 sec)
Heartbeat CPU 0 instructions: 12500072 cycles: 9379671 heartbeat IPC: 0.3527 cumulative IPC: 0.3541 (Simulation time: 00 hr 00 min 54 sec)
Heartbeat CPU 0 instructions: 13000077 cycles: 10778213 heartbeat IPC: 0.3575 cumulative IPC: 0.3547 (Simulation time: 00 hr 01 min 00 sec)
Heartbeat CPU 0 instructions: 13500082 cycles: 12235986 heartbeat IPC: 0.343 cumulative IPC: 0.353 (Simulation time: 00 hr 01 min 06 sec)
Heartbeat CPU 0 instructions: 14000089 cycles: 13703478 heartbeat IPC: 0.3407 cumulative IPC: 0.3514 (Simulation time: 00 hr 01 min 12 sec)
Heartbeat CPU 0 instructions: 14500090 cycles: 15100450 heartbeat IPC: 0.3579 cumulative IPC: 0.3521 (Simulation time: 00 hr 01 min 18 sec)
Heartbeat CPU 0 instructions: 15000090 cycles: 16587562 heartbeat IPC: 0.3362 cumulative IPC: 0.3504 (Simulation time: 00 hr 01 min 24 sec)
Heartbeat CPU 0 instructions: 15500090 cycles: 18016165 heartbeat IPC: 0.35 cumulative IPC: 0.3504 (Simulation time: 00 hr 01 min 30 sec)
Heartbeat CPU 0 instructions: 16000093 cycles: 19371068 heartbeat IPC: 0.369 cumulative IPC: 0.3519 (Simulation time: 00 hr 01 min 36 sec)
Heartbeat CPU 0 instructions: 16500093 cycles: 20705557 heartbeat IPC: 0.3747 cumulative IPC: 0.3535 (Simulation time: 00 hr 01 min 41 sec)
Heartbeat CPU 0 instructions: 17000093 cycles: 22062146 heartbeat IPC: 0.3686 cumulative IPC: 0.3546 (Simulation time: 00 hr 01 min 47 sec)
Heartbeat CPU 0 instructions: 17500093 cycles: 23393496 heartbeat IPC: 0.3756 cumulative IPC: 0.3559 (Simulation time: 00 hr 01 min 52 sec)
Heartbeat CPU 0 instructions: 18000095 cycles: 24690733 heartbeat IPC: 0.3854 cumulative IPC: 0.3576 (Simulation time: 00 hr 01 min 58 sec)
Heartbeat CPU 0 instructions: 18500098 cycles: 25996404 heartbeat IPC: 0.3829 cumulative IPC: 0.359 (Simulation time: 00 hr 02 min 04 sec)
Heartbeat CPU 0 instructions: 19000099 cycles: 27312787 heartbeat IPC: 0.3798 cumulative IPC: 0.3601 (Simulation time: 00 hr 02 min 09 sec)
Heartbeat CPU 0 instructions: 19500101 cycles: 28628561 heartbeat IPC: 0.38 cumulative IPC: 0.3611 (Simulation time: 00 hr 02 min 14 sec)
Heartbeat CPU 0 instructions: 20000108 cycles: 29949561 heartbeat IPC: 0.3785 cumulative IPC: 0.3619 (Simulation time: 00 hr 02 min 20 sec)
Heartbeat CPU 0 instructions: 20500108 cycles: 31255211 heartbeat IPC: 0.383 cumulative IPC: 0.3629 (Simulation time: 00 hr 02 min 25 sec)
Heartbeat CPU 0 instructions: 21000109 cycles: 32589546 heartbeat IPC: 0.3747 cumulative IPC: 0.3634 (Simulation time: 00 hr 02 min 31 sec)
Heartbeat CPU 0 instructions: 21500110 cycles: 33862530 heartbeat IPC: 0.3928 cumulative IPC: 0.3646 (Simulation time: 00 hr 02 min 36 sec)
Heartbeat CPU 0 instructions: 22000116 cycles: 35167797 heartbeat IPC: 0.3831 cumulative IPC: 0.3653 (Simulation time: 00 hr 02 min 41 sec)
Heartbeat CPU 0 instructions: 22500117 cycles: 36455412 heartbeat IPC: 0.3883 cumulative IPC: 0.3662 (Simulation time: 00 hr 02 min 46 sec)
Heartbeat CPU 0 instructions: 23000120 cycles: 37739495 heartbeat IPC: 0.3894 cumulative IPC: 0.367 (Simulation time: 00 hr 02 min 51 sec)
Heartbeat CPU 0 instructions: 23500122 cycles: 38999158 heartbeat IPC: 0.3969 cumulative IPC: 0.3681 (Simulation time: 00 hr 02 min 57 sec)
Heartbeat CPU 0 instructions: 24000123 cycles: 40262481 heartbeat IPC: 0.3958 cumulative IPC: 0.369 (Simulation time: 00 hr 03 min 02 sec)
Heartbeat CPU 0 instructions: 24500126 cycles: 41512544 heartbeat IPC: 0.4 cumulative IPC: 0.37 (Simulation time: 00 hr 03 min 07 sec)
Heartbeat CPU 0 instructions: 25000127 cycles: 42827764 heartbeat IPC: 0.3802 cumulative IPC: 0.3703 (Simulation time: 00 hr 03 min 12 sec)
Heartbeat CPU 0 instructions: 25500129 cycles: 44257833 heartbeat IPC: 0.3496 cumulative IPC: 0.3696 (Simulation time: 00 hr 03 min 18 sec)
Heartbeat CPU 0 instructions: 26000129 cycles: 45522851 heartbeat IPC: 0.3953 cumulative IPC: 0.3703 (Simulation time: 00 hr 03 min 23 sec)
Heartbeat CPU 0 instructions: 26500130 cycles: 46790514 heartbeat IPC: 0.3944 cumulative IPC: 0.371 (Simulation time: 00 hr 03 min 28 sec)
Heartbeat CPU 0 instructions: 27000137 cycles: 48046558 heartbeat IPC: 0.3981 cumulative IPC: 0.3718 (Simulation time: 00 hr 03 min 34 sec)
Heartbeat CPU 0 instructions: 27500141 cycles: 49314765 heartbeat IPC: 0.3943 cumulative IPC: 0.3724 (Simulation time: 00 hr 03 min 39 sec)
Heartbeat CPU 0 instructions: 28000142 cycles: 50705625 heartbeat IPC: 0.3595 cumulative IPC: 0.372 (Simulation time: 00 hr 03 min 44 sec)
Heartbeat CPU 0 instructions: 28500143 cycles: 51962044 heartbeat IPC: 0.398 cumulative IPC: 0.3727 (Simulation time: 00 hr 03 min 50 sec)
Heartbeat CPU 0 instructions: 29000143 cycles: 53168982 heartbeat IPC: 0.4143 cumulative IPC: 0.3737 (Simulation time: 00 hr 03 min 55 sec)
Heartbeat CPU 0 instructions: 29500143 cycles: 54418129 heartbeat IPC: 0.4003 cumulative IPC: 0.3743 (Simulation time: 00 hr 04 min 00 sec)
Heartbeat CPU 0 instructions: 30000143 cycles: 55653444 heartbeat IPC: 0.4048 cumulative IPC: 0.375 (Simulation time: 00 hr 04 min 05 sec)
Heartbeat CPU 0 instructions: 30500143 cycles: 56846479 heartbeat IPC: 0.4191 cumulative IPC: 0.376 (Simulation time: 00 hr 04 min 10 sec)
Heartbeat CPU 0 instructions: 31000147 cycles: 58169897 heartbeat IPC: 0.3778 cumulative IPC: 0.376 (Simulation time: 00 hr 04 min 15 sec)
Heartbeat CPU 0 instructions: 31500148 cycles: 59450333 heartbeat IPC: 0.3905 cumulative IPC: 0.3763 (Simulation time: 00 hr 04 min 21 sec)
Heartbeat CPU 0 instructions: 32000150 cycles: 60659008 heartbeat IPC: 0.4137 cumulative IPC: 0.3771 (Simulation time: 00 hr 04 min 26 sec)
Heartbeat CPU 0 instructions: 32500151 cycles: 61861698 heartbeat IPC: 0.4157 cumulative IPC: 0.3779 (Simulation time: 00 hr 04 min 31 sec)
Heartbeat CPU 0 instructions: 33000153 cycles: 63042120 heartbeat IPC: 0.4236 cumulative IPC: 0.3788 (Simulation time: 00 hr 04 min 36 sec)
Heartbeat CPU 0 instructions: 33500153 cycles: 64248681 heartbeat IPC: 0.4144 cumulative IPC: 0.3795 (Simulation time: 00 hr 04 min 41 sec)
Heartbeat CPU 0 instructions: 34000154 cycles: 65409731 heartbeat IPC: 0.4306 cumulative IPC: 0.3804 (Simulation time: 00 hr 04 min 46 sec)
Heartbeat CPU 0 instructions: 34500160 cycles: 66590995 heartbeat IPC: 0.4233 cumulative IPC: 0.3812 (Simulation time: 00 hr 04 min 51 sec)
Heartbeat CPU 0 instructions: 35000160 cycles: 67793699 heartbeat IPC: 0.4157 cumulative IPC: 0.3818 (Simulation time: 00 hr 04 min 57 sec)
Heartbeat CPU 0 instructions: 35500161 cycles: 68935733 heartbeat IPC: 0.4378 cumulative IPC: 0.3828 (Simulation time: 00 hr 05 min 02 sec)
Heartbeat CPU 0 instructions: 36000161 cycles: 70092431 heartbeat IPC: 0.4323 cumulative IPC: 0.3836 (Simulation time: 00 hr 05 min 07 sec)
Heartbeat CPU 0 instructions: 36500162 cycles: 71308039 heartbeat IPC: 0.4113 cumulative IPC: 0.3841 (Simulation time: 00 hr 05 min 12 sec)
Heartbeat CPU 0 instructions: 37000162 cycles: 72505222 heartbeat IPC: 0.4176 cumulative IPC: 0.3847 (Simulation time: 00 hr 05 min 17 sec)
Heartbeat CPU 0 instructions: 37500163 cycles: 73801214 heartbeat IPC: 0.3858 cumulative IPC: 0.3847 (Simulation time: 00 hr 05 min 22 sec)
Heartbeat CPU 0 instructions: 38000169 cycles: 75025198 heartbeat IPC: 0.4085 cumulative IPC: 0.3851 (Simulation time: 00 hr 05 min 27 sec)
Heartbeat CPU 0 instructions: 38500175 cycles: 76200076 heartbeat IPC: 0.4256 cumulative IPC: 0.3858 (Simulation time: 00 hr 05 min 32 sec)
Heartbeat CPU 0 instructions: 39000176 cycles: 77379845 heartbeat IPC: 0.4238 cumulative IPC: 0.3864 (Simulation time: 00 hr 05 min 37 sec)
Heartbeat CPU 0 instructions: 39500178 cycles: 78520024 heartbeat IPC: 0.4385 cumulative IPC: 0.3871 (Simulation time: 00 hr 05 min 42 sec)
Heartbeat CPU 0 instructions: 40000180 cycles: 79651920 heartbeat IPC: 0.4417 cumulative IPC: 0.3879 (Simulation time: 00 hr 05 min 47 sec)
Heartbeat CPU 0 instructions: 40500184 cycles: 80795676 heartbeat IPC: 0.4372 cumulative IPC: 0.3887 (Simulation time: 00 hr 05 min 52 sec)
Heartbeat CPU 0 instructions: 41000186 cycles: 81945989 heartbeat IPC: 0.4347 cumulative IPC: 0.3893 (Simulation time: 00 hr 05 min 57 sec)
Heartbeat CPU 0 instructions: 41500188 cycles: 83091881 heartbeat IPC: 0.4363 cumulative IPC: 0.39 (Simulation time: 00 hr 06 min 02 sec)
Heartbeat CPU 0 instructions: 42000188 cycles: 84318835 heartbeat IPC: 0.4075 cumulative IPC: 0.3902 (Simulation time: 00 hr 06 min 07 sec)
Heartbeat CPU 0 instructions: 42500191 cycles: 85560363 heartbeat IPC: 0.4027 cumulative IPC: 0.3904 (Simulation time: 00 hr 06 min 12 sec)
Heartbeat CPU 0 instructions: 43000193 cycles: 86692017 heartbeat IPC: 0.4418 cumulative IPC: 0.3911 (Simulation time: 00 hr 06 min 18 sec)
Heartbeat CPU 0 instructions: 43500196 cycles: 87826813 heartbeat IPC: 0.4406 cumulative IPC: 0.3918 (Simulation time: 00 hr 06 min 22 sec)
Heartbeat CPU 0 instructions: 44000196 cycles: 88957909 heartbeat IPC: 0.442 cumulative IPC: 0.3924 (Simulation time: 00 hr 06 min 27 sec)
Heartbeat CPU 0 instructions: 44500196 cycles: 90091456 heartbeat IPC: 0.4411 cumulative IPC: 0.3931 (Simulation time: 00 hr 06 min 32 sec)
Heartbeat CPU 0 instructions: 45000203 cycles: 91225540 heartbeat IPC: 0.4409 cumulative IPC: 0.3937 (Simulation time: 00 hr 06 min 37 sec)
Heartbeat CPU 0 instructions: 45500207 cycles: 92464594 heartbeat IPC: 0.4035 cumulative IPC: 0.3938 (Simulation time: 00 hr 06 min 42 sec)
Heartbeat CPU 0 instructions: 46000207 cycles: 93681562 heartbeat IPC: 0.4109 cumulative IPC: 0.394 (Simulation time: 00 hr 06 min 47 sec)
Heartbeat CPU 0 instructions: 46500209 cycles: 94811723 heartbeat IPC: 0.4424 cumulative IPC: 0.3946 (Simulation time: 00 hr 06 min 51 sec)
Heartbeat CPU 0 instructions: 47000210 cycles: 95946157 heartbeat IPC: 0.4407 cumulative IPC: 0.3952 (Simulation time: 00 hr 06 min 56 sec)
Heartbeat CPU 0 instructions: 47500215 cycles: 97058201 heartbeat IPC: 0.4496 cumulative IPC: 0.3958 (Simulation time: 00 hr 07 min 01 sec)
Heartbeat CPU 0 instructions: 48000220 cycles: 98186749 heartbeat IPC: 0.4431 cumulative IPC: 0.3964 (Simulation time: 00 hr 07 min 05 sec)
Heartbeat CPU 0 instructions: 48500223 cycles: 99313436 heartbeat IPC: 0.4438 cumulative IPC: 0.3969 (Simulation time: 00 hr 07 min 10 sec)
Heartbeat CPU 0 instructions: 49000230 cycles: 100401590 heartbeat IPC: 0.4595 cumulative IPC: 0.3976 (Simulation time: 00 hr 07 min 15 sec)
Heartbeat CPU 0 instructions: 49500230 cycles: 101494670 heartbeat IPC: 0.4574 cumulative IPC: 0.3983 (Simulation time: 00 hr 07 min 19 sec)
Heartbeat CPU 0 instructions: 50000230 cycles: 102581307 heartbeat IPC: 0.4601 cumulative IPC: 0.399 (Simulation time: 00 hr 07 min 24 sec)
Heartbeat CPU 0 instructions: 50500236 cycles: 103692378 heartbeat IPC: 0.45 cumulative IPC: 0.3995 (Simulation time: 00 hr 07 min 29 sec)
Heartbeat CPU 0 instructions: 51000239 cycles: 104874017 heartbeat IPC: 0.4231 cumulative IPC: 0.3998 (Simulation time: 00 hr 07 min 34 sec)
Heartbeat CPU 0 instructions: 51500244 cycles: 106072481 heartbeat IPC: 0.4172 cumulative IPC: 0.4 (Simulation time: 00 hr 07 min 39 sec)
Heartbeat CPU 0 instructions: 52000247 cycles: 107182686 heartbeat IPC: 0.4504 cumulative IPC: 0.4005 (Simulation time: 00 hr 07 min 43 sec)
Heartbeat CPU 0 instructions: 52500250 cycles: 108292408 heartbeat IPC: 0.4506 cumulative IPC: 0.401 (Simulation time: 00 hr 07 min 48 sec)
Heartbeat CPU 0 instructions: 53000256 cycles: 109369567 heartbeat IPC: 0.4642 cumulative IPC: 0.4017 (Simulation time: 00 hr 07 min 53 sec)
Heartbeat CPU 0 instructions: 53500260 cycles: 110448264 heartbeat IPC: 0.4635 cumulative IPC: 0.4023 (Simulation time: 00 hr 07 min 57 sec)
Heartbeat CPU 0 instructions: 54000261 cycles: 111548917 heartbeat IPC: 0.4543 cumulative IPC: 0.4028 (Simulation time: 00 hr 08 min 02 sec)
Heartbeat CPU 0 instructions: 54500261 cycles: 112641128 heartbeat IPC: 0.4578 cumulative IPC: 0.4034 (Simulation time: 00 hr 08 min 07 sec)
Heartbeat CPU 0 instructions: 55000265 cycles: 113703133 heartbeat IPC: 0.4708 cumulative IPC: 0.404 (Simulation time: 00 hr 08 min 11 sec)
Heartbeat CPU 0 instructions: 55500267 cycles: 114760613 heartbeat IPC: 0.4728 cumulative IPC: 0.4047 (Simulation time: 00 hr 08 min 16 sec)
Heartbeat CPU 0 instructions: 56000271 cycles: 115818899 heartbeat IPC: 0.4725 cumulative IPC: 0.4053 (Simulation time: 00 hr 08 min 20 sec)
Heartbeat CPU 0 instructions: 56500271 cycles: 116871991 heartbeat IPC: 0.4748 cumulative IPC: 0.4059 (Simulation time: 00 hr 08 min 25 sec)
Heartbeat CPU 0 instructions: 57000271 cycles: 117931356 heartbeat IPC: 0.472 cumulative IPC: 0.4065 (Simulation time: 00 hr 08 min 30 sec)
Heartbeat CPU 0 instructions: 57500276 cycles: 118972963 heartbeat IPC: 0.48 cumulative IPC: 0.4072 (Simulation time: 00 hr 08 min 34 sec)
Heartbeat CPU 0 instructions: 58000277 cycles: 120028060 heartbeat IPC: 0.4739 cumulative IPC: 0.4078 (Simulation time: 00 hr 08 min 39 sec)
Heartbeat CPU 0 instructions: 58500278 cycles: 121080774 heartbeat IPC: 0.475 cumulative IPC: 0.4084 (Simulation time: 00 hr 08 min 43 sec)
Heartbeat CPU 0 instructions: 59000279 cycles: 122127069 heartbeat IPC: 0.4779 cumulative IPC: 0.409 (Simulation time: 00 hr 08 min 48 sec)
Heartbeat CPU 0 instructions: 59500282 cycles: 123191784 heartbeat IPC: 0.4696 cumulative IPC: 0.4095 (Simulation time: 00 hr 08 min 52 sec)
Simulation finished CPU 0 instructions: 50000006 cycles: 122048063 cumulative IPC: 0.4097 (Simulation time: 00 hr 08 min 57 sec)
Simulation complete CPU 0 instructions: 50000006 cycles: 122048063 cumulative IPC: 0.4097 (Simulation time: 00 hr 08 min 57 sec)

ChampSim completed all CPUs

=== Simulation ===
CPU 0 runs traces/GAP/sssp-10.trace.gz

Region of Interest Statistics

CPU 0 cumulative IPC: 0.4097 instructions: 50000006 cycles: 122048063
CPU 0 Branch Prediction Accuracy: 94.11% MPKI: 8.664 Average ROB Occupancy at Mispredict: 58.54
Branch type MPKI
BRANCH_DIRECT_JUMP: 2e-05
BRANCH_INDIRECT: 0
BRANCH_CONDITIONAL: 8.664
BRANCH_DIRECT_CALL: 0
BRANCH_INDIRECT_CALL: 0
BRANCH_RETURN: 0

cpu0->cpu0_STLB TOTAL        ACCESS:     923034 HIT:     912238 MISS:      10796 MSHR_MERGE:          0
cpu0->cpu0_STLB LOAD         ACCESS:     923034 HIT:     912238 MISS:      10796 MSHR_MERGE:          0
cpu0->cpu0_STLB RFO          ACCESS:          0 HIT:          0 MISS:          0 MSHR_MERGE:          0
cpu0->cpu0_STLB PREFETCH     ACCESS:          0 HIT:          0 MISS:          0 MSHR_MERGE:          0
cpu0->cpu0_STLB WRITE        ACCESS:          0 HIT:          0 MISS:          0 MSHR_MERGE:          0
cpu0->cpu0_STLB TRANSLATION  ACCESS:          0 HIT:          0 MISS:          0 MSHR_MERGE:          0
cpu0->cpu0_STLB PREFETCH REQUESTED:          0 ISSUED:          0 USEFUL:          0 USELESS:          0
cpu0->cpu0_STLB AVERAGE MISS LATENCY: 251.3 cycles
cpu0->cpu0_L2C TOTAL        ACCESS:    3305826 HIT:    2219357 MISS:    1086469 MSHR_MERGE:          0
cpu0->cpu0_L2C LOAD         ACCESS:    2263952 HIT:    1235700 MISS:    1028252 MSHR_MERGE:          0
cpu0->cpu0_L2C RFO          ACCESS:     272160 HIT:     219206 MISS:      52954 MSHR_MERGE:          0
cpu0->cpu0_L2C PREFETCH     ACCESS:          0 HIT:          0 MISS:          0 MSHR_MERGE:          0
cpu0->cpu0_L2C WRITE        ACCESS:     761011 HIT:     760910 MISS:        101 MSHR_MERGE:          0
cpu0->cpu0_L2C TRANSLATION  ACCESS:       8703 HIT:       3541 MISS:       5162 MSHR_MERGE:          0
cpu0->cpu0_L2C PREFETCH REQUESTED:          0 ISSUED:          0 USEFUL:          0 USELESS:          0
cpu0->cpu0_L2C AVERAGE MISS LATENCY: 136.5 cycles
cpu0->cpu0_L1I TOTAL        ACCESS:    2039099 HIT:    2039099 MISS:          0 MSHR_MERGE:          0
cpu0->cpu0_L1I LOAD         ACCESS:    2039099 HIT:    2039099 MISS:          0 MSHR_MERGE:          0
cpu0->cpu0_L1I RFO          ACCESS:          0 HIT:          0 MISS:          0 MSHR_MERGE:          0
cpu0->cpu0_L1I PREFETCH     ACCESS:          0 HIT:          0 MISS:          0 MSHR_MERGE:          0
cpu0->cpu0_L1I WRITE        ACCESS:          0 HIT:          0 MISS:          0 MSHR_MERGE:          0
cpu0->cpu0_L1I TRANSLATION  ACCESS:          0 HIT:          0 MISS:          0 MSHR_MERGE:          0
cpu0->cpu0_L1I PREFETCH REQUESTED:          0 ISSUED:          0 USEFUL:          0 USELESS:          0
cpu0->cpu0_L1I AVERAGE MISS LATENCY: - cycles
cpu0->cpu0_L1D TOTAL        ACCESS:   14435202 HIT:   10561480 MISS:    3873722 MSHR_MERGE:    1328905
cpu0->cpu0_L1D LOAD         ACCESS:   12965428 HIT:    9489067 MISS:    3476361 MSHR_MERGE:    1212409
cpu0->cpu0_L1D RFO          ACCESS:          0 HIT:          0 MISS:          0 MSHR_MERGE:          0
cpu0->cpu0_L1D PREFETCH     ACCESS:          0 HIT:          0 MISS:          0 MSHR_MERGE:          0
cpu0->cpu0_L1D WRITE        ACCESS:    1446944 HIT:    1058343 MISS:     388601 MSHR_MERGE:     116439
cpu0->cpu0_L1D TRANSLATION  ACCESS:      22830 HIT:      14070 MISS:       8760 MSHR_MERGE:         57
cpu0->cpu0_L1D PREFETCH REQUESTED:          0 ISSUED:          0 USEFUL:          0 USELESS:          0
cpu0->cpu0_L1D AVERAGE MISS LATENCY: 66.91 cycles
cpu0->cpu0_ITLB TOTAL        ACCESS:    2036723 HIT:    2036723 MISS:          0 MSHR_MERGE:          0
cpu0->cpu0_ITLB LOAD         ACCESS:    2036723 HIT:    2036723 MISS:          0 MSHR_MERGE:          0
cpu0->cpu0_ITLB RFO          ACCESS:          0 HIT:          0 MISS:          0 MSHR_MERGE:          0
cpu0->cpu0_ITLB PREFETCH     ACCESS:          0 HIT:          0 MISS:          0 MSHR_MERGE:          0
cpu0->cpu0_ITLB WRITE        ACCESS:          0 HIT:          0 MISS:          0 MSHR_MERGE:          0
cpu0->cpu0_ITLB TRANSLATION  ACCESS:          0 HIT:          0 MISS:          0 MSHR_MERGE:          0
cpu0->cpu0_ITLB PREFETCH REQUESTED:          0 ISSUED:          0 USEFUL:          0 USELESS:          0
cpu0->cpu0_ITLB AVERAGE MISS LATENCY: - cycles
cpu0->cpu0_DTLB TOTAL        ACCESS:   14334103 HIT:   13086795 MISS:    1247308 MSHR_MERGE:     324274
cpu0->cpu0_DTLB LOAD         ACCESS:   14334103 HIT:   13086795 MISS:    1247308 MSHR_MERGE:     324274
cpu0->cpu0_DTLB RFO          ACCESS:          0 HIT:          0 MISS:          0 MSHR_MERGE:          0
cpu0->cpu0_DTLB PREFETCH     ACCESS:          0 HIT:          0 MISS:          0 MSHR_MERGE:          0
cpu0->cpu0_DTLB WRITE        ACCESS:          0 HIT:          0 MISS:          0 MSHR_MERGE:          0
cpu0->cpu0_DTLB TRANSLATION  ACCESS:          0 HIT:          0 MISS:          0 MSHR_MERGE:          0
cpu0->cpu0_DTLB PREFETCH REQUESTED:          0 ISSUED:          0 USEFUL:          0 USELESS:          0
cpu0->cpu0_DTLB AVERAGE MISS LATENCY: 7.968 cycles
cpu0->LLC TOTAL        ACCESS:    1496072 HIT:     734422 MISS:     761650 MSHR_MERGE:          0
cpu0->LLC LOAD         ACCESS:    1028252 HIT:     498373 MISS:     529879 MSHR_MERGE:          0
cpu0->LLC RFO          ACCESS:      52954 HIT:       3181 MISS:      49773 MSHR_MERGE:          0
cpu0->LLC PREFETCH     ACCESS:          0 HIT:          0 MISS:          0 MSHR_MERGE:          0
cpu0->LLC WRITE        ACCESS:     409704 HIT:     232600 MISS:     177104 MSHR_MERGE:          0
cpu0->LLC TRANSLATION  ACCESS:       5162 HIT:        268 MISS:       4894 MSHR_MERGE:          0
cpu0->LLC PREFETCH REQUESTED:          0 ISSUED:          0 USEFUL:          0 USELESS:          0
cpu0->LLC AVERAGE MISS LATENCY: 166.5 cycles

DRAM Statistics

Channel 0 RQ ROW_BUFFER_HIT:       7576
  ROW_BUFFER_MISS:     576939
  AVG DBUS CONGESTED CYCLE: 34.45
Channel 0 WQ ROW_BUFFER_HIT:      58996
  ROW_BUFFER_MISS:     148702
  FULL:          0
Channel 0 REFRESHES ISSUED:      10170


--- STDERR ---



=== TRACE: traces/GAP/cc-5.trace.gz ===
COMMAND: ./bin/1C.fullBW.nopref --warmup-instructions=10000000 --simulation-instructions=50000000 traces/GAP/cc-5.trace.gz
RETURNCODE: 0

--- STDOUT ---
[VMEM] WARNING: physical memory size is smaller than virtual memory size.

*** ChampSim Multicore Out-of-Order Simulator ***
Warmup Instructions: 10000000
Simulation Instructions: 50000000
Number of CPUs: 1
Page size: 4096
Core 0: traces/GAP/cc-5.trace.gz
Off-chip DRAM Size: 64 GiB Channels: 1 Width: 64-bit Data Rate: 4807 MT/s
Heartbeat CPU 0 instructions: 500004 cycles: 151360 heartbeat IPC: 3.303 cumulative IPC: 3.303 (Simulation time: 00 hr 00 min 02 sec)
Heartbeat CPU 0 instructions: 1000005 cycles: 299075 heartbeat IPC: 3.385 cumulative IPC: 3.344 (Simulation time: 00 hr 00 min 03 sec)
Heartbeat CPU 0 instructions: 1500005 cycles: 446636 heartbeat IPC: 3.388 cumulative IPC: 3.358 (Simulation time: 00 hr 00 min 04 sec)
Heartbeat CPU 0 instructions: 2000010 cycles: 556933 heartbeat IPC: 4.533 cumulative IPC: 3.591 (Simulation time: 00 hr 00 min 06 sec)
Heartbeat CPU 0 instructions: 2500016 cycles: 659893 heartbeat IPC: 4.856 cumulative IPC: 3.789 (Simulation time: 00 hr 00 min 07 sec)
Heartbeat CPU 0 instructions: 3000022 cycles: 762979 heartbeat IPC: 4.85 cumulative IPC: 3.932 (Simulation time: 00 hr 00 min 08 sec)
Heartbeat CPU 0 instructions: 3500026 cycles: 866375 heartbeat IPC: 4.836 cumulative IPC: 4.04 (Simulation time: 00 hr 00 min 09 sec)
Heartbeat CPU 0 instructions: 4000031 cycles: 969394 heartbeat IPC: 4.854 cumulative IPC: 4.126 (Simulation time: 00 hr 00 min 11 sec)
Heartbeat CPU 0 instructions: 4500032 cycles: 1072629 heartbeat IPC: 4.843 cumulative IPC: 4.195 (Simulation time: 00 hr 00 min 12 sec)
Heartbeat CPU 0 instructions: 5000035 cycles: 1175875 heartbeat IPC: 4.843 cumulative IPC: 4.252 (Simulation time: 00 hr 00 min 13 sec)
Heartbeat CPU 0 instructions: 5500038 cycles: 1279280 heartbeat IPC: 4.835 cumulative IPC: 4.299 (Simulation time: 00 hr 00 min 14 sec)
Heartbeat CPU 0 instructions: 6000041 cycles: 1382613 heartbeat IPC: 4.839 cumulative IPC: 4.34 (Simulation time: 00 hr 00 min 15 sec)
Heartbeat CPU 0 instructions: 6500041 cycles: 1485976 heartbeat IPC: 4.837 cumulative IPC: 4.374 (Simulation time: 00 hr 00 min 16 sec)
Heartbeat CPU 0 instructions: 7000048 cycles: 1589298 heartbeat IPC: 4.839 cumulative IPC: 4.404 (Simulation time: 00 hr 00 min 17 sec)
Heartbeat CPU 0 instructions: 7500049 cycles: 1692747 heartbeat IPC: 4.833 cumulative IPC: 4.431 (Simulation time: 00 hr 00 min 19 sec)
Heartbeat CPU 0 instructions: 8000050 cycles: 1796092 heartbeat IPC: 4.838 cumulative IPC: 4.454 (Simulation time: 00 hr 00 min 20 sec)
Heartbeat CPU 0 instructions: 8500055 cycles: 1899435 heartbeat IPC: 4.838 cumulative IPC: 4.475 (Simulation time: 00 hr 00 min 21 sec)
Heartbeat CPU 0 instructions: 9000055 cycles: 2002888 heartbeat IPC: 4.833 cumulative IPC: 4.494 (Simulation time: 00 hr 00 min 22 sec)
Heartbeat CPU 0 instructions: 9500057 cycles: 2106312 heartbeat IPC: 4.834 cumulative IPC: 4.51 (Simulation time: 00 hr 00 min 23 sec)
Warmup finished CPU 0 instructions: 10000003 cycles: 2209651 cumulative IPC: 4.526 (Simulation time: 00 hr 00 min 25 sec)
Warmup complete CPU 0 instructions: 10000003 cycles: 2209651 cumulative IPC: 4.526 (Simulation time: 00 hr 00 min 25 sec)
Heartbeat CPU 0 instructions: 10000058 cycles: 2209836 heartbeat IPC: 4.83 cumulative IPC: 0.2973 (Simulation time: 00 hr 00 min 25 sec)
Heartbeat CPU 0 instructions: 10500059 cycles: 3622604 heartbeat IPC: 0.3539 cumulative IPC: 0.3539 (Simulation time: 00 hr 00 min 30 sec)
Heartbeat CPU 0 instructions: 11000060 cycles: 5156560 heartbeat IPC: 0.326 cumulative IPC: 0.3394 (Simulation time: 00 hr 00 min 36 sec)
Heartbeat CPU 0 instructions: 11500061 cycles: 6568839 heartbeat IPC: 0.354 cumulative IPC: 0.3441 (Simulation time: 00 hr 00 min 42 sec)
Heartbeat CPU 0 instructions: 12000061 cycles: 8009489 heartbeat IPC: 0.3471 cumulative IPC: 0.3448 (Simulation time: 00 hr 00 min 48 sec)
Heartbeat CPU 0 instructions: 12500062 cycles: 9362836 heartbeat IPC: 0.3695 cumulative IPC: 0.3495 (Simulation time: 00 hr 00 min 53 sec)
Heartbeat CPU 0 instructions: 13000062 cycles: 10817220 heartbeat IPC: 0.3438 cumulative IPC: 0.3485 (Simulation time: 00 hr 00 min 59 sec)
Heartbeat CPU 0 instructions: 13500067 cycles: 12074164 heartbeat IPC: 0.3978 cumulative IPC: 0.3548 (Simulation time: 00 hr 01 min 05 sec)
Heartbeat CPU 0 instructions: 14000071 cycles: 13345122 heartbeat IPC: 0.3934 cumulative IPC: 0.3592 (Simulation time: 00 hr 01 min 10 sec)
Heartbeat CPU 0 instructions: 14500071 cycles: 14559805 heartbeat IPC: 0.4116 cumulative IPC: 0.3644 (Simulation time: 00 hr 01 min 16 sec)
Heartbeat CPU 0 instructions: 15000072 cycles: 15834114 heartbeat IPC: 0.3924 cumulative IPC: 0.367 (Simulation time: 00 hr 01 min 22 sec)
Heartbeat CPU 0 instructions: 15500074 cycles: 17121525 heartbeat IPC: 0.3884 cumulative IPC: 0.3688 (Simulation time: 00 hr 01 min 27 sec)
Heartbeat CPU 0 instructions: 16000076 cycles: 18401711 heartbeat IPC: 0.3906 cumulative IPC: 0.3706 (Simulation time: 00 hr 01 min 33 sec)
Heartbeat CPU 0 instructions: 16500076 cycles: 19705251 heartbeat IPC: 0.3836 cumulative IPC: 0.3715 (Simulation time: 00 hr 01 min 39 sec)
Heartbeat CPU 0 instructions: 17000077 cycles: 21040093 heartbeat IPC: 0.3746 cumulative IPC: 0.3717 (Simulation time: 00 hr 01 min 45 sec)
Heartbeat CPU 0 instructions: 17500077 cycles: 22302472 heartbeat IPC: 0.3961 cumulative IPC: 0.3733 (Simulation time: 00 hr 01 min 50 sec)
Heartbeat CPU 0 instructions: 18000080 cycles: 23531933 heartbeat IPC: 0.4067 cumulative IPC: 0.3752 (Simulation time: 00 hr 01 min 56 sec)
Heartbeat CPU 0 instructions: 18500083 cycles: 24862954 heartbeat IPC: 0.3757 cumulative IPC: 0.3752 (Simulation time: 00 hr 02 min 01 sec)
Heartbeat CPU 0 instructions: 19000083 cycles: 26069456 heartbeat IPC: 0.4144 cumulative IPC: 0.3772 (Simulation time: 00 hr 02 min 07 sec)
Heartbeat CPU 0 instructions: 19500084 cycles: 27335173 heartbeat IPC: 0.395 cumulative IPC: 0.3781 (Simulation time: 00 hr 02 min 12 sec)
Heartbeat CPU 0 instructions: 20000085 cycles: 28601976 heartbeat IPC: 0.3947 cumulative IPC: 0.3789 (Simulation time: 00 hr 02 min 18 sec)
Heartbeat CPU 0 instructions: 20500086 cycles: 29891054 heartbeat IPC: 0.3879 cumulative IPC: 0.3793 (Simulation time: 00 hr 02 min 23 sec)
Heartbeat CPU 0 instructions: 21000086 cycles: 31178033 heartbeat IPC: 0.3885 cumulative IPC: 0.3797 (Simulation time: 00 hr 02 min 29 sec)
Heartbeat CPU 0 instructions: 21500087 cycles: 32479923 heartbeat IPC: 0.3841 cumulative IPC: 0.3799 (Simulation time: 00 hr 02 min 34 sec)
Heartbeat CPU 0 instructions: 22000087 cycles: 33773526 heartbeat IPC: 0.3865 cumulative IPC: 0.3802 (Simulation time: 00 hr 02 min 39 sec)
Heartbeat CPU 0 instructions: 22500089 cycles: 35099494 heartbeat IPC: 0.3771 cumulative IPC: 0.3801 (Simulation time: 00 hr 02 min 45 sec)
Heartbeat CPU 0 instructions: 23000091 cycles: 36359350 heartbeat IPC: 0.3969 cumulative IPC: 0.3807 (Simulation time: 00 hr 02 min 50 sec)
Heartbeat CPU 0 instructions: 23500091 cycles: 37624421 heartbeat IPC: 0.3952 cumulative IPC: 0.3812 (Simulation time: 00 hr 02 min 55 sec)
Heartbeat CPU 0 instructions: 24000094 cycles: 38902676 heartbeat IPC: 0.3912 cumulative IPC: 0.3815 (Simulation time: 00 hr 03 min 01 sec)
Heartbeat CPU 0 instructions: 24500094 cycles: 40144390 heartbeat IPC: 0.4027 cumulative IPC: 0.3822 (Simulation time: 00 hr 03 min 06 sec)
Heartbeat CPU 0 instructions: 25000096 cycles: 41344521 heartbeat IPC: 0.4166 cumulative IPC: 0.3833 (Simulation time: 00 hr 03 min 11 sec)
Heartbeat CPU 0 instructions: 25500096 cycles: 42580683 heartbeat IPC: 0.4045 cumulative IPC: 0.3839 (Simulation time: 00 hr 03 min 17 sec)
Heartbeat CPU 0 instructions: 26000100 cycles: 43867203 heartbeat IPC: 0.3886 cumulative IPC: 0.3841 (Simulation time: 00 hr 03 min 22 sec)
Heartbeat CPU 0 instructions: 26500103 cycles: 45102947 heartbeat IPC: 0.4046 cumulative IPC: 0.3847 (Simulation time: 00 hr 03 min 27 sec)
Heartbeat CPU 0 instructions: 27000103 cycles: 46307354 heartbeat IPC: 0.4151 cumulative IPC: 0.3855 (Simulation time: 00 hr 03 min 32 sec)
Heartbeat CPU 0 instructions: 27500103 cycles: 47498848 heartbeat IPC: 0.4196 cumulative IPC: 0.3864 (Simulation time: 00 hr 03 min 37 sec)
Heartbeat CPU 0 instructions: 28000109 cycles: 48740567 heartbeat IPC: 0.4027 cumulative IPC: 0.3868 (Simulation time: 00 hr 03 min 43 sec)
Heartbeat CPU 0 instructions: 28500112 cycles: 49990398 heartbeat IPC: 0.4001 cumulative IPC: 0.3872 (Simulation time: 00 hr 03 min 48 sec)
Heartbeat CPU 0 instructions: 29000116 cycles: 51212760 heartbeat IPC: 0.409 cumulative IPC: 0.3877 (Simulation time: 00 hr 03 min 53 sec)
Heartbeat CPU 0 instructions: 29500116 cycles: 52405719 heartbeat IPC: 0.4191 cumulative IPC: 0.3885 (Simulation time: 00 hr 03 min 59 sec)
Heartbeat CPU 0 instructions: 30000122 cycles: 53625605 heartbeat IPC: 0.4099 cumulative IPC: 0.389 (Simulation time: 00 hr 04 min 04 sec)
Heartbeat CPU 0 instructions: 30500123 cycles: 54886363 heartbeat IPC: 0.3966 cumulative IPC: 0.3892 (Simulation time: 00 hr 04 min 09 sec)
Heartbeat CPU 0 instructions: 31000123 cycles: 56064243 heartbeat IPC: 0.4245 cumulative IPC: 0.3899 (Simulation time: 00 hr 04 min 14 sec)
Heartbeat CPU 0 instructions: 31500123 cycles: 57409542 heartbeat IPC: 0.3717 cumulative IPC: 0.3895 (Simulation time: 00 hr 04 min 20 sec)
Heartbeat CPU 0 instructions: 32000123 cycles: 58547689 heartbeat IPC: 0.4393 cumulative IPC: 0.3905 (Simulation time: 00 hr 04 min 25 sec)
Heartbeat CPU 0 instructions: 32500128 cycles: 59789819 heartbeat IPC: 0.4025 cumulative IPC: 0.3908 (Simulation time: 00 hr 04 min 30 sec)
Heartbeat CPU 0 instructions: 33000129 cycles: 60977747 heartbeat IPC: 0.4209 cumulative IPC: 0.3914 (Simulation time: 00 hr 04 min 36 sec)
Heartbeat CPU 0 instructions: 33500131 cycles: 62235933 heartbeat IPC: 0.3974 cumulative IPC: 0.3915 (Simulation time: 00 hr 04 min 41 sec)
Heartbeat CPU 0 instructions: 34000132 cycles: 63401666 heartbeat IPC: 0.4289 cumulative IPC: 0.3922 (Simulation time: 00 hr 04 min 46 sec)
Heartbeat CPU 0 instructions: 34500135 cycles: 64621197 heartbeat IPC: 0.41 cumulative IPC: 0.3926 (Simulation time: 00 hr 04 min 51 sec)
Heartbeat CPU 0 instructions: 35000139 cycles: 65853470 heartbeat IPC: 0.4058 cumulative IPC: 0.3928 (Simulation time: 00 hr 04 min 57 sec)
Heartbeat CPU 0 instructions: 35500140 cycles: 66961260 heartbeat IPC: 0.4513 cumulative IPC: 0.3938 (Simulation time: 00 hr 05 min 02 sec)
Heartbeat CPU 0 instructions: 36000140 cycles: 68284778 heartbeat IPC: 0.3778 cumulative IPC: 0.3935 (Simulation time: 00 hr 05 min 07 sec)
Heartbeat CPU 0 instructions: 36500144 cycles: 69631530 heartbeat IPC: 0.3713 cumulative IPC: 0.393 (Simulation time: 00 hr 05 min 13 sec)
Heartbeat CPU 0 instructions: 37000144 cycles: 70952925 heartbeat IPC: 0.3784 cumulative IPC: 0.3928 (Simulation time: 00 hr 05 min 18 sec)
Heartbeat CPU 0 instructions: 37500144 cycles: 72215335 heartbeat IPC: 0.3961 cumulative IPC: 0.3928 (Simulation time: 00 hr 05 min 23 sec)
Heartbeat CPU 0 instructions: 38000146 cycles: 73345592 heartbeat IPC: 0.4424 cumulative IPC: 0.3936 (Simulation time: 00 hr 05 min 29 sec)
Heartbeat CPU 0 instructions: 38500146 cycles: 74580228 heartbeat IPC: 0.405 cumulative IPC: 0.3938 (Simulation time: 00 hr 05 min 34 sec)
Heartbeat CPU 0 instructions: 39000146 cycles: 75832091 heartbeat IPC: 0.3994 cumulative IPC: 0.3939 (Simulation time: 00 hr 05 min 39 sec)
Heartbeat CPU 0 instructions: 39500150 cycles: 77040555 heartbeat IPC: 0.4138 cumulative IPC: 0.3942 (Simulation time: 00 hr 05 min 44 sec)
Heartbeat CPU 0 instructions: 40000151 cycles: 78238186 heartbeat IPC: 0.4175 cumulative IPC: 0.3946 (Simulation time: 00 hr 05 min 50 sec)
Heartbeat CPU 0 instructions: 40500153 cycles: 79462181 heartbeat IPC: 0.4085 cumulative IPC: 0.3948 (Simulation time: 00 hr 05 min 55 sec)
Heartbeat CPU 0 instructions: 41000153 cycles: 80788494 heartbeat IPC: 0.377 cumulative IPC: 0.3945 (Simulation time: 00 hr 06 min 00 sec)
Heartbeat CPU 0 instructions: 41500158 cycles: 81972444 heartbeat IPC: 0.4223 cumulative IPC: 0.3949 (Simulation time: 00 hr 06 min 05 sec)
Heartbeat CPU 0 instructions: 42000158 cycles: 83151710 heartbeat IPC: 0.424 cumulative IPC: 0.3953 (Simulation time: 00 hr 06 min 11 sec)
Heartbeat CPU 0 instructions: 42500159 cycles: 84377082 heartbeat IPC: 0.408 cumulative IPC: 0.3955 (Simulation time: 00 hr 06 min 16 sec)
Heartbeat CPU 0 instructions: 43000159 cycles: 85525548 heartbeat IPC: 0.4354 cumulative IPC: 0.3961 (Simulation time: 00 hr 06 min 21 sec)
Heartbeat CPU 0 instructions: 43500159 cycles: 86701725 heartbeat IPC: 0.4251 cumulative IPC: 0.3965 (Simulation time: 00 hr 06 min 26 sec)
Heartbeat CPU 0 instructions: 44000163 cycles: 87924357 heartbeat IPC: 0.409 cumulative IPC: 0.3967 (Simulation time: 00 hr 06 min 31 sec)
Heartbeat CPU 0 instructions: 44500166 cycles: 89074316 heartbeat IPC: 0.4348 cumulative IPC: 0.3972 (Simulation time: 00 hr 06 min 36 sec)
Heartbeat CPU 0 instructions: 45000166 cycles: 90195787 heartbeat IPC: 0.4458 cumulative IPC: 0.3978 (Simulation time: 00 hr 06 min 41 sec)
Heartbeat CPU 0 instructions: 45500169 cycles: 91368806 heartbeat IPC: 0.4263 cumulative IPC: 0.3982 (Simulation time: 00 hr 06 min 46 sec)
Heartbeat CPU 0 instructions: 46000173 cycles: 92464467 heartbeat IPC: 0.4563 cumulative IPC: 0.3989 (Simulation time: 00 hr 06 min 51 sec)
Heartbeat CPU 0 instructions: 46500174 cycles: 93646812 heartbeat IPC: 0.4229 cumulative IPC: 0.3992 (Simulation time: 00 hr 06 min 56 sec)
Heartbeat CPU 0 instructions: 47000175 cycles: 94874956 heartbeat IPC: 0.4071 cumulative IPC: 0.3993 (Simulation time: 00 hr 07 min 01 sec)
Heartbeat CPU 0 instructions: 47500175 cycles: 96092437 heartbeat IPC: 0.4107 cumulative IPC: 0.3994 (Simulation time: 00 hr 07 min 06 sec)
Heartbeat CPU 0 instructions: 48000177 cycles: 97232091 heartbeat IPC: 0.4387 cumulative IPC: 0.3999 (Simulation time: 00 hr 07 min 11 sec)
Heartbeat CPU 0 instructions: 48500179 cycles: 98422414 heartbeat IPC: 0.4201 cumulative IPC: 0.4002 (Simulation time: 00 hr 07 min 15 sec)
Heartbeat CPU 0 instructions: 49000179 cycles: 99656785 heartbeat IPC: 0.4051 cumulative IPC: 0.4002 (Simulation time: 00 hr 07 min 21 sec)
Heartbeat CPU 0 instructions: 49500180 cycles: 100858293 heartbeat IPC: 0.4161 cumulative IPC: 0.4004 (Simulation time: 00 hr 07 min 25 sec)
Heartbeat CPU 0 instructions: 50000180 cycles: 101951036 heartbeat IPC: 0.4576 cumulative IPC: 0.401 (Simulation time: 00 hr 07 min 30 sec)
Heartbeat CPU 0 instructions: 50500184 cycles: 103221333 heartbeat IPC: 0.3936 cumulative IPC: 0.4009 (Simulation time: 00 hr 07 min 35 sec)
Heartbeat CPU 0 instructions: 51000186 cycles: 104312983 heartbeat IPC: 0.458 cumulative IPC: 0.4016 (Simulation time: 00 hr 07 min 40 sec)
Heartbeat CPU 0 instructions: 51500191 cycles: 105578554 heartbeat IPC: 0.3951 cumulative IPC: 0.4015 (Simulation time: 00 hr 07 min 45 sec)
Heartbeat CPU 0 instructions: 52000192 cycles: 106680537 heartbeat IPC: 0.4537 cumulative IPC: 0.402 (Simulation time: 00 hr 07 min 50 sec)
Heartbeat CPU 0 instructions: 52500193 cycles: 107929216 heartbeat IPC: 0.4004 cumulative IPC: 0.402 (Simulation time: 00 hr 07 min 55 sec)
Heartbeat CPU 0 instructions: 53000195 cycles: 109173401 heartbeat IPC: 0.4019 cumulative IPC: 0.402 (Simulation time: 00 hr 08 min 00 sec)
Heartbeat CPU 0 instructions: 53500196 cycles: 110401574 heartbeat IPC: 0.4071 cumulative IPC: 0.4021 (Simulation time: 00 hr 08 min 05 sec)
Heartbeat CPU 0 instructions: 54000196 cycles: 111585869 heartbeat IPC: 0.4222 cumulative IPC: 0.4023 (Simulation time: 00 hr 08 min 10 sec)
Heartbeat CPU 0 instructions: 54500197 cycles: 112888348 heartbeat IPC: 0.3839 cumulative IPC: 0.4021 (Simulation time: 00 hr 08 min 15 sec)
Heartbeat CPU 0 instructions: 55000197 cycles: 114184311 heartbeat IPC: 0.3858 cumulative IPC: 0.4019 (Simulation time: 00 hr 08 min 20 sec)
Heartbeat CPU 0 instructions: 55500197 cycles: 115422129 heartbeat IPC: 0.4039 cumulative IPC: 0.4019 (Simulation time: 00 hr 08 min 25 sec)
Heartbeat CPU 0 instructions: 56000197 cycles: 116569164 heartbeat IPC: 0.4359 cumulative IPC: 0.4022 (Simulation time: 00 hr 08 min 30 sec)
Heartbeat CPU 0 instructions: 56500199 cycles: 117725773 heartbeat IPC: 0.4323 cumulative IPC: 0.4025 (Simulation time: 00 hr 08 min 35 sec)
Heartbeat CPU 0 instructions: 57000203 cycles: 118948251 heartbeat IPC: 0.409 cumulative IPC: 0.4026 (Simulation time: 00 hr 08 min 40 sec)
Heartbeat CPU 0 instructions: 57500208 cycles: 120160558 heartbeat IPC: 0.4124 cumulative IPC: 0.4027 (Simulation time: 00 hr 08 min 45 sec)
Heartbeat CPU 0 instructions: 58000208 cycles: 121305502 heartbeat IPC: 0.4367 cumulative IPC: 0.403 (Simulation time: 00 hr 08 min 50 sec)
Heartbeat CPU 0 instructions: 58500208 cycles: 122495636 heartbeat IPC: 0.4201 cumulative IPC: 0.4032 (Simulation time: 00 hr 08 min 55 sec)
Heartbeat CPU 0 instructions: 59000209 cycles: 123702284 heartbeat IPC: 0.4144 cumulative IPC: 0.4033 (Simulation time: 00 hr 09 min 00 sec)
Heartbeat CPU 0 instructions: 59500211 cycles: 124850004 heartbeat IPC: 0.4356 cumulative IPC: 0.4036 (Simulation time: 00 hr 09 min 04 sec)
Simulation finished CPU 0 instructions: 50000000 cycles: 123795678 cumulative IPC: 0.4039 (Simulation time: 00 hr 09 min 08 sec)
Simulation complete CPU 0 instructions: 50000000 cycles: 123795678 cumulative IPC: 0.4039 (Simulation time: 00 hr 09 min 08 sec)

ChampSim completed all CPUs

=== Simulation ===
CPU 0 runs traces/GAP/cc-5.trace.gz

Region of Interest Statistics

CPU 0 cumulative IPC: 0.4039 instructions: 50000000 cycles: 123795678
CPU 0 Branch Prediction Accuracy: 93.05% MPKI: 13.72 Average ROB Occupancy at Mispredict: 47.22
Branch type MPKI
BRANCH_DIRECT_JUMP: 0
BRANCH_INDIRECT: 0
BRANCH_CONDITIONAL: 13.72
BRANCH_DIRECT_CALL: 0
BRANCH_INDIRECT_CALL: 0
BRANCH_RETURN: 0

cpu0->cpu0_STLB TOTAL        ACCESS:    2309350 HIT:    2305873 MISS:       3477 MSHR_MERGE:          0
cpu0->cpu0_STLB LOAD         ACCESS:    2309350 HIT:    2305873 MISS:       3477 MSHR_MERGE:          0
cpu0->cpu0_STLB RFO          ACCESS:          0 HIT:          0 MISS:          0 MSHR_MERGE:          0
cpu0->cpu0_STLB PREFETCH     ACCESS:          0 HIT:          0 MISS:          0 MSHR_MERGE:          0
cpu0->cpu0_STLB WRITE        ACCESS:          0 HIT:          0 MISS:          0 MSHR_MERGE:          0
cpu0->cpu0_STLB TRANSLATION  ACCESS:          0 HIT:          0 MISS:          0 MSHR_MERGE:          0
cpu0->cpu0_STLB PREFETCH REQUESTED:          0 ISSUED:          0 USEFUL:          0 USELESS:          0
cpu0->cpu0_STLB AVERAGE MISS LATENCY: 249.4 cycles
cpu0->cpu0_L2C TOTAL        ACCESS:    3772850 HIT:    2687428 MISS:    1085422 MSHR_MERGE:          0
cpu0->cpu0_L2C LOAD         ACCESS:    3564296 HIT:    2479319 MISS:    1084977 MSHR_MERGE:          0
cpu0->cpu0_L2C RFO          ACCESS:          0 HIT:          0 MISS:          0 MSHR_MERGE:          0
cpu0->cpu0_L2C PREFETCH     ACCESS:          0 HIT:          0 MISS:          0 MSHR_MERGE:          0
cpu0->cpu0_L2C WRITE        ACCESS:     205235 HIT:     205234 MISS:          1 MSHR_MERGE:          0
cpu0->cpu0_L2C TRANSLATION  ACCESS:       3319 HIT:       2875 MISS:        444 MSHR_MERGE:          0
cpu0->cpu0_L2C PREFETCH REQUESTED:          0 ISSUED:          0 USEFUL:          0 USELESS:          0
cpu0->cpu0_L2C AVERAGE MISS LATENCY: 106.2 cycles
cpu0->cpu0_L1I TOTAL        ACCESS:     144694 HIT:     144694 MISS:          0 MSHR_MERGE:          0
cpu0->cpu0_L1I LOAD         ACCESS:     144694 HIT:     144694 MISS:          0 MSHR_MERGE:          0
cpu0->cpu0_L1I RFO          ACCESS:          0 HIT:          0 MISS:          0 MSHR_MERGE:          0
cpu0->cpu0_L1I PREFETCH     ACCESS:          0 HIT:          0 MISS:          0 MSHR_MERGE:          0
cpu0->cpu0_L1I WRITE        ACCESS:          0 HIT:          0 MISS:          0 MSHR_MERGE:          0
cpu0->cpu0_L1I TRANSLATION  ACCESS:          0 HIT:          0 MISS:          0 MSHR_MERGE:          0
cpu0->cpu0_L1I PREFETCH REQUESTED:          0 ISSUED:          0 USEFUL:          0 USELESS:          0
cpu0->cpu0_L1I AVERAGE MISS LATENCY: - cycles
cpu0->cpu0_L1D TOTAL        ACCESS:   13111539 HIT:    8498288 MISS:    4613251 MSHR_MERGE:    1045633
cpu0->cpu0_L1D LOAD         ACCESS:   12866328 HIT:    8256396 MISS:    4609932 MSHR_MERGE:    1045633
cpu0->cpu0_L1D RFO          ACCESS:          0 HIT:          0 MISS:          0 MSHR_MERGE:          0
cpu0->cpu0_L1D PREFETCH     ACCESS:          0 HIT:          0 MISS:          0 MSHR_MERGE:          0
cpu0->cpu0_L1D WRITE        ACCESS:     238250 HIT:     238250 MISS:          0 MSHR_MERGE:          0
cpu0->cpu0_L1D TRANSLATION  ACCESS:       6961 HIT:       3642 MISS:       3319 MSHR_MERGE:          0
cpu0->cpu0_L1D PREFETCH REQUESTED:          0 ISSUED:          0 USEFUL:          0 USELESS:          0
cpu0->cpu0_L1D AVERAGE MISS LATENCY: 40.8 cycles
cpu0->cpu0_ITLB TOTAL        ACCESS:     135601 HIT:     135601 MISS:          0 MSHR_MERGE:          0
cpu0->cpu0_ITLB LOAD         ACCESS:     135601 HIT:     135601 MISS:          0 MSHR_MERGE:          0
cpu0->cpu0_ITLB RFO          ACCESS:          0 HIT:          0 MISS:          0 MSHR_MERGE:          0
cpu0->cpu0_ITLB PREFETCH     ACCESS:          0 HIT:          0 MISS:          0 MSHR_MERGE:          0
cpu0->cpu0_ITLB WRITE        ACCESS:          0 HIT:          0 MISS:          0 MSHR_MERGE:          0
cpu0->cpu0_ITLB TRANSLATION  ACCESS:          0 HIT:          0 MISS:          0 MSHR_MERGE:          0
cpu0->cpu0_ITLB PREFETCH REQUESTED:          0 ISSUED:          0 USEFUL:          0 USELESS:          0
cpu0->cpu0_ITLB AVERAGE MISS LATENCY: - cycles
cpu0->cpu0_DTLB TOTAL        ACCESS:   13104098 HIT:   10334087 MISS:    2770011 MSHR_MERGE:     460661
cpu0->cpu0_DTLB LOAD         ACCESS:   13104098 HIT:   10334087 MISS:    2770011 MSHR_MERGE:     460661
cpu0->cpu0_DTLB RFO          ACCESS:          0 HIT:          0 MISS:          0 MSHR_MERGE:          0
cpu0->cpu0_DTLB PREFETCH     ACCESS:          0 HIT:          0 MISS:          0 MSHR_MERGE:          0
cpu0->cpu0_DTLB WRITE        ACCESS:          0 HIT:          0 MISS:          0 MSHR_MERGE:          0
cpu0->cpu0_DTLB TRANSLATION  ACCESS:          0 HIT:          0 MISS:          0 MSHR_MERGE:          0
cpu0->cpu0_DTLB PREFETCH REQUESTED:          0 ISSUED:          0 USEFUL:          0 USELESS:          0
cpu0->cpu0_DTLB AVERAGE MISS LATENCY: 5.436 cycles
cpu0->LLC TOTAL        ACCESS:    1275752 HIT:     761001 MISS:     514751 MSHR_MERGE:          0
cpu0->LLC LOAD         ACCESS:    1084972 HIT:     628686 MISS:     456286 MSHR_MERGE:          0
cpu0->LLC RFO          ACCESS:          0 HIT:          0 MISS:          0 MSHR_MERGE:          0
cpu0->LLC PREFETCH     ACCESS:          0 HIT:          0 MISS:          0 MSHR_MERGE:          0
cpu0->LLC WRITE        ACCESS:     190336 HIT:     132315 MISS:      58021 MSHR_MERGE:          0
cpu0->LLC TRANSLATION  ACCESS:        444 HIT:          0 MISS:        444 MSHR_MERGE:          0
cpu0->LLC PREFETCH REQUESTED:          0 ISSUED:          0 USEFUL:          0 USELESS:          0
cpu0->LLC AVERAGE MISS LATENCY: 178.5 cycles

DRAM Statistics

Channel 0 RQ ROW_BUFFER_HIT:        611
  ROW_BUFFER_MISS:     456105
  AVG DBUS CONGESTED CYCLE: 31.27
Channel 0 WQ ROW_BUFFER_HIT:      16237
  ROW_BUFFER_MISS:      61014
  FULL:          0
Channel 0 REFRESHES ISSUED:      10315


--- STDERR ---



=== TRACE: traces/GAP/cc-14.trace.gz ===
COMMAND: ./bin/1C.fullBW.nopref --warmup-instructions=10000000 --simulation-instructions=50000000 traces/GAP/cc-14.trace.gz
RETURNCODE: 0

--- STDOUT ---
[VMEM] WARNING: physical memory size is smaller than virtual memory size.

*** ChampSim Multicore Out-of-Order Simulator ***
Warmup Instructions: 10000000
Simulation Instructions: 50000000
Number of CPUs: 1
Page size: 4096
Core 0: traces/GAP/cc-14.trace.gz
Off-chip DRAM Size: 64 GiB Channels: 1 Width: 64-bit Data Rate: 4807 MT/s
Heartbeat CPU 0 instructions: 500004 cycles: 151570 heartbeat IPC: 3.299 cumulative IPC: 3.299 (Simulation time: 00 hr 00 min 02 sec)
Heartbeat CPU 0 instructions: 1000005 cycles: 299495 heartbeat IPC: 3.38 cumulative IPC: 3.339 (Simulation time: 00 hr 00 min 03 sec)
Heartbeat CPU 0 instructions: 1500005 cycles: 447062 heartbeat IPC: 3.388 cumulative IPC: 3.355 (Simulation time: 00 hr 00 min 04 sec)
Heartbeat CPU 0 instructions: 2000009 cycles: 557087 heartbeat IPC: 4.544 cumulative IPC: 3.59 (Simulation time: 00 hr 00 min 06 sec)
Heartbeat CPU 0 instructions: 2500011 cycles: 660096 heartbeat IPC: 4.854 cumulative IPC: 3.787 (Simulation time: 00 hr 00 min 07 sec)
Heartbeat CPU 0 instructions: 3000012 cycles: 763324 heartbeat IPC: 4.844 cumulative IPC: 3.93 (Simulation time: 00 hr 00 min 08 sec)
Heartbeat CPU 0 instructions: 3500014 cycles: 866633 heartbeat IPC: 4.84 cumulative IPC: 4.039 (Simulation time: 00 hr 00 min 09 sec)
Heartbeat CPU 0 instructions: 4000020 cycles: 969847 heartbeat IPC: 4.844 cumulative IPC: 4.124 (Simulation time: 00 hr 00 min 11 sec)
Heartbeat CPU 0 instructions: 4500024 cycles: 1073153 heartbeat IPC: 4.84 cumulative IPC: 4.193 (Simulation time: 00 hr 00 min 12 sec)
Heartbeat CPU 0 instructions: 5000030 cycles: 1176685 heartbeat IPC: 4.829 cumulative IPC: 4.249 (Simulation time: 00 hr 00 min 13 sec)
Heartbeat CPU 0 instructions: 5500034 cycles: 1280106 heartbeat IPC: 4.835 cumulative IPC: 4.297 (Simulation time: 00 hr 00 min 14 sec)
Heartbeat CPU 0 instructions: 6000041 cycles: 1383336 heartbeat IPC: 4.844 cumulative IPC: 4.337 (Simulation time: 00 hr 00 min 15 sec)
Heartbeat CPU 0 instructions: 6500048 cycles: 1486773 heartbeat IPC: 4.834 cumulative IPC: 4.372 (Simulation time: 00 hr 00 min 16 sec)
Heartbeat CPU 0 instructions: 7000054 cycles: 1590196 heartbeat IPC: 4.835 cumulative IPC: 4.402 (Simulation time: 00 hr 00 min 17 sec)
Heartbeat CPU 0 instructions: 7500055 cycles: 1693282 heartbeat IPC: 4.85 cumulative IPC: 4.429 (Simulation time: 00 hr 00 min 18 sec)
Heartbeat CPU 0 instructions: 8000055 cycles: 1796708 heartbeat IPC: 4.834 cumulative IPC: 4.453 (Simulation time: 00 hr 00 min 20 sec)
Heartbeat CPU 0 instructions: 8500060 cycles: 1900147 heartbeat IPC: 4.834 cumulative IPC: 4.473 (Simulation time: 00 hr 00 min 21 sec)
Heartbeat CPU 0 instructions: 9000066 cycles: 2003603 heartbeat IPC: 4.833 cumulative IPC: 4.492 (Simulation time: 00 hr 00 min 22 sec)
Heartbeat CPU 0 instructions: 9500073 cycles: 2106920 heartbeat IPC: 4.84 cumulative IPC: 4.509 (Simulation time: 00 hr 00 min 23 sec)
Warmup finished CPU 0 instructions: 10000005 cycles: 2210248 cumulative IPC: 4.524 (Simulation time: 00 hr 00 min 24 sec)
Warmup complete CPU 0 instructions: 10000005 cycles: 2210248 cumulative IPC: 4.524 (Simulation time: 00 hr 00 min 24 sec)
Heartbeat CPU 0 instructions: 10000074 cycles: 2210440 heartbeat IPC: 4.83 cumulative IPC: 0.3594 (Simulation time: 00 hr 00 min 24 sec)
Heartbeat CPU 0 instructions: 10500077 cycles: 3746725 heartbeat IPC: 0.3255 cumulative IPC: 0.3255 (Simulation time: 00 hr 00 min 31 sec)
Heartbeat CPU 0 instructions: 11000082 cycles: 5211884 heartbeat IPC: 0.3413 cumulative IPC: 0.3332 (Simulation time: 00 hr 00 min 36 sec)
Heartbeat CPU 0 instructions: 11500083 cycles: 6699256 heartbeat IPC: 0.3362 cumulative IPC: 0.3342 (Simulation time: 00 hr 00 min 42 sec)
Heartbeat CPU 0 instructions: 12000085 cycles: 8224029 heartbeat IPC: 0.3279 cumulative IPC: 0.3326 (Simulation time: 00 hr 00 min 48 sec)
Heartbeat CPU 0 instructions: 12500087 cycles: 9568772 heartbeat IPC: 0.3718 cumulative IPC: 0.3398 (Simulation time: 00 hr 00 min 54 sec)
Heartbeat CPU 0 instructions: 13000087 cycles: 11023431 heartbeat IPC: 0.3437 cumulative IPC: 0.3404 (Simulation time: 00 hr 01 min 00 sec)
Heartbeat CPU 0 instructions: 13500087 cycles: 12426193 heartbeat IPC: 0.3564 cumulative IPC: 0.3426 (Simulation time: 00 hr 01 min 06 sec)
Heartbeat CPU 0 instructions: 14000087 cycles: 13906602 heartbeat IPC: 0.3377 cumulative IPC: 0.342 (Simulation time: 00 hr 01 min 12 sec)
Heartbeat CPU 0 instructions: 14500087 cycles: 15390277 heartbeat IPC: 0.337 cumulative IPC: 0.3414 (Simulation time: 00 hr 01 min 18 sec)
Heartbeat CPU 0 instructions: 15000087 cycles: 16988840 heartbeat IPC: 0.3128 cumulative IPC: 0.3383 (Simulation time: 00 hr 01 min 25 sec)
Heartbeat CPU 0 instructions: 15500088 cycles: 18489715 heartbeat IPC: 0.3331 cumulative IPC: 0.3379 (Simulation time: 00 hr 01 min 31 sec)
Heartbeat CPU 0 instructions: 16000088 cycles: 19959933 heartbeat IPC: 0.3401 cumulative IPC: 0.338 (Simulation time: 00 hr 01 min 37 sec)
Heartbeat CPU 0 instructions: 16500089 cycles: 21483142 heartbeat IPC: 0.3283 cumulative IPC: 0.3373 (Simulation time: 00 hr 01 min 43 sec)
Heartbeat CPU 0 instructions: 17000094 cycles: 22974847 heartbeat IPC: 0.3352 cumulative IPC: 0.3371 (Simulation time: 00 hr 01 min 49 sec)
Heartbeat CPU 0 instructions: 17500094 cycles: 24429274 heartbeat IPC: 0.3438 cumulative IPC: 0.3376 (Simulation time: 00 hr 01 min 55 sec)
Heartbeat CPU 0 instructions: 18000096 cycles: 25889731 heartbeat IPC: 0.3424 cumulative IPC: 0.3378 (Simulation time: 00 hr 02 min 02 sec)
Heartbeat CPU 0 instructions: 18500096 cycles: 27323055 heartbeat IPC: 0.3488 cumulative IPC: 0.3385 (Simulation time: 00 hr 02 min 08 sec)
Heartbeat CPU 0 instructions: 19000098 cycles: 28753839 heartbeat IPC: 0.3495 cumulative IPC: 0.3391 (Simulation time: 00 hr 02 min 13 sec)
Heartbeat CPU 0 instructions: 19500099 cycles: 30059212 heartbeat IPC: 0.383 cumulative IPC: 0.3411 (Simulation time: 00 hr 02 min 19 sec)
Heartbeat CPU 0 instructions: 20000099 cycles: 31409103 heartbeat IPC: 0.3704 cumulative IPC: 0.3425 (Simulation time: 00 hr 02 min 25 sec)
Heartbeat CPU 0 instructions: 20500100 cycles: 32747317 heartbeat IPC: 0.3736 cumulative IPC: 0.3438 (Simulation time: 00 hr 02 min 30 sec)
Heartbeat CPU 0 instructions: 21000101 cycles: 34253717 heartbeat IPC: 0.3319 cumulative IPC: 0.3433 (Simulation time: 00 hr 02 min 36 sec)
Heartbeat CPU 0 instructions: 21500101 cycles: 35758503 heartbeat IPC: 0.3323 cumulative IPC: 0.3428 (Simulation time: 00 hr 02 min 42 sec)
Heartbeat CPU 0 instructions: 22000104 cycles: 37162824 heartbeat IPC: 0.356 cumulative IPC: 0.3433 (Simulation time: 00 hr 02 min 47 sec)
Heartbeat CPU 0 instructions: 22500104 cycles: 38577268 heartbeat IPC: 0.3535 cumulative IPC: 0.3437 (Simulation time: 00 hr 02 min 53 sec)
Heartbeat CPU 0 instructions: 23000106 cycles: 39963792 heartbeat IPC: 0.3606 cumulative IPC: 0.3443 (Simulation time: 00 hr 02 min 59 sec)
Heartbeat CPU 0 instructions: 23500108 cycles: 41318800 heartbeat IPC: 0.369 cumulative IPC: 0.3452 (Simulation time: 00 hr 03 min 04 sec)
Heartbeat CPU 0 instructions: 24000114 cycles: 42629626 heartbeat IPC: 0.3814 cumulative IPC: 0.3464 (Simulation time: 00 hr 03 min 10 sec)
Heartbeat CPU 0 instructions: 24500114 cycles: 43955910 heartbeat IPC: 0.377 cumulative IPC: 0.3473 (Simulation time: 00 hr 03 min 15 sec)
Heartbeat CPU 0 instructions: 25000120 cycles: 45216030 heartbeat IPC: 0.3968 cumulative IPC: 0.3488 (Simulation time: 00 hr 03 min 20 sec)
Heartbeat CPU 0 instructions: 25500120 cycles: 46553916 heartbeat IPC: 0.3737 cumulative IPC: 0.3495 (Simulation time: 00 hr 03 min 26 sec)
Heartbeat CPU 0 instructions: 26000124 cycles: 48023981 heartbeat IPC: 0.3401 cumulative IPC: 0.3492 (Simulation time: 00 hr 03 min 32 sec)
Heartbeat CPU 0 instructions: 26500130 cycles: 49562221 heartbeat IPC: 0.3251 cumulative IPC: 0.3485 (Simulation time: 00 hr 03 min 38 sec)
Heartbeat CPU 0 instructions: 27000130 cycles: 50897138 heartbeat IPC: 0.3746 cumulative IPC: 0.3492 (Simulation time: 00 hr 03 min 43 sec)
Heartbeat CPU 0 instructions: 27500133 cycles: 52437792 heartbeat IPC: 0.3245 cumulative IPC: 0.3484 (Simulation time: 00 hr 03 min 50 sec)
Heartbeat CPU 0 instructions: 28000134 cycles: 53707839 heartbeat IPC: 0.3937 cumulative IPC: 0.3495 (Simulation time: 00 hr 03 min 55 sec)
Heartbeat CPU 0 instructions: 28500135 cycles: 54917598 heartbeat IPC: 0.4133 cumulative IPC: 0.351 (Simulation time: 00 hr 04 min 00 sec)
Heartbeat CPU 0 instructions: 29000138 cycles: 56202983 heartbeat IPC: 0.389 cumulative IPC: 0.3519 (Simulation time: 00 hr 04 min 06 sec)
Heartbeat CPU 0 instructions: 29500139 cycles: 57524388 heartbeat IPC: 0.3784 cumulative IPC: 0.3525 (Simulation time: 00 hr 04 min 11 sec)
Heartbeat CPU 0 instructions: 30000140 cycles: 58824441 heartbeat IPC: 0.3846 cumulative IPC: 0.3533 (Simulation time: 00 hr 04 min 17 sec)
Heartbeat CPU 0 instructions: 30500141 cycles: 60318671 heartbeat IPC: 0.3346 cumulative IPC: 0.3528 (Simulation time: 00 hr 04 min 22 sec)
Heartbeat CPU 0 instructions: 31000142 cycles: 61694306 heartbeat IPC: 0.3635 cumulative IPC: 0.353 (Simulation time: 00 hr 04 min 28 sec)
Heartbeat CPU 0 instructions: 31500144 cycles: 63050409 heartbeat IPC: 0.3687 cumulative IPC: 0.3534 (Simulation time: 00 hr 04 min 34 sec)
Heartbeat CPU 0 instructions: 32000147 cycles: 64304611 heartbeat IPC: 0.3987 cumulative IPC: 0.3543 (Simulation time: 00 hr 04 min 39 sec)
Heartbeat CPU 0 instructions: 32500149 cycles: 65694356 heartbeat IPC: 0.3598 cumulative IPC: 0.3544 (Simulation time: 00 hr 04 min 45 sec)
Heartbeat CPU 0 instructions: 33000149 cycles: 66928462 heartbeat IPC: 0.4052 cumulative IPC: 0.3554 (Simulation time: 00 hr 04 min 50 sec)
Heartbeat CPU 0 instructions: 33500149 cycles: 68256449 heartbeat IPC: 0.3765 cumulative IPC: 0.3558 (Simulation time: 00 hr 04 min 55 sec)
Heartbeat CPU 0 instructions: 34000152 cycles: 69688362 heartbeat IPC: 0.3492 cumulative IPC: 0.3557 (Simulation time: 00 hr 05 min 01 sec)
Heartbeat CPU 0 instructions: 34500153 cycles: 70954231 heartbeat IPC: 0.395 cumulative IPC: 0.3564 (Simulation time: 00 hr 05 min 07 sec)
Heartbeat CPU 0 instructions: 35000156 cycles: 72178740 heartbeat IPC: 0.4083 cumulative IPC: 0.3573 (Simulation time: 00 hr 05 min 12 sec)
Heartbeat CPU 0 instructions: 35500161 cycles: 73501265 heartbeat IPC: 0.3781 cumulative IPC: 0.3577 (Simulation time: 00 hr 05 min 18 sec)
Heartbeat CPU 0 instructions: 36000162 cycles: 74879788 heartbeat IPC: 0.3627 cumulative IPC: 0.3578 (Simulation time: 00 hr 05 min 23 sec)
Heartbeat CPU 0 instructions: 36500166 cycles: 76275031 heartbeat IPC: 0.3584 cumulative IPC: 0.3578 (Simulation time: 00 hr 05 min 29 sec)
Heartbeat CPU 0 instructions: 37000166 cycles: 77539192 heartbeat IPC: 0.3955 cumulative IPC: 0.3584 (Simulation time: 00 hr 05 min 34 sec)
Heartbeat CPU 0 instructions: 37500168 cycles: 78831905 heartbeat IPC: 0.3868 cumulative IPC: 0.3589 (Simulation time: 00 hr 05 min 40 sec)
Heartbeat CPU 0 instructions: 38000168 cycles: 80185894 heartbeat IPC: 0.3693 cumulative IPC: 0.3591 (Simulation time: 00 hr 05 min 45 sec)
Heartbeat CPU 0 instructions: 38500171 cycles: 81617222 heartbeat IPC: 0.3493 cumulative IPC: 0.3589 (Simulation time: 00 hr 05 min 51 sec)
Heartbeat CPU 0 instructions: 39000172 cycles: 83026417 heartbeat IPC: 0.3548 cumulative IPC: 0.3588 (Simulation time: 00 hr 05 min 56 sec)
Heartbeat CPU 0 instructions: 39500173 cycles: 84409303 heartbeat IPC: 0.3616 cumulative IPC: 0.3589 (Simulation time: 00 hr 06 min 02 sec)
Heartbeat CPU 0 instructions: 40000175 cycles: 85634493 heartbeat IPC: 0.4081 cumulative IPC: 0.3596 (Simulation time: 00 hr 06 min 07 sec)
Heartbeat CPU 0 instructions: 40500175 cycles: 86964333 heartbeat IPC: 0.376 cumulative IPC: 0.3599 (Simulation time: 00 hr 06 min 13 sec)
Heartbeat CPU 0 instructions: 41000175 cycles: 88369971 heartbeat IPC: 0.3557 cumulative IPC: 0.3598 (Simulation time: 00 hr 06 min 19 sec)
Heartbeat CPU 0 instructions: 41500175 cycles: 89792431 heartbeat IPC: 0.3515 cumulative IPC: 0.3597 (Simulation time: 00 hr 06 min 24 sec)
Heartbeat CPU 0 instructions: 42000180 cycles: 91198463 heartbeat IPC: 0.3556 cumulative IPC: 0.3596 (Simulation time: 00 hr 06 min 30 sec)
Heartbeat CPU 0 instructions: 42500186 cycles: 92593036 heartbeat IPC: 0.3585 cumulative IPC: 0.3596 (Simulation time: 00 hr 06 min 35 sec)
Heartbeat CPU 0 instructions: 43000188 cycles: 94068217 heartbeat IPC: 0.3389 cumulative IPC: 0.3593 (Simulation time: 00 hr 06 min 41 sec)
Heartbeat CPU 0 instructions: 43500191 cycles: 95421689 heartbeat IPC: 0.3694 cumulative IPC: 0.3594 (Simulation time: 00 hr 06 min 46 sec)
Heartbeat CPU 0 instructions: 44000192 cycles: 96828296 heartbeat IPC: 0.3555 cumulative IPC: 0.3593 (Simulation time: 00 hr 06 min 51 sec)
Heartbeat CPU 0 instructions: 44500192 cycles: 98209220 heartbeat IPC: 0.3621 cumulative IPC: 0.3594 (Simulation time: 00 hr 06 min 57 sec)
Heartbeat CPU 0 instructions: 45000198 cycles: 99518430 heartbeat IPC: 0.3819 cumulative IPC: 0.3597 (Simulation time: 00 hr 07 min 02 sec)
Heartbeat CPU 0 instructions: 45500198 cycles: 100847471 heartbeat IPC: 0.3762 cumulative IPC: 0.3599 (Simulation time: 00 hr 07 min 07 sec)
Heartbeat CPU 0 instructions: 46000198 cycles: 102149287 heartbeat IPC: 0.3841 cumulative IPC: 0.3602 (Simulation time: 00 hr 07 min 12 sec)
Heartbeat CPU 0 instructions: 46500199 cycles: 103343217 heartbeat IPC: 0.4188 cumulative IPC: 0.3609 (Simulation time: 00 hr 07 min 17 sec)
Heartbeat CPU 0 instructions: 47000201 cycles: 104602637 heartbeat IPC: 0.397 cumulative IPC: 0.3614 (Simulation time: 00 hr 07 min 22 sec)
Heartbeat CPU 0 instructions: 47500201 cycles: 105803952 heartbeat IPC: 0.4162 cumulative IPC: 0.362 (Simulation time: 00 hr 07 min 27 sec)
Heartbeat CPU 0 instructions: 48000203 cycles: 106977484 heartbeat IPC: 0.4261 cumulative IPC: 0.3627 (Simulation time: 00 hr 07 min 32 sec)
Heartbeat CPU 0 instructions: 48500204 cycles: 108225011 heartbeat IPC: 0.4008 cumulative IPC: 0.3632 (Simulation time: 00 hr 07 min 37 sec)
Heartbeat CPU 0 instructions: 49000208 cycles: 109549679 heartbeat IPC: 0.3775 cumulative IPC: 0.3633 (Simulation time: 00 hr 07 min 42 sec)
Heartbeat CPU 0 instructions: 49500209 cycles: 110777660 heartbeat IPC: 0.4072 cumulative IPC: 0.3638 (Simulation time: 00 hr 07 min 47 sec)
Heartbeat CPU 0 instructions: 50000209 cycles: 112117919 heartbeat IPC: 0.3731 cumulative IPC: 0.3639 (Simulation time: 00 hr 07 min 52 sec)
Heartbeat CPU 0 instructions: 50500210 cycles: 113475080 heartbeat IPC: 0.3684 cumulative IPC: 0.364 (Simulation time: 00 hr 07 min 58 sec)
Heartbeat CPU 0 instructions: 51000213 cycles: 114752574 heartbeat IPC: 0.3914 cumulative IPC: 0.3643 (Simulation time: 00 hr 08 min 03 sec)
Heartbeat CPU 0 instructions: 51500216 cycles: 116061921 heartbeat IPC: 0.3819 cumulative IPC: 0.3645 (Simulation time: 00 hr 08 min 08 sec)
Heartbeat CPU 0 instructions: 52000217 cycles: 117255342 heartbeat IPC: 0.419 cumulative IPC: 0.3651 (Simulation time: 00 hr 08 min 13 sec)
Heartbeat CPU 0 instructions: 52500217 cycles: 118485586 heartbeat IPC: 0.4064 cumulative IPC: 0.3655 (Simulation time: 00 hr 08 min 18 sec)
Heartbeat CPU 0 instructions: 53000217 cycles: 119763983 heartbeat IPC: 0.3911 cumulative IPC: 0.3658 (Simulation time: 00 hr 08 min 23 sec)
Heartbeat CPU 0 instructions: 53500218 cycles: 121012414 heartbeat IPC: 0.4005 cumulative IPC: 0.3662 (Simulation time: 00 hr 08 min 28 sec)
Heartbeat CPU 0 instructions: 54000218 cycles: 122346522 heartbeat IPC: 0.3748 cumulative IPC: 0.3663 (Simulation time: 00 hr 08 min 34 sec)
Heartbeat CPU 0 instructions: 54500221 cycles: 123552962 heartbeat IPC: 0.4144 cumulative IPC: 0.3667 (Simulation time: 00 hr 08 min 39 sec)
Heartbeat CPU 0 instructions: 55000221 cycles: 124845479 heartbeat IPC: 0.3868 cumulative IPC: 0.3669 (Simulation time: 00 hr 08 min 44 sec)
Heartbeat CPU 0 instructions: 55500221 cycles: 126150346 heartbeat IPC: 0.3832 cumulative IPC: 0.3671 (Simulation time: 00 hr 08 min 49 sec)
Heartbeat CPU 0 instructions: 56000221 cycles: 127591000 heartbeat IPC: 0.3471 cumulative IPC: 0.3669 (Simulation time: 00 hr 08 min 54 sec)
Heartbeat CPU 0 instructions: 56500223 cycles: 128945046 heartbeat IPC: 0.3693 cumulative IPC: 0.3669 (Simulation time: 00 hr 08 min 59 sec)
Heartbeat CPU 0 instructions: 57000224 cycles: 130235581 heartbeat IPC: 0.3874 cumulative IPC: 0.3671 (Simulation time: 00 hr 09 min 04 sec)
Heartbeat CPU 0 instructions: 57500224 cycles: 131490019 heartbeat IPC: 0.3986 cumulative IPC: 0.3674 (Simulation time: 00 hr 09 min 09 sec)
Heartbeat CPU 0 instructions: 58000224 cycles: 132911586 heartbeat IPC: 0.3517 cumulative IPC: 0.3673 (Simulation time: 00 hr 09 min 13 sec)
Heartbeat CPU 0 instructions: 58500224 cycles: 134278769 heartbeat IPC: 0.3657 cumulative IPC: 0.3672 (Simulation time: 00 hr 09 min 17 sec)
Heartbeat CPU 0 instructions: 59000224 cycles: 135564459 heartbeat IPC: 0.3889 cumulative IPC: 0.3674 (Simulation time: 00 hr 09 min 22 sec)
Heartbeat CPU 0 instructions: 59500225 cycles: 137094460 heartbeat IPC: 0.3268 cumulative IPC: 0.367 (Simulation time: 00 hr 09 min 26 sec)
Simulation finished CPU 0 instructions: 50000006 cycles: 136175229 cumulative IPC: 0.3672 (Simulation time: 00 hr 09 min 31 sec)
Simulation complete CPU 0 instructions: 50000006 cycles: 136175229 cumulative IPC: 0.3672 (Simulation time: 00 hr 09 min 31 sec)

ChampSim completed all CPUs

=== Simulation ===
CPU 0 runs traces/GAP/cc-14.trace.gz

Region of Interest Statistics

CPU 0 cumulative IPC: 0.3672 instructions: 50000006 cycles: 136175229
CPU 0 Branch Prediction Accuracy: 91.01% MPKI: 17.9 Average ROB Occupancy at Mispredict: 33.71
Branch type MPKI
BRANCH_DIRECT_JUMP: 0
BRANCH_INDIRECT: 0
BRANCH_CONDITIONAL: 17.9
BRANCH_DIRECT_CALL: 0
BRANCH_INDIRECT_CALL: 0
BRANCH_RETURN: 0

cpu0->cpu0_STLB TOTAL        ACCESS:    2366266 HIT:    2362703 MISS:       3563 MSHR_MERGE:          0
cpu0->cpu0_STLB LOAD         ACCESS:    2366266 HIT:    2362703 MISS:       3563 MSHR_MERGE:          0
cpu0->cpu0_STLB RFO          ACCESS:          0 HIT:          0 MISS:          0 MSHR_MERGE:          0
cpu0->cpu0_STLB PREFETCH     ACCESS:          0 HIT:          0 MISS:          0 MSHR_MERGE:          0
cpu0->cpu0_STLB WRITE        ACCESS:          0 HIT:          0 MISS:          0 MSHR_MERGE:          0
cpu0->cpu0_STLB TRANSLATION  ACCESS:          0 HIT:          0 MISS:          0 MSHR_MERGE:          0
cpu0->cpu0_STLB PREFETCH REQUESTED:          0 ISSUED:          0 USEFUL:          0 USELESS:          0
cpu0->cpu0_STLB AVERAGE MISS LATENCY: 247.9 cycles
cpu0->cpu0_L2C TOTAL        ACCESS:    3829400 HIT:    2720729 MISS:    1108671 MSHR_MERGE:          0
cpu0->cpu0_L2C LOAD         ACCESS:    3621454 HIT:    2513239 MISS:    1108215 MSHR_MERGE:          0
cpu0->cpu0_L2C RFO          ACCESS:          0 HIT:          0 MISS:          0 MSHR_MERGE:          0
cpu0->cpu0_L2C PREFETCH     ACCESS:          0 HIT:          0 MISS:          0 MSHR_MERGE:          0
cpu0->cpu0_L2C WRITE        ACCESS:     204546 HIT:     204545 MISS:          1 MSHR_MERGE:          0
cpu0->cpu0_L2C TRANSLATION  ACCESS:       3400 HIT:       2945 MISS:        455 MSHR_MERGE:          0
cpu0->cpu0_L2C PREFETCH REQUESTED:          0 ISSUED:          0 USEFUL:          0 USELESS:          0
cpu0->cpu0_L2C AVERAGE MISS LATENCY: 106 cycles
cpu0->cpu0_L1I TOTAL        ACCESS:     122596 HIT:     122596 MISS:          0 MSHR_MERGE:          0
cpu0->cpu0_L1I LOAD         ACCESS:     122596 HIT:     122596 MISS:          0 MSHR_MERGE:          0
cpu0->cpu0_L1I RFO          ACCESS:          0 HIT:          0 MISS:          0 MSHR_MERGE:          0
cpu0->cpu0_L1I PREFETCH     ACCESS:          0 HIT:          0 MISS:          0 MSHR_MERGE:          0
cpu0->cpu0_L1I WRITE        ACCESS:          0 HIT:          0 MISS:          0 MSHR_MERGE:          0
cpu0->cpu0_L1I TRANSLATION  ACCESS:          0 HIT:          0 MISS:          0 MSHR_MERGE:          0
cpu0->cpu0_L1I PREFETCH REQUESTED:          0 ISSUED:          0 USEFUL:          0 USELESS:          0
cpu0->cpu0_L1I AVERAGE MISS LATENCY: - cycles
cpu0->cpu0_L1D TOTAL        ACCESS:   13316807 HIT:    8761822 MISS:    4554985 MSHR_MERGE:     930130
cpu0->cpu0_L1D LOAD         ACCESS:   13072171 HIT:    8520586 MISS:    4551585 MSHR_MERGE:     930130
cpu0->cpu0_L1D RFO          ACCESS:          0 HIT:          0 MISS:          0 MSHR_MERGE:          0
cpu0->cpu0_L1D PREFETCH     ACCESS:          0 HIT:          0 MISS:          0 MSHR_MERGE:          0
cpu0->cpu0_L1D WRITE        ACCESS:     237503 HIT:     237503 MISS:          0 MSHR_MERGE:          0
cpu0->cpu0_L1D TRANSLATION  ACCESS:       7133 HIT:       3733 MISS:       3400 MSHR_MERGE:          0
cpu0->cpu0_L1D PREFETCH REQUESTED:          0 ISSUED:          0 USEFUL:          0 USELESS:          0
cpu0->cpu0_L1D AVERAGE MISS LATENCY: 40.91 cycles
cpu0->cpu0_ITLB TOTAL        ACCESS:     114775 HIT:     114775 MISS:          0 MSHR_MERGE:          0
cpu0->cpu0_ITLB LOAD         ACCESS:     114775 HIT:     114775 MISS:          0 MSHR_MERGE:          0
cpu0->cpu0_ITLB RFO          ACCESS:          0 HIT:          0 MISS:          0 MSHR_MERGE:          0
cpu0->cpu0_ITLB PREFETCH     ACCESS:          0 HIT:          0 MISS:          0 MSHR_MERGE:          0
cpu0->cpu0_ITLB WRITE        ACCESS:          0 HIT:          0 MISS:          0 MSHR_MERGE:          0
cpu0->cpu0_ITLB TRANSLATION  ACCESS:          0 HIT:          0 MISS:          0 MSHR_MERGE:          0
cpu0->cpu0_ITLB PREFETCH REQUESTED:          0 ISSUED:          0 USEFUL:          0 USELESS:          0
cpu0->cpu0_ITLB AVERAGE MISS LATENCY: - cycles
cpu0->cpu0_DTLB TOTAL        ACCESS:   13309458 HIT:   10505508 MISS:    2803950 MSHR_MERGE:     437684
cpu0->cpu0_DTLB LOAD         ACCESS:   13309458 HIT:   10505508 MISS:    2803950 MSHR_MERGE:     437684
cpu0->cpu0_DTLB RFO          ACCESS:          0 HIT:          0 MISS:          0 MSHR_MERGE:          0
cpu0->cpu0_DTLB PREFETCH     ACCESS:          0 HIT:          0 MISS:          0 MSHR_MERGE:          0
cpu0->cpu0_DTLB WRITE        ACCESS:          0 HIT:          0 MISS:          0 MSHR_MERGE:          0
cpu0->cpu0_DTLB TRANSLATION  ACCESS:          0 HIT:          0 MISS:          0 MSHR_MERGE:          0
cpu0->cpu0_DTLB PREFETCH REQUESTED:          0 ISSUED:          0 USEFUL:          0 USELESS:          0
cpu0->cpu0_DTLB AVERAGE MISS LATENCY: 5.425 cycles
cpu0->LLC TOTAL        ACCESS:    1298643 HIT:     773116 MISS:     525527 MSHR_MERGE:          0
cpu0->LLC LOAD         ACCESS:    1108215 HIT:     641158 MISS:     467057 MSHR_MERGE:          0
cpu0->LLC RFO          ACCESS:          0 HIT:          0 MISS:          0 MSHR_MERGE:          0
cpu0->LLC PREFETCH     ACCESS:          0 HIT:          0 MISS:          0 MSHR_MERGE:          0
cpu0->LLC WRITE        ACCESS:     189973 HIT:     131957 MISS:      58016 MSHR_MERGE:          0
cpu0->LLC TRANSLATION  ACCESS:        455 HIT:          1 MISS:        454 MSHR_MERGE:          0
cpu0->LLC PREFETCH REQUESTED:          0 ISSUED:          0 USEFUL:          0 USELESS:          0
cpu0->LLC AVERAGE MISS LATENCY: 178.2 cycles

DRAM Statistics

Channel 0 RQ ROW_BUFFER_HIT:        513
  ROW_BUFFER_MISS:     466987
  AVG DBUS CONGESTED CYCLE: 30.84
Channel 0 WQ ROW_BUFFER_HIT:      15639
  ROW_BUFFER_MISS:      61854
  FULL:          0
Channel 0 REFRESHES ISSUED:      11347


--- STDERR ---



=== TRACE: traces/GAP/cc-13.trace.gz ===
COMMAND: ./bin/1C.fullBW.nopref --warmup-instructions=10000000 --simulation-instructions=50000000 traces/GAP/cc-13.trace.gz
RETURNCODE: 0

--- STDOUT ---
[VMEM] WARNING: physical memory size is smaller than virtual memory size.

*** ChampSim Multicore Out-of-Order Simulator ***
Warmup Instructions: 10000000
Simulation Instructions: 50000000
Number of CPUs: 1
Page size: 4096
Core 0: traces/GAP/cc-13.trace.gz
Off-chip DRAM Size: 64 GiB Channels: 1 Width: 64-bit Data Rate: 4807 MT/s
Heartbeat CPU 0 instructions: 500004 cycles: 151542 heartbeat IPC: 3.299 cumulative IPC: 3.299 (Simulation time: 00 hr 00 min 02 sec)
Heartbeat CPU 0 instructions: 1000005 cycles: 299254 heartbeat IPC: 3.385 cumulative IPC: 3.342 (Simulation time: 00 hr 00 min 03 sec)
Heartbeat CPU 0 instructions: 1500005 cycles: 446818 heartbeat IPC: 3.388 cumulative IPC: 3.357 (Simulation time: 00 hr 00 min 04 sec)
Heartbeat CPU 0 instructions: 2000005 cycles: 556853 heartbeat IPC: 4.544 cumulative IPC: 3.592 (Simulation time: 00 hr 00 min 06 sec)
Heartbeat CPU 0 instructions: 2500012 cycles: 659969 heartbeat IPC: 4.849 cumulative IPC: 3.788 (Simulation time: 00 hr 00 min 07 sec)
Heartbeat CPU 0 instructions: 3000019 cycles: 763050 heartbeat IPC: 4.851 cumulative IPC: 3.932 (Simulation time: 00 hr 00 min 08 sec)
Heartbeat CPU 0 instructions: 3500021 cycles: 866369 heartbeat IPC: 4.839 cumulative IPC: 4.04 (Simulation time: 00 hr 00 min 09 sec)
Heartbeat CPU 0 instructions: 4000028 cycles: 969983 heartbeat IPC: 4.826 cumulative IPC: 4.124 (Simulation time: 00 hr 00 min 11 sec)
Heartbeat CPU 0 instructions: 4500032 cycles: 1073414 heartbeat IPC: 4.834 cumulative IPC: 4.192 (Simulation time: 00 hr 00 min 12 sec)
Heartbeat CPU 0 instructions: 5000032 cycles: 1176642 heartbeat IPC: 4.844 cumulative IPC: 4.249 (Simulation time: 00 hr 00 min 13 sec)
Heartbeat CPU 0 instructions: 5500032 cycles: 1280069 heartbeat IPC: 4.834 cumulative IPC: 4.297 (Simulation time: 00 hr 00 min 14 sec)
Heartbeat CPU 0 instructions: 6000035 cycles: 1383490 heartbeat IPC: 4.835 cumulative IPC: 4.337 (Simulation time: 00 hr 00 min 15 sec)
Heartbeat CPU 0 instructions: 6500039 cycles: 1486910 heartbeat IPC: 4.835 cumulative IPC: 4.372 (Simulation time: 00 hr 00 min 16 sec)
Heartbeat CPU 0 instructions: 7000042 cycles: 1590330 heartbeat IPC: 4.835 cumulative IPC: 4.402 (Simulation time: 00 hr 00 min 17 sec)
Heartbeat CPU 0 instructions: 7500043 cycles: 1693958 heartbeat IPC: 4.825 cumulative IPC: 4.428 (Simulation time: 00 hr 00 min 19 sec)
Heartbeat CPU 0 instructions: 8000043 cycles: 1797285 heartbeat IPC: 4.839 cumulative IPC: 4.451 (Simulation time: 00 hr 00 min 20 sec)
Heartbeat CPU 0 instructions: 8500045 cycles: 1900929 heartbeat IPC: 4.824 cumulative IPC: 4.472 (Simulation time: 00 hr 00 min 21 sec)
Heartbeat CPU 0 instructions: 9000050 cycles: 2004483 heartbeat IPC: 4.828 cumulative IPC: 4.49 (Simulation time: 00 hr 00 min 22 sec)
Heartbeat CPU 0 instructions: 9500057 cycles: 2107919 heartbeat IPC: 4.834 cumulative IPC: 4.507 (Simulation time: 00 hr 00 min 24 sec)
Warmup finished CPU 0 instructions: 10000003 cycles: 2211569 cumulative IPC: 4.522 (Simulation time: 00 hr 00 min 25 sec)
Warmup complete CPU 0 instructions: 10000003 cycles: 2211569 cumulative IPC: 4.522 (Simulation time: 00 hr 00 min 25 sec)
Heartbeat CPU 0 instructions: 10000062 cycles: 2211595 heartbeat IPC: 4.823 cumulative IPC: 2.269 (Simulation time: 00 hr 00 min 25 sec)
Heartbeat CPU 0 instructions: 10500062 cycles: 3827820 heartbeat IPC: 0.3094 cumulative IPC: 0.3094 (Simulation time: 00 hr 00 min 31 sec)
Heartbeat CPU 0 instructions: 11000063 cycles: 5455111 heartbeat IPC: 0.3073 cumulative IPC: 0.3083 (Simulation time: 00 hr 00 min 37 sec)
Heartbeat CPU 0 instructions: 11500063 cycles: 7003871 heartbeat IPC: 0.3228 cumulative IPC: 0.313 (Simulation time: 00 hr 00 min 43 sec)
Heartbeat CPU 0 instructions: 12000063 cycles: 8500096 heartbeat IPC: 0.3342 cumulative IPC: 0.318 (Simulation time: 00 hr 00 min 49 sec)
Heartbeat CPU 0 instructions: 12500063 cycles: 10065744 heartbeat IPC: 0.3194 cumulative IPC: 0.3183 (Simulation time: 00 hr 00 min 55 sec)
Heartbeat CPU 0 instructions: 13000066 cycles: 11694193 heartbeat IPC: 0.307 cumulative IPC: 0.3164 (Simulation time: 00 hr 01 min 02 sec)
Heartbeat CPU 0 instructions: 13500066 cycles: 13290561 heartbeat IPC: 0.3132 cumulative IPC: 0.3159 (Simulation time: 00 hr 01 min 08 sec)
Heartbeat CPU 0 instructions: 14000066 cycles: 14946634 heartbeat IPC: 0.3019 cumulative IPC: 0.3141 (Simulation time: 00 hr 01 min 15 sec)
Heartbeat CPU 0 instructions: 14500066 cycles: 16652292 heartbeat IPC: 0.2931 cumulative IPC: 0.3116 (Simulation time: 00 hr 01 min 22 sec)
Heartbeat CPU 0 instructions: 15000068 cycles: 18405826 heartbeat IPC: 0.2851 cumulative IPC: 0.3088 (Simulation time: 00 hr 01 min 28 sec)
Heartbeat CPU 0 instructions: 15500068 cycles: 19929937 heartbeat IPC: 0.3281 cumulative IPC: 0.3104 (Simulation time: 00 hr 01 min 35 sec)
Heartbeat CPU 0 instructions: 16000068 cycles: 21486820 heartbeat IPC: 0.3212 cumulative IPC: 0.3113 (Simulation time: 00 hr 01 min 41 sec)
Heartbeat CPU 0 instructions: 16500070 cycles: 22972199 heartbeat IPC: 0.3366 cumulative IPC: 0.3131 (Simulation time: 00 hr 01 min 47 sec)
Heartbeat CPU 0 instructions: 17000071 cycles: 24474156 heartbeat IPC: 0.3329 cumulative IPC: 0.3144 (Simulation time: 00 hr 01 min 53 sec)
Heartbeat CPU 0 instructions: 17500073 cycles: 26080330 heartbeat IPC: 0.3113 cumulative IPC: 0.3142 (Simulation time: 00 hr 02 min 00 sec)
Heartbeat CPU 0 instructions: 18000074 cycles: 27666473 heartbeat IPC: 0.3152 cumulative IPC: 0.3143 (Simulation time: 00 hr 02 min 06 sec)
Heartbeat CPU 0 instructions: 18500079 cycles: 29296364 heartbeat IPC: 0.3068 cumulative IPC: 0.3138 (Simulation time: 00 hr 02 min 12 sec)
Heartbeat CPU 0 instructions: 19000083 cycles: 30867749 heartbeat IPC: 0.3182 cumulative IPC: 0.3141 (Simulation time: 00 hr 02 min 18 sec)
Heartbeat CPU 0 instructions: 19500083 cycles: 32600486 heartbeat IPC: 0.2886 cumulative IPC: 0.3126 (Simulation time: 00 hr 02 min 25 sec)
Heartbeat CPU 0 instructions: 20000083 cycles: 34167802 heartbeat IPC: 0.319 cumulative IPC: 0.3129 (Simulation time: 00 hr 02 min 31 sec)
Heartbeat CPU 0 instructions: 20500088 cycles: 35760729 heartbeat IPC: 0.3139 cumulative IPC: 0.313 (Simulation time: 00 hr 02 min 37 sec)
Heartbeat CPU 0 instructions: 21000088 cycles: 37279214 heartbeat IPC: 0.3293 cumulative IPC: 0.3137 (Simulation time: 00 hr 02 min 43 sec)
Heartbeat CPU 0 instructions: 21500089 cycles: 38795144 heartbeat IPC: 0.3298 cumulative IPC: 0.3144 (Simulation time: 00 hr 02 min 49 sec)
Heartbeat CPU 0 instructions: 22000091 cycles: 40413009 heartbeat IPC: 0.3091 cumulative IPC: 0.3141 (Simulation time: 00 hr 02 min 55 sec)
Heartbeat CPU 0 instructions: 22500091 cycles: 41999366 heartbeat IPC: 0.3152 cumulative IPC: 0.3142 (Simulation time: 00 hr 03 min 01 sec)
Heartbeat CPU 0 instructions: 23000091 cycles: 43557492 heartbeat IPC: 0.3209 cumulative IPC: 0.3144 (Simulation time: 00 hr 03 min 07 sec)
Heartbeat CPU 0 instructions: 23500091 cycles: 45078295 heartbeat IPC: 0.3288 cumulative IPC: 0.3149 (Simulation time: 00 hr 03 min 13 sec)
Heartbeat CPU 0 instructions: 24000092 cycles: 46417577 heartbeat IPC: 0.3733 cumulative IPC: 0.3167 (Simulation time: 00 hr 03 min 18 sec)
Heartbeat CPU 0 instructions: 24500094 cycles: 48026089 heartbeat IPC: 0.3108 cumulative IPC: 0.3165 (Simulation time: 00 hr 03 min 25 sec)
Heartbeat CPU 0 instructions: 25000094 cycles: 49604041 heartbeat IPC: 0.3169 cumulative IPC: 0.3165 (Simulation time: 00 hr 03 min 31 sec)
Heartbeat CPU 0 instructions: 25500096 cycles: 51078603 heartbeat IPC: 0.3391 cumulative IPC: 0.3172 (Simulation time: 00 hr 03 min 36 sec)
Heartbeat CPU 0 instructions: 26000100 cycles: 52629954 heartbeat IPC: 0.3223 cumulative IPC: 0.3173 (Simulation time: 00 hr 03 min 42 sec)
Heartbeat CPU 0 instructions: 26500100 cycles: 54187250 heartbeat IPC: 0.3211 cumulative IPC: 0.3175 (Simulation time: 00 hr 03 min 48 sec)
Heartbeat CPU 0 instructions: 27000100 cycles: 55497351 heartbeat IPC: 0.3816 cumulative IPC: 0.319 (Simulation time: 00 hr 03 min 54 sec)
Heartbeat CPU 0 instructions: 27500100 cycles: 57035607 heartbeat IPC: 0.325 cumulative IPC: 0.3192 (Simulation time: 00 hr 04 min 00 sec)
Heartbeat CPU 0 instructions: 28000105 cycles: 58506689 heartbeat IPC: 0.3399 cumulative IPC: 0.3197 (Simulation time: 00 hr 04 min 06 sec)
Heartbeat CPU 0 instructions: 28500106 cycles: 59958627 heartbeat IPC: 0.3444 cumulative IPC: 0.3204 (Simulation time: 00 hr 04 min 11 sec)
Heartbeat CPU 0 instructions: 29000106 cycles: 61387295 heartbeat IPC: 0.35 cumulative IPC: 0.3211 (Simulation time: 00 hr 04 min 17 sec)
Heartbeat CPU 0 instructions: 29500108 cycles: 62906588 heartbeat IPC: 0.3291 cumulative IPC: 0.3213 (Simulation time: 00 hr 04 min 23 sec)
Heartbeat CPU 0 instructions: 30000108 cycles: 64458025 heartbeat IPC: 0.3223 cumulative IPC: 0.3213 (Simulation time: 00 hr 04 min 29 sec)
Heartbeat CPU 0 instructions: 30500108 cycles: 66034186 heartbeat IPC: 0.3172 cumulative IPC: 0.3212 (Simulation time: 00 hr 04 min 35 sec)
Heartbeat CPU 0 instructions: 31000108 cycles: 67525515 heartbeat IPC: 0.3353 cumulative IPC: 0.3215 (Simulation time: 00 hr 04 min 41 sec)
Heartbeat CPU 0 instructions: 31500110 cycles: 68895819 heartbeat IPC: 0.3649 cumulative IPC: 0.3224 (Simulation time: 00 hr 04 min 46 sec)
Heartbeat CPU 0 instructions: 32000110 cycles: 70518896 heartbeat IPC: 0.3081 cumulative IPC: 0.3221 (Simulation time: 00 hr 04 min 52 sec)
Heartbeat CPU 0 instructions: 32500110 cycles: 72044733 heartbeat IPC: 0.3277 cumulative IPC: 0.3222 (Simulation time: 00 hr 04 min 58 sec)
Heartbeat CPU 0 instructions: 33000111 cycles: 73545849 heartbeat IPC: 0.3331 cumulative IPC: 0.3224 (Simulation time: 00 hr 05 min 04 sec)
Heartbeat CPU 0 instructions: 33500111 cycles: 74972857 heartbeat IPC: 0.3504 cumulative IPC: 0.323 (Simulation time: 00 hr 05 min 10 sec)
Heartbeat CPU 0 instructions: 34000114 cycles: 76510306 heartbeat IPC: 0.3252 cumulative IPC: 0.323 (Simulation time: 00 hr 05 min 16 sec)
Heartbeat CPU 0 instructions: 34500114 cycles: 78097154 heartbeat IPC: 0.3151 cumulative IPC: 0.3229 (Simulation time: 00 hr 05 min 22 sec)
Heartbeat CPU 0 instructions: 35000115 cycles: 79368116 heartbeat IPC: 0.3934 cumulative IPC: 0.324 (Simulation time: 00 hr 05 min 27 sec)
Heartbeat CPU 0 instructions: 35500120 cycles: 80925821 heartbeat IPC: 0.321 cumulative IPC: 0.324 (Simulation time: 00 hr 05 min 33 sec)
Heartbeat CPU 0 instructions: 36000123 cycles: 82512189 heartbeat IPC: 0.3152 cumulative IPC: 0.3238 (Simulation time: 00 hr 05 min 39 sec)
Heartbeat CPU 0 instructions: 36500123 cycles: 84025645 heartbeat IPC: 0.3304 cumulative IPC: 0.3239 (Simulation time: 00 hr 05 min 45 sec)
Heartbeat CPU 0 instructions: 37000125 cycles: 85455125 heartbeat IPC: 0.3498 cumulative IPC: 0.3244 (Simulation time: 00 hr 05 min 51 sec)
Heartbeat CPU 0 instructions: 37500127 cycles: 86901262 heartbeat IPC: 0.3458 cumulative IPC: 0.3247 (Simulation time: 00 hr 05 min 57 sec)
Heartbeat CPU 0 instructions: 38000127 cycles: 88330336 heartbeat IPC: 0.3499 cumulative IPC: 0.3251 (Simulation time: 00 hr 06 min 02 sec)
Heartbeat CPU 0 instructions: 38500130 cycles: 89767022 heartbeat IPC: 0.348 cumulative IPC: 0.3255 (Simulation time: 00 hr 06 min 08 sec)
Heartbeat CPU 0 instructions: 39000130 cycles: 91265122 heartbeat IPC: 0.3338 cumulative IPC: 0.3256 (Simulation time: 00 hr 06 min 14 sec)
Heartbeat CPU 0 instructions: 39500130 cycles: 92784045 heartbeat IPC: 0.3292 cumulative IPC: 0.3257 (Simulation time: 00 hr 06 min 20 sec)
Heartbeat CPU 0 instructions: 40000134 cycles: 94378537 heartbeat IPC: 0.3136 cumulative IPC: 0.3255 (Simulation time: 00 hr 06 min 26 sec)
Heartbeat CPU 0 instructions: 40500138 cycles: 95763647 heartbeat IPC: 0.361 cumulative IPC: 0.326 (Simulation time: 00 hr 06 min 31 sec)
Heartbeat CPU 0 instructions: 41000140 cycles: 97396152 heartbeat IPC: 0.3063 cumulative IPC: 0.3257 (Simulation time: 00 hr 06 min 37 sec)
Heartbeat CPU 0 instructions: 41500144 cycles: 98950283 heartbeat IPC: 0.3217 cumulative IPC: 0.3256 (Simulation time: 00 hr 06 min 43 sec)
Heartbeat CPU 0 instructions: 42000148 cycles: 100394994 heartbeat IPC: 0.3461 cumulative IPC: 0.3259 (Simulation time: 00 hr 06 min 48 sec)
Heartbeat CPU 0 instructions: 42500148 cycles: 101918944 heartbeat IPC: 0.3281 cumulative IPC: 0.326 (Simulation time: 00 hr 06 min 54 sec)
Heartbeat CPU 0 instructions: 43000148 cycles: 103501750 heartbeat IPC: 0.3159 cumulative IPC: 0.3258 (Simulation time: 00 hr 06 min 59 sec)
Heartbeat CPU 0 instructions: 43500149 cycles: 104949003 heartbeat IPC: 0.3455 cumulative IPC: 0.3261 (Simulation time: 00 hr 07 min 05 sec)
Heartbeat CPU 0 instructions: 44000150 cycles: 106538039 heartbeat IPC: 0.3147 cumulative IPC: 0.3259 (Simulation time: 00 hr 07 min 11 sec)
Heartbeat CPU 0 instructions: 44500150 cycles: 108058035 heartbeat IPC: 0.3289 cumulative IPC: 0.3259 (Simulation time: 00 hr 07 min 16 sec)
Heartbeat CPU 0 instructions: 45000154 cycles: 109646134 heartbeat IPC: 0.3148 cumulative IPC: 0.3258 (Simulation time: 00 hr 07 min 22 sec)
Heartbeat CPU 0 instructions: 45500154 cycles: 110996722 heartbeat IPC: 0.3702 cumulative IPC: 0.3263 (Simulation time: 00 hr 07 min 27 sec)
Heartbeat CPU 0 instructions: 46000155 cycles: 112553812 heartbeat IPC: 0.3211 cumulative IPC: 0.3263 (Simulation time: 00 hr 07 min 33 sec)
Heartbeat CPU 0 instructions: 46500155 cycles: 113915675 heartbeat IPC: 0.3671 cumulative IPC: 0.3268 (Simulation time: 00 hr 07 min 38 sec)
Heartbeat CPU 0 instructions: 47000158 cycles: 115337548 heartbeat IPC: 0.3517 cumulative IPC: 0.3271 (Simulation time: 00 hr 07 min 43 sec)
Heartbeat CPU 0 instructions: 47500159 cycles: 116905547 heartbeat IPC: 0.3189 cumulative IPC: 0.327 (Simulation time: 00 hr 07 min 49 sec)
Heartbeat CPU 0 instructions: 48000163 cycles: 118468181 heartbeat IPC: 0.32 cumulative IPC: 0.3269 (Simulation time: 00 hr 07 min 55 sec)
Heartbeat CPU 0 instructions: 48500165 cycles: 119993614 heartbeat IPC: 0.3278 cumulative IPC: 0.3269 (Simulation time: 00 hr 08 min 00 sec)
Heartbeat CPU 0 instructions: 49000169 cycles: 121355070 heartbeat IPC: 0.3673 cumulative IPC: 0.3273 (Simulation time: 00 hr 08 min 06 sec)
Heartbeat CPU 0 instructions: 49500175 cycles: 122877899 heartbeat IPC: 0.3283 cumulative IPC: 0.3274 (Simulation time: 00 hr 08 min 11 sec)
Heartbeat CPU 0 instructions: 50000175 cycles: 124281218 heartbeat IPC: 0.3563 cumulative IPC: 0.3277 (Simulation time: 00 hr 08 min 17 sec)
Heartbeat CPU 0 instructions: 50500176 cycles: 125840401 heartbeat IPC: 0.3207 cumulative IPC: 0.3276 (Simulation time: 00 hr 08 min 22 sec)
Heartbeat CPU 0 instructions: 51000176 cycles: 127404994 heartbeat IPC: 0.3196 cumulative IPC: 0.3275 (Simulation time: 00 hr 08 min 28 sec)
Heartbeat CPU 0 instructions: 51500179 cycles: 128947638 heartbeat IPC: 0.3241 cumulative IPC: 0.3275 (Simulation time: 00 hr 08 min 34 sec)
Heartbeat CPU 0 instructions: 52000179 cycles: 130415492 heartbeat IPC: 0.3406 cumulative IPC: 0.3276 (Simulation time: 00 hr 08 min 39 sec)
Heartbeat CPU 0 instructions: 52500179 cycles: 131881176 heartbeat IPC: 0.3411 cumulative IPC: 0.3278 (Simulation time: 00 hr 08 min 45 sec)
Heartbeat CPU 0 instructions: 53000183 cycles: 133327661 heartbeat IPC: 0.3457 cumulative IPC: 0.328 (Simulation time: 00 hr 08 min 50 sec)
Heartbeat CPU 0 instructions: 53500183 cycles: 134840152 heartbeat IPC: 0.3306 cumulative IPC: 0.328 (Simulation time: 00 hr 08 min 56 sec)
Heartbeat CPU 0 instructions: 54000183 cycles: 136451959 heartbeat IPC: 0.3102 cumulative IPC: 0.3278 (Simulation time: 00 hr 09 min 01 sec)
Heartbeat CPU 0 instructions: 54500183 cycles: 137842218 heartbeat IPC: 0.3596 cumulative IPC: 0.3281 (Simulation time: 00 hr 09 min 06 sec)
Heartbeat CPU 0 instructions: 55000188 cycles: 139376223 heartbeat IPC: 0.3259 cumulative IPC: 0.3281 (Simulation time: 00 hr 09 min 11 sec)
Heartbeat CPU 0 instructions: 55500188 cycles: 140881276 heartbeat IPC: 0.3322 cumulative IPC: 0.3281 (Simulation time: 00 hr 09 min 15 sec)
Heartbeat CPU 0 instructions: 56000188 cycles: 142482612 heartbeat IPC: 0.3122 cumulative IPC: 0.3279 (Simulation time: 00 hr 09 min 20 sec)
Heartbeat CPU 0 instructions: 56500190 cycles: 143955673 heartbeat IPC: 0.3394 cumulative IPC: 0.3281 (Simulation time: 00 hr 09 min 25 sec)
Heartbeat CPU 0 instructions: 57000190 cycles: 145477659 heartbeat IPC: 0.3285 cumulative IPC: 0.3281 (Simulation time: 00 hr 09 min 29 sec)
Heartbeat CPU 0 instructions: 57500192 cycles: 147053770 heartbeat IPC: 0.3172 cumulative IPC: 0.3279 (Simulation time: 00 hr 09 min 34 sec)
Heartbeat CPU 0 instructions: 58000192 cycles: 148645897 heartbeat IPC: 0.314 cumulative IPC: 0.3278 (Simulation time: 00 hr 09 min 39 sec)
Heartbeat CPU 0 instructions: 58500194 cycles: 150232479 heartbeat IPC: 0.3151 cumulative IPC: 0.3277 (Simulation time: 00 hr 09 min 44 sec)
Heartbeat CPU 0 instructions: 59000196 cycles: 151756518 heartbeat IPC: 0.3281 cumulative IPC: 0.3277 (Simulation time: 00 hr 09 min 48 sec)
Heartbeat CPU 0 instructions: 59500198 cycles: 153321002 heartbeat IPC: 0.3196 cumulative IPC: 0.3276 (Simulation time: 00 hr 09 min 53 sec)
Simulation finished CPU 0 instructions: 50000000 cycles: 152774559 cumulative IPC: 0.3273 (Simulation time: 00 hr 09 min 58 sec)
Simulation complete CPU 0 instructions: 50000000 cycles: 152774559 cumulative IPC: 0.3273 (Simulation time: 00 hr 09 min 58 sec)

ChampSim completed all CPUs

=== Simulation ===
CPU 0 runs traces/GAP/cc-13.trace.gz

Region of Interest Statistics

CPU 0 cumulative IPC: 0.3273 instructions: 50000000 cycles: 152774559
CPU 0 Branch Prediction Accuracy: 88.82% MPKI: 22.44 Average ROB Occupancy at Mispredict: 24.51
Branch type MPKI
BRANCH_DIRECT_JUMP: 0
BRANCH_INDIRECT: 0
BRANCH_CONDITIONAL: 22.44
BRANCH_DIRECT_CALL: 0
BRANCH_INDIRECT_CALL: 0
BRANCH_RETURN: 0

cpu0->cpu0_STLB TOTAL        ACCESS:    2430224 HIT:    2426558 MISS:       3666 MSHR_MERGE:          0
cpu0->cpu0_STLB LOAD         ACCESS:    2430224 HIT:    2426558 MISS:       3666 MSHR_MERGE:          0
cpu0->cpu0_STLB RFO          ACCESS:          0 HIT:          0 MISS:          0 MSHR_MERGE:          0
cpu0->cpu0_STLB PREFETCH     ACCESS:          0 HIT:          0 MISS:          0 MSHR_MERGE:          0
cpu0->cpu0_STLB WRITE        ACCESS:          0 HIT:          0 MISS:          0 MSHR_MERGE:          0
cpu0->cpu0_STLB TRANSLATION  ACCESS:          0 HIT:          0 MISS:          0 MSHR_MERGE:          0
cpu0->cpu0_STLB PREFETCH REQUESTED:          0 ISSUED:          0 USEFUL:          0 USELESS:          0
cpu0->cpu0_STLB AVERAGE MISS LATENCY: 248.1 cycles
cpu0->cpu0_L2C TOTAL        ACCESS:    3931891 HIT:    2785976 MISS:    1145915 MSHR_MERGE:          0
cpu0->cpu0_L2C LOAD         ACCESS:    3718958 HIT:    2573514 MISS:    1145444 MSHR_MERGE:          0
cpu0->cpu0_L2C RFO          ACCESS:          0 HIT:          0 MISS:          0 MSHR_MERGE:          0
cpu0->cpu0_L2C PREFETCH     ACCESS:          0 HIT:          0 MISS:          0 MSHR_MERGE:          0
cpu0->cpu0_L2C WRITE        ACCESS:     209449 HIT:     209448 MISS:          1 MSHR_MERGE:          0
cpu0->cpu0_L2C TRANSLATION  ACCESS:       3484 HIT:       3014 MISS:        470 MSHR_MERGE:          0
cpu0->cpu0_L2C PREFETCH REQUESTED:          0 ISSUED:          0 USEFUL:          0 USELESS:          0
cpu0->cpu0_L2C AVERAGE MISS LATENCY: 105.8 cycles
cpu0->cpu0_L1I TOTAL        ACCESS:      93695 HIT:      93695 MISS:          0 MSHR_MERGE:          0
cpu0->cpu0_L1I LOAD         ACCESS:      93695 HIT:      93695 MISS:          0 MSHR_MERGE:          0
cpu0->cpu0_L1I RFO          ACCESS:          0 HIT:          0 MISS:          0 MSHR_MERGE:          0
cpu0->cpu0_L1I PREFETCH     ACCESS:          0 HIT:          0 MISS:          0 MSHR_MERGE:          0
cpu0->cpu0_L1I WRITE        ACCESS:          0 HIT:          0 MISS:          0 MSHR_MERGE:          0
cpu0->cpu0_L1I TRANSLATION  ACCESS:          0 HIT:          0 MISS:          0 MSHR_MERGE:          0
cpu0->cpu0_L1I PREFETCH REQUESTED:          0 ISSUED:          0 USEFUL:          0 USELESS:          0
cpu0->cpu0_L1I AVERAGE MISS LATENCY: - cycles
cpu0->cpu0_L1D TOTAL        ACCESS:   13568429 HIT:    9104156 MISS:    4464273 MSHR_MERGE:     741831
cpu0->cpu0_L1D LOAD         ACCESS:   13317806 HIT:    8857017 MISS:    4460789 MSHR_MERGE:     741831
cpu0->cpu0_L1D RFO          ACCESS:          0 HIT:          0 MISS:          0 MSHR_MERGE:          0
cpu0->cpu0_L1D PREFETCH     ACCESS:          0 HIT:          0 MISS:          0 MSHR_MERGE:          0
cpu0->cpu0_L1D WRITE        ACCESS:     243284 HIT:     243284 MISS:          0 MSHR_MERGE:          0
cpu0->cpu0_L1D TRANSLATION  ACCESS:       7339 HIT:       3855 MISS:       3484 MSHR_MERGE:          0
cpu0->cpu0_L1D PREFETCH REQUESTED:          0 ISSUED:          0 USEFUL:          0 USELESS:          0
cpu0->cpu0_L1D AVERAGE MISS LATENCY: 41.01 cycles
cpu0->cpu0_ITLB TOTAL        ACCESS:      87822 HIT:      87822 MISS:          0 MSHR_MERGE:          0
cpu0->cpu0_ITLB LOAD         ACCESS:      87822 HIT:      87822 MISS:          0 MSHR_MERGE:          0
cpu0->cpu0_ITLB RFO          ACCESS:          0 HIT:          0 MISS:          0 MSHR_MERGE:          0
cpu0->cpu0_ITLB PREFETCH     ACCESS:          0 HIT:          0 MISS:          0 MSHR_MERGE:          0
cpu0->cpu0_ITLB WRITE        ACCESS:          0 HIT:          0 MISS:          0 MSHR_MERGE:          0
cpu0->cpu0_ITLB TRANSLATION  ACCESS:          0 HIT:          0 MISS:          0 MSHR_MERGE:          0
cpu0->cpu0_ITLB PREFETCH REQUESTED:          0 ISSUED:          0 USEFUL:          0 USELESS:          0
cpu0->cpu0_ITLB AVERAGE MISS LATENCY: - cycles
cpu0->cpu0_DTLB TOTAL        ACCESS:   13560706 HIT:   10745629 MISS:    2815077 MSHR_MERGE:     384853
cpu0->cpu0_DTLB LOAD         ACCESS:   13560706 HIT:   10745629 MISS:    2815077 MSHR_MERGE:     384853
cpu0->cpu0_DTLB RFO          ACCESS:          0 HIT:          0 MISS:          0 MSHR_MERGE:          0
cpu0->cpu0_DTLB PREFETCH     ACCESS:          0 HIT:          0 MISS:          0 MSHR_MERGE:          0
cpu0->cpu0_DTLB WRITE        ACCESS:          0 HIT:          0 MISS:          0 MSHR_MERGE:          0
cpu0->cpu0_DTLB TRANSLATION  ACCESS:          0 HIT:          0 MISS:          0 MSHR_MERGE:          0
cpu0->cpu0_DTLB PREFETCH REQUESTED:          0 ISSUED:          0 USEFUL:          0 USELESS:          0
cpu0->cpu0_DTLB AVERAGE MISS LATENCY: 5.414 cycles
cpu0->LLC TOTAL        ACCESS:    1340281 HIT:     795885 MISS:     544396 MSHR_MERGE:          0
cpu0->LLC LOAD         ACCESS:    1145444 HIT:     661222 MISS:     484222 MSHR_MERGE:          0
cpu0->LLC RFO          ACCESS:          0 HIT:          0 MISS:          0 MSHR_MERGE:          0
cpu0->LLC PREFETCH     ACCESS:          0 HIT:          0 MISS:          0 MSHR_MERGE:          0
cpu0->LLC WRITE        ACCESS:     194367 HIT:     134660 MISS:      59707 MSHR_MERGE:          0
cpu0->LLC TRANSLATION  ACCESS:        470 HIT:          3 MISS:        467 MSHR_MERGE:          0
cpu0->LLC PREFETCH REQUESTED:          0 ISSUED:          0 USEFUL:          0 USELESS:          0
cpu0->LLC AVERAGE MISS LATENCY: 177.3 cycles

DRAM Statistics

Channel 0 RQ ROW_BUFFER_HIT:        758
  ROW_BUFFER_MISS:     483919
  AVG DBUS CONGESTED CYCLE: 30.22
Channel 0 WQ ROW_BUFFER_HIT:      15172
  ROW_BUFFER_MISS:      64133
  FULL:          0
Channel 0 REFRESHES ISSUED:      12730


--- STDERR ---



=== TRACE: traces/charlie/charlie_0001.champsim.gz ===
COMMAND: ./bin/1C.fullBW.nopref --warmup-instructions=10000000 --simulation-instructions=50000000 traces/charlie/charlie_0001.champsim.gz
RETURNCODE: 0

--- STDOUT ---
[VMEM] WARNING: physical memory size is smaller than virtual memory size.

*** ChampSim Multicore Out-of-Order Simulator ***
Warmup Instructions: 10000000
Simulation Instructions: 50000000
Number of CPUs: 1
Page size: 4096
Core 0: traces/charlie/charlie_0001.champsim.gz
Off-chip DRAM Size: 64 GiB Channels: 1 Width: 64-bit Data Rate: 4807 MT/s
[BTB] WARNING: target of return is a lower address than the corresponding call. This is usually a problem with your trace.
[BTB] WARNING: target of return is a lower address than the corresponding call. This is usually a problem with your trace.
[BTB] WARNING: target of return is a lower address than the corresponding call. This is usually a problem with your trace.
[BTB] WARNING: target of return is a lower address than the corresponding call. This is usually a problem with your trace.
[BTB] WARNING: target of return is a lower address than the corresponding call. This is usually a problem with your trace.
[BTB] WARNING: target of return is a lower address than the corresponding call. This is usually a problem with your trace.
[BTB] WARNING: target of return is a lower address than the corresponding call. This is usually a problem with your trace.
[BTB] WARNING: target of return is a lower address than the corresponding call. This is usually a problem with your trace.
Heartbeat CPU 0 instructions: 500004 cycles: 180732 heartbeat IPC: 2.767 cumulative IPC: 2.767 (Simulation time: 00 hr 00 min 02 sec)
Heartbeat CPU 0 instructions: 1000009 cycles: 296557 heartbeat IPC: 4.317 cumulative IPC: 3.372 (Simulation time: 00 hr 00 min 03 sec)
[BTB] WARNING: target of return is a lower address than the corresponding call. This is usually a problem with your trace.
[BTB] WARNING: target of return is a lower address than the corresponding call. This is usually a problem with your trace.
Heartbeat CPU 0 instructions: 1500014 cycles: 520626 heartbeat IPC: 2.231 cumulative IPC: 2.881 (Simulation time: 00 hr 00 min 05 sec)
Heartbeat CPU 0 instructions: 2000015 cycles: 633794 heartbeat IPC: 4.418 cumulative IPC: 3.156 (Simulation time: 00 hr 00 min 06 sec)
Heartbeat CPU 0 instructions: 2500017 cycles: 747714 heartbeat IPC: 4.389 cumulative IPC: 3.344 (Simulation time: 00 hr 00 min 08 sec)
Heartbeat CPU 0 instructions: 3000018 cycles: 854821 heartbeat IPC: 4.668 cumulative IPC: 3.51 (Simulation time: 00 hr 00 min 09 sec)
Heartbeat CPU 0 instructions: 3500023 cycles: 961695 heartbeat IPC: 4.678 cumulative IPC: 3.639 (Simulation time: 00 hr 00 min 10 sec)
Heartbeat CPU 0 instructions: 4000027 cycles: 1179978 heartbeat IPC: 2.291 cumulative IPC: 3.39 (Simulation time: 00 hr 00 min 12 sec)
Heartbeat CPU 0 instructions: 4500028 cycles: 1426643 heartbeat IPC: 2.027 cumulative IPC: 3.154 (Simulation time: 00 hr 00 min 14 sec)
Heartbeat CPU 0 instructions: 5000030 cycles: 1611593 heartbeat IPC: 2.703 cumulative IPC: 3.103 (Simulation time: 00 hr 00 min 16 sec)
Heartbeat CPU 0 instructions: 5500030 cycles: 1778690 heartbeat IPC: 2.992 cumulative IPC: 3.092 (Simulation time: 00 hr 00 min 18 sec)
Heartbeat CPU 0 instructions: 6000031 cycles: 1929527 heartbeat IPC: 3.315 cumulative IPC: 3.11 (Simulation time: 00 hr 00 min 19 sec)
Heartbeat CPU 0 instructions: 6500031 cycles: 2046846 heartbeat IPC: 4.262 cumulative IPC: 3.176 (Simulation time: 00 hr 00 min 21 sec)
Heartbeat CPU 0 instructions: 7000031 cycles: 2164672 heartbeat IPC: 4.244 cumulative IPC: 3.234 (Simulation time: 00 hr 00 min 22 sec)
Heartbeat CPU 0 instructions: 7500035 cycles: 2283329 heartbeat IPC: 4.214 cumulative IPC: 3.285 (Simulation time: 00 hr 00 min 23 sec)
Heartbeat CPU 0 instructions: 8000035 cycles: 2401552 heartbeat IPC: 4.229 cumulative IPC: 3.331 (Simulation time: 00 hr 00 min 24 sec)
Heartbeat CPU 0 instructions: 8500036 cycles: 2517681 heartbeat IPC: 4.306 cumulative IPC: 3.376 (Simulation time: 00 hr 00 min 25 sec)
Heartbeat CPU 0 instructions: 9000040 cycles: 2634261 heartbeat IPC: 4.289 cumulative IPC: 3.417 (Simulation time: 00 hr 00 min 27 sec)
Heartbeat CPU 0 instructions: 9500044 cycles: 2774913 heartbeat IPC: 3.555 cumulative IPC: 3.424 (Simulation time: 00 hr 00 min 28 sec)
Warmup finished CPU 0 instructions: 10000001 cycles: 2882418 cumulative IPC: 3.469 (Simulation time: 00 hr 00 min 29 sec)
Warmup complete CPU 0 instructions: 10000001 cycles: 2882418 cumulative IPC: 3.469 (Simulation time: 00 hr 00 min 29 sec)
Heartbeat CPU 0 instructions: 10000049 cycles: 2882424 heartbeat IPC: 4.651 cumulative IPC: 8 (Simulation time: 00 hr 00 min 29 sec)
Heartbeat CPU 0 instructions: 10500055 cycles: 3415996 heartbeat IPC: 0.9371 cumulative IPC: 0.9372 (Simulation time: 00 hr 00 min 32 sec)
Heartbeat CPU 0 instructions: 11000055 cycles: 3981336 heartbeat IPC: 0.8844 cumulative IPC: 0.91 (Simulation time: 00 hr 00 min 35 sec)
Heartbeat CPU 0 instructions: 11500059 cycles: 4512560 heartbeat IPC: 0.9412 cumulative IPC: 0.9202 (Simulation time: 00 hr 00 min 38 sec)
Heartbeat CPU 0 instructions: 12000060 cycles: 5054498 heartbeat IPC: 0.9226 cumulative IPC: 0.9208 (Simulation time: 00 hr 00 min 41 sec)
Heartbeat CPU 0 instructions: 12500060 cycles: 5609758 heartbeat IPC: 0.9005 cumulative IPC: 0.9167 (Simulation time: 00 hr 00 min 44 sec)
Heartbeat CPU 0 instructions: 13000060 cycles: 6151917 heartbeat IPC: 0.9222 cumulative IPC: 0.9176 (Simulation time: 00 hr 00 min 47 sec)
Heartbeat CPU 0 instructions: 13500060 cycles: 6678986 heartbeat IPC: 0.9486 cumulative IPC: 0.9219 (Simulation time: 00 hr 00 min 49 sec)
Heartbeat CPU 0 instructions: 14000065 cycles: 7203666 heartbeat IPC: 0.953 cumulative IPC: 0.9257 (Simulation time: 00 hr 00 min 52 sec)
Heartbeat CPU 0 instructions: 14500069 cycles: 7792226 heartbeat IPC: 0.8495 cumulative IPC: 0.9165 (Simulation time: 00 hr 00 min 55 sec)
Heartbeat CPU 0 instructions: 15000070 cycles: 8357941 heartbeat IPC: 0.8838 cumulative IPC: 0.9132 (Simulation time: 00 hr 00 min 58 sec)
Heartbeat CPU 0 instructions: 15500073 cycles: 8904213 heartbeat IPC: 0.9153 cumulative IPC: 0.9134 (Simulation time: 00 hr 01 min 01 sec)
Heartbeat CPU 0 instructions: 16000077 cycles: 9420264 heartbeat IPC: 0.9689 cumulative IPC: 0.9177 (Simulation time: 00 hr 01 min 04 sec)
Heartbeat CPU 0 instructions: 16500077 cycles: 9980914 heartbeat IPC: 0.8918 cumulative IPC: 0.9157 (Simulation time: 00 hr 01 min 07 sec)
Heartbeat CPU 0 instructions: 17000083 cycles: 11352720 heartbeat IPC: 0.3645 cumulative IPC: 0.8264 (Simulation time: 00 hr 01 min 12 sec)
Heartbeat CPU 0 instructions: 17500083 cycles: 11987583 heartbeat IPC: 0.7876 cumulative IPC: 0.8237 (Simulation time: 00 hr 01 min 15 sec)
Heartbeat CPU 0 instructions: 18000084 cycles: 12564359 heartbeat IPC: 0.8669 cumulative IPC: 0.8263 (Simulation time: 00 hr 01 min 17 sec)
Heartbeat CPU 0 instructions: 18500085 cycles: 13025535 heartbeat IPC: 1.084 cumulative IPC: 0.838 (Simulation time: 00 hr 01 min 20 sec)
Heartbeat CPU 0 instructions: 19000085 cycles: 13515282 heartbeat IPC: 1.021 cumulative IPC: 0.8464 (Simulation time: 00 hr 01 min 22 sec)
Heartbeat CPU 0 instructions: 19500092 cycles: 13954939 heartbeat IPC: 1.137 cumulative IPC: 0.858 (Simulation time: 00 hr 01 min 25 sec)
Heartbeat CPU 0 instructions: 20000093 cycles: 14441419 heartbeat IPC: 1.028 cumulative IPC: 0.8651 (Simulation time: 00 hr 01 min 27 sec)
Heartbeat CPU 0 instructions: 20500093 cycles: 14909745 heartbeat IPC: 1.068 cumulative IPC: 0.873 (Simulation time: 00 hr 01 min 29 sec)
Heartbeat CPU 0 instructions: 21000094 cycles: 15397166 heartbeat IPC: 1.026 cumulative IPC: 0.879 (Simulation time: 00 hr 01 min 32 sec)
Heartbeat CPU 0 instructions: 21500094 cycles: 15879702 heartbeat IPC: 1.036 cumulative IPC: 0.8848 (Simulation time: 00 hr 01 min 34 sec)
Heartbeat CPU 0 instructions: 22000095 cycles: 16291297 heartbeat IPC: 1.215 cumulative IPC: 0.8949 (Simulation time: 00 hr 01 min 36 sec)
Heartbeat CPU 0 instructions: 22500097 cycles: 16802624 heartbeat IPC: 0.9779 cumulative IPC: 0.898 (Simulation time: 00 hr 01 min 39 sec)
Heartbeat CPU 0 instructions: 23000104 cycles: 17258556 heartbeat IPC: 1.097 cumulative IPC: 0.9043 (Simulation time: 00 hr 01 min 41 sec)
Heartbeat CPU 0 instructions: 23500105 cycles: 17732054 heartbeat IPC: 1.056 cumulative IPC: 0.9091 (Simulation time: 00 hr 01 min 44 sec)
Heartbeat CPU 0 instructions: 24000106 cycles: 18138129 heartbeat IPC: 1.231 cumulative IPC: 0.9177 (Simulation time: 00 hr 01 min 46 sec)
Heartbeat CPU 0 instructions: 24500106 cycles: 19237067 heartbeat IPC: 0.455 cumulative IPC: 0.8866 (Simulation time: 00 hr 01 min 51 sec)
Heartbeat CPU 0 instructions: 25000107 cycles: 20939334 heartbeat IPC: 0.2937 cumulative IPC: 0.8307 (Simulation time: 00 hr 01 min 57 sec)
Heartbeat CPU 0 instructions: 25500109 cycles: 21507740 heartbeat IPC: 0.8797 cumulative IPC: 0.8322 (Simulation time: 00 hr 02 min 00 sec)
Heartbeat CPU 0 instructions: 26000110 cycles: 22026712 heartbeat IPC: 0.9634 cumulative IPC: 0.8358 (Simulation time: 00 hr 02 min 03 sec)
Heartbeat CPU 0 instructions: 26500111 cycles: 22501423 heartbeat IPC: 1.053 cumulative IPC: 0.841 (Simulation time: 00 hr 02 min 05 sec)
Heartbeat CPU 0 instructions: 27000114 cycles: 23003873 heartbeat IPC: 0.9951 cumulative IPC: 0.8449 (Simulation time: 00 hr 02 min 07 sec)
Heartbeat CPU 0 instructions: 27500120 cycles: 23425004 heartbeat IPC: 1.187 cumulative IPC: 0.8519 (Simulation time: 00 hr 02 min 10 sec)
Heartbeat CPU 0 instructions: 28000122 cycles: 23908173 heartbeat IPC: 1.035 cumulative IPC: 0.8561 (Simulation time: 00 hr 02 min 12 sec)
Heartbeat CPU 0 instructions: 28500125 cycles: 24355743 heartbeat IPC: 1.117 cumulative IPC: 0.8615 (Simulation time: 00 hr 02 min 14 sec)
Heartbeat CPU 0 instructions: 29000127 cycles: 24790662 heartbeat IPC: 1.15 cumulative IPC: 0.8673 (Simulation time: 00 hr 02 min 17 sec)
Heartbeat CPU 0 instructions: 29500129 cycles: 25225903 heartbeat IPC: 1.149 cumulative IPC: 0.8727 (Simulation time: 00 hr 02 min 19 sec)
Heartbeat CPU 0 instructions: 30000129 cycles: 25703638 heartbeat IPC: 1.047 cumulative IPC: 0.8764 (Simulation time: 00 hr 02 min 21 sec)
Heartbeat CPU 0 instructions: 30500131 cycles: 26169830 heartbeat IPC: 1.073 cumulative IPC: 0.8803 (Simulation time: 00 hr 02 min 23 sec)
Heartbeat CPU 0 instructions: 31000133 cycles: 26694014 heartbeat IPC: 0.9539 cumulative IPC: 0.8819 (Simulation time: 00 hr 02 min 26 sec)
Heartbeat CPU 0 instructions: 31500134 cycles: 27150570 heartbeat IPC: 1.095 cumulative IPC: 0.8859 (Simulation time: 00 hr 02 min 28 sec)
Heartbeat CPU 0 instructions: 32000136 cycles: 27607474 heartbeat IPC: 1.094 cumulative IPC: 0.8898 (Simulation time: 00 hr 02 min 30 sec)
Heartbeat CPU 0 instructions: 32500136 cycles: 28036470 heartbeat IPC: 1.166 cumulative IPC: 0.8945 (Simulation time: 00 hr 02 min 33 sec)
Heartbeat CPU 0 instructions: 33000138 cycles: 28472847 heartbeat IPC: 1.146 cumulative IPC: 0.8988 (Simulation time: 00 hr 02 min 35 sec)
Heartbeat CPU 0 instructions: 33500142 cycles: 28906380 heartbeat IPC: 1.153 cumulative IPC: 0.903 (Simulation time: 00 hr 02 min 37 sec)
Heartbeat CPU 0 instructions: 34000147 cycles: 29340591 heartbeat IPC: 1.152 cumulative IPC: 0.9071 (Simulation time: 00 hr 02 min 39 sec)
Heartbeat CPU 0 instructions: 34500152 cycles: 29813837 heartbeat IPC: 1.057 cumulative IPC: 0.9097 (Simulation time: 00 hr 02 min 42 sec)
Heartbeat CPU 0 instructions: 35000156 cycles: 30271010 heartbeat IPC: 1.094 cumulative IPC: 0.9128 (Simulation time: 00 hr 02 min 44 sec)
Heartbeat CPU 0 instructions: 35500157 cycles: 30677443 heartbeat IPC: 1.23 cumulative IPC: 0.9174 (Simulation time: 00 hr 02 min 46 sec)
Heartbeat CPU 0 instructions: 36000159 cycles: 31353615 heartbeat IPC: 0.7395 cumulative IPC: 0.9132 (Simulation time: 00 hr 02 min 50 sec)
Heartbeat CPU 0 instructions: 36500159 cycles: 31787585 heartbeat IPC: 1.152 cumulative IPC: 0.9168 (Simulation time: 00 hr 02 min 52 sec)
Heartbeat CPU 0 instructions: 37000163 cycles: 32300778 heartbeat IPC: 0.9743 cumulative IPC: 0.9178 (Simulation time: 00 hr 02 min 55 sec)
Heartbeat CPU 0 instructions: 37500166 cycles: 32742123 heartbeat IPC: 1.133 cumulative IPC: 0.921 (Simulation time: 00 hr 02 min 57 sec)
Heartbeat CPU 0 instructions: 38000166 cycles: 33194501 heartbeat IPC: 1.105 cumulative IPC: 0.9237 (Simulation time: 00 hr 02 min 59 sec)
Heartbeat CPU 0 instructions: 38500167 cycles: 33599450 heartbeat IPC: 1.235 cumulative IPC: 0.9278 (Simulation time: 00 hr 03 min 02 sec)
Heartbeat CPU 0 instructions: 39000171 cycles: 34151715 heartbeat IPC: 0.9054 cumulative IPC: 0.9274 (Simulation time: 00 hr 03 min 04 sec)
Heartbeat CPU 0 instructions: 39500173 cycles: 34646088 heartbeat IPC: 1.011 cumulative IPC: 0.9287 (Simulation time: 00 hr 03 min 07 sec)
Heartbeat CPU 0 instructions: 40000180 cycles: 35063453 heartbeat IPC: 1.198 cumulative IPC: 0.9322 (Simulation time: 00 hr 03 min 09 sec)
Heartbeat CPU 0 instructions: 40500181 cycles: 35515913 heartbeat IPC: 1.105 cumulative IPC: 0.9346 (Simulation time: 00 hr 03 min 12 sec)
Heartbeat CPU 0 instructions: 41000188 cycles: 36037092 heartbeat IPC: 0.9594 cumulative IPC: 0.935 (Simulation time: 00 hr 03 min 14 sec)
Heartbeat CPU 0 instructions: 41500188 cycles: 36561237 heartbeat IPC: 0.9539 cumulative IPC: 0.9353 (Simulation time: 00 hr 03 min 17 sec)
Heartbeat CPU 0 instructions: 42000192 cycles: 37083879 heartbeat IPC: 0.9567 cumulative IPC: 0.9356 (Simulation time: 00 hr 03 min 20 sec)
Heartbeat CPU 0 instructions: 42500196 cycles: 37680936 heartbeat IPC: 0.8374 cumulative IPC: 0.934 (Simulation time: 00 hr 03 min 22 sec)
Heartbeat CPU 0 instructions: 43000199 cycles: 38108289 heartbeat IPC: 1.17 cumulative IPC: 0.9368 (Simulation time: 00 hr 03 min 24 sec)
Heartbeat CPU 0 instructions: 43500202 cycles: 38559752 heartbeat IPC: 1.108 cumulative IPC: 0.939 (Simulation time: 00 hr 03 min 27 sec)
Heartbeat CPU 0 instructions: 44000204 cycles: 38984059 heartbeat IPC: 1.178 cumulative IPC: 0.9418 (Simulation time: 00 hr 03 min 29 sec)
Heartbeat CPU 0 instructions: 44500207 cycles: 39447732 heartbeat IPC: 1.078 cumulative IPC: 0.9435 (Simulation time: 00 hr 03 min 31 sec)
Heartbeat CPU 0 instructions: 45000208 cycles: 39877784 heartbeat IPC: 1.163 cumulative IPC: 0.9461 (Simulation time: 00 hr 03 min 33 sec)
Heartbeat CPU 0 instructions: 45500213 cycles: 40310269 heartbeat IPC: 1.156 cumulative IPC: 0.9485 (Simulation time: 00 hr 03 min 36 sec)
Heartbeat CPU 0 instructions: 46000213 cycles: 40754582 heartbeat IPC: 1.125 cumulative IPC: 0.9506 (Simulation time: 00 hr 03 min 38 sec)
Heartbeat CPU 0 instructions: 46500216 cycles: 41229662 heartbeat IPC: 1.052 cumulative IPC: 0.9518 (Simulation time: 00 hr 03 min 41 sec)
Heartbeat CPU 0 instructions: 47000220 cycles: 41676564 heartbeat IPC: 1.119 cumulative IPC: 0.9538 (Simulation time: 00 hr 03 min 43 sec)
Heartbeat CPU 0 instructions: 47500221 cycles: 42069880 heartbeat IPC: 1.271 cumulative IPC: 0.9569 (Simulation time: 00 hr 03 min 45 sec)
Heartbeat CPU 0 instructions: 48000224 cycles: 42503881 heartbeat IPC: 1.152 cumulative IPC: 0.9591 (Simulation time: 00 hr 03 min 47 sec)
Heartbeat CPU 0 instructions: 48500229 cycles: 42896851 heartbeat IPC: 1.272 cumulative IPC: 0.9622 (Simulation time: 00 hr 03 min 50 sec)
Heartbeat CPU 0 instructions: 49000229 cycles: 43364126 heartbeat IPC: 1.07 cumulative IPC: 0.9634 (Simulation time: 00 hr 03 min 52 sec)
Heartbeat CPU 0 instructions: 49500234 cycles: 43796168 heartbeat IPC: 1.157 cumulative IPC: 0.9655 (Simulation time: 00 hr 03 min 54 sec)
Heartbeat CPU 0 instructions: 50000234 cycles: 44202121 heartbeat IPC: 1.232 cumulative IPC: 0.9681 (Simulation time: 00 hr 03 min 56 sec)
Heartbeat CPU 0 instructions: 50500241 cycles: 44642028 heartbeat IPC: 1.137 cumulative IPC: 0.9698 (Simulation time: 00 hr 03 min 58 sec)
Heartbeat CPU 0 instructions: 51000241 cycles: 45054577 heartbeat IPC: 1.212 cumulative IPC: 0.9722 (Simulation time: 00 hr 04 min 00 sec)
Heartbeat CPU 0 instructions: 51500247 cycles: 45449142 heartbeat IPC: 1.267 cumulative IPC: 0.9749 (Simulation time: 00 hr 04 min 02 sec)
Heartbeat CPU 0 instructions: 52000250 cycles: 45856683 heartbeat IPC: 1.227 cumulative IPC: 0.9773 (Simulation time: 00 hr 04 min 04 sec)
Heartbeat CPU 0 instructions: 52500254 cycles: 46272353 heartbeat IPC: 1.203 cumulative IPC: 0.9795 (Simulation time: 00 hr 04 min 06 sec)
Heartbeat CPU 0 instructions: 53000258 cycles: 46735971 heartbeat IPC: 1.078 cumulative IPC: 0.9805 (Simulation time: 00 hr 04 min 09 sec)
Heartbeat CPU 0 instructions: 53500263 cycles: 47146820 heartbeat IPC: 1.217 cumulative IPC: 0.9827 (Simulation time: 00 hr 04 min 11 sec)
Heartbeat CPU 0 instructions: 54000265 cycles: 47550562 heartbeat IPC: 1.238 cumulative IPC: 0.985 (Simulation time: 00 hr 04 min 13 sec)
Heartbeat CPU 0 instructions: 54500265 cycles: 47943742 heartbeat IPC: 1.272 cumulative IPC: 0.9875 (Simulation time: 00 hr 04 min 15 sec)
Heartbeat CPU 0 instructions: 55000267 cycles: 49058385 heartbeat IPC: 0.4486 cumulative IPC: 0.9745 (Simulation time: 00 hr 04 min 19 sec)
Heartbeat CPU 0 instructions: 55500269 cycles: 49500026 heartbeat IPC: 1.132 cumulative IPC: 0.976 (Simulation time: 00 hr 04 min 21 sec)
Heartbeat CPU 0 instructions: 56000270 cycles: 50030306 heartbeat IPC: 0.9429 cumulative IPC: 0.9757 (Simulation time: 00 hr 04 min 23 sec)
Heartbeat CPU 0 instructions: 56500270 cycles: 50463066 heartbeat IPC: 1.155 cumulative IPC: 0.9773 (Simulation time: 00 hr 04 min 25 sec)
Heartbeat CPU 0 instructions: 57000277 cycles: 50935375 heartbeat IPC: 1.059 cumulative IPC: 0.9781 (Simulation time: 00 hr 04 min 27 sec)
Heartbeat CPU 0 instructions: 57500277 cycles: 51315261 heartbeat IPC: 1.316 cumulative IPC: 0.9807 (Simulation time: 00 hr 04 min 29 sec)
Heartbeat CPU 0 instructions: 58000282 cycles: 51738796 heartbeat IPC: 1.181 cumulative IPC: 0.9825 (Simulation time: 00 hr 04 min 31 sec)
Heartbeat CPU 0 instructions: 58500284 cycles: 52137480 heartbeat IPC: 1.254 cumulative IPC: 0.9847 (Simulation time: 00 hr 04 min 33 sec)
Heartbeat CPU 0 instructions: 59000285 cycles: 52533040 heartbeat IPC: 1.264 cumulative IPC: 0.9869 (Simulation time: 00 hr 04 min 35 sec)
Heartbeat CPU 0 instructions: 59500286 cycles: 52934692 heartbeat IPC: 1.245 cumulative IPC: 0.989 (Simulation time: 00 hr 04 min 37 sec)
Simulation finished CPU 0 instructions: 50000006 cycles: 50499852 cumulative IPC: 0.9901 (Simulation time: 00 hr 04 min 39 sec)
Simulation complete CPU 0 instructions: 50000006 cycles: 50499852 cumulative IPC: 0.9901 (Simulation time: 00 hr 04 min 39 sec)

ChampSim completed all CPUs

=== Simulation ===
CPU 0 runs traces/charlie/charlie_0001.champsim.gz

Region of Interest Statistics

CPU 0 cumulative IPC: 0.9901 instructions: 50000006 cycles: 50499852
CPU 0 Branch Prediction Accuracy: 92.35% MPKI: 14.31 Average ROB Occupancy at Mispredict: 41.99
Branch type MPKI
BRANCH_DIRECT_JUMP: 0.1544
BRANCH_INDIRECT: 0.5093
BRANCH_CONDITIONAL: 13.03
BRANCH_DIRECT_CALL: 0.03448
BRANCH_INDIRECT_CALL: 0.4799
BRANCH_RETURN: 0.09466

cpu0->cpu0_STLB TOTAL        ACCESS:      70591 HIT:      58344 MISS:      12247 MSHR_MERGE:          0
cpu0->cpu0_STLB LOAD         ACCESS:      70591 HIT:      58344 MISS:      12247 MSHR_MERGE:          0
cpu0->cpu0_STLB RFO          ACCESS:          0 HIT:          0 MISS:          0 MSHR_MERGE:          0
cpu0->cpu0_STLB PREFETCH     ACCESS:          0 HIT:          0 MISS:          0 MSHR_MERGE:          0
cpu0->cpu0_STLB WRITE        ACCESS:          0 HIT:          0 MISS:          0 MSHR_MERGE:          0
cpu0->cpu0_STLB TRANSLATION  ACCESS:          0 HIT:          0 MISS:          0 MSHR_MERGE:          0
cpu0->cpu0_STLB PREFETCH REQUESTED:          0 ISSUED:          0 USEFUL:          0 USELESS:          0
cpu0->cpu0_STLB AVERAGE MISS LATENCY: 291.8 cycles
cpu0->cpu0_L2C TOTAL        ACCESS:     881588 HIT:     594518 MISS:     287070 MSHR_MERGE:          0
cpu0->cpu0_L2C LOAD         ACCESS:     436090 HIT:     349177 MISS:      86913 MSHR_MERGE:          0
cpu0->cpu0_L2C RFO          ACCESS:     202012 HIT:       9246 MISS:     192766 MSHR_MERGE:          0
cpu0->cpu0_L2C PREFETCH     ACCESS:          0 HIT:          0 MISS:          0 MSHR_MERGE:          0
cpu0->cpu0_L2C WRITE        ACCESS:     231836 HIT:     231826 MISS:         10 MSHR_MERGE:          0
cpu0->cpu0_L2C TRANSLATION  ACCESS:      11650 HIT:       4269 MISS:       7381 MSHR_MERGE:          0
cpu0->cpu0_L2C PREFETCH REQUESTED:          0 ISSUED:          0 USEFUL:          0 USELESS:          0
cpu0->cpu0_L2C AVERAGE MISS LATENCY: 254.8 cycles
cpu0->cpu0_L1I TOTAL        ACCESS:    2885450 HIT:    2626980 MISS:     258470 MSHR_MERGE:      66599
cpu0->cpu0_L1I LOAD         ACCESS:    2885450 HIT:    2626980 MISS:     258470 MSHR_MERGE:      66599
cpu0->cpu0_L1I RFO          ACCESS:          0 HIT:          0 MISS:          0 MSHR_MERGE:          0
cpu0->cpu0_L1I PREFETCH     ACCESS:          0 HIT:          0 MISS:          0 MSHR_MERGE:          0
cpu0->cpu0_L1I WRITE        ACCESS:          0 HIT:          0 MISS:          0 MSHR_MERGE:          0
cpu0->cpu0_L1I TRANSLATION  ACCESS:          0 HIT:          0 MISS:          0 MSHR_MERGE:          0
cpu0->cpu0_L1I PREFETCH REQUESTED:          0 ISSUED:          0 USEFUL:          0 USELESS:          0
cpu0->cpu0_L1I AVERAGE MISS LATENCY: 24.57 cycles
cpu0->cpu0_L1D TOTAL        ACCESS:   13935394 HIT:   12547204 MISS:    1388190 MSHR_MERGE:     930309
cpu0->cpu0_L1D LOAD         ACCESS:    8463248 HIT:    8024309 MISS:     438939 MSHR_MERGE:     194720
cpu0->cpu0_L1D RFO          ACCESS:          0 HIT:          0 MISS:          0 MSHR_MERGE:          0
cpu0->cpu0_L1D PREFETCH     ACCESS:          0 HIT:          0 MISS:          0 MSHR_MERGE:          0
cpu0->cpu0_L1D WRITE        ACCESS:    5441124 HIT:    4503739 MISS:     937385 MSHR_MERGE:     735373
cpu0->cpu0_L1D TRANSLATION  ACCESS:      31022 HIT:      19156 MISS:      11866 MSHR_MERGE:        216
cpu0->cpu0_L1D PREFETCH REQUESTED:          0 ISSUED:          0 USEFUL:          0 USELESS:          0
cpu0->cpu0_L1D AVERAGE MISS LATENCY: 161.2 cycles
cpu0->cpu0_ITLB TOTAL        ACCESS:    2352666 HIT:    2330444 MISS:      22222 MSHR_MERGE:      11084
cpu0->cpu0_ITLB LOAD         ACCESS:    2352666 HIT:    2330444 MISS:      22222 MSHR_MERGE:      11084
cpu0->cpu0_ITLB RFO          ACCESS:          0 HIT:          0 MISS:          0 MSHR_MERGE:          0
cpu0->cpu0_ITLB PREFETCH     ACCESS:          0 HIT:          0 MISS:          0 MSHR_MERGE:          0
cpu0->cpu0_ITLB WRITE        ACCESS:          0 HIT:          0 MISS:          0 MSHR_MERGE:          0
cpu0->cpu0_ITLB TRANSLATION  ACCESS:          0 HIT:          0 MISS:          0 MSHR_MERGE:          0
cpu0->cpu0_ITLB PREFETCH REQUESTED:          0 ISSUED:          0 USEFUL:          0 USELESS:          0
cpu0->cpu0_ITLB AVERAGE MISS LATENCY: 22.39 cycles
cpu0->cpu0_DTLB TOTAL        ACCESS:   13222285 HIT:   13110917 MISS:     111368 MSHR_MERGE:      51915
cpu0->cpu0_DTLB LOAD         ACCESS:   13222285 HIT:   13110917 MISS:     111368 MSHR_MERGE:      51915
cpu0->cpu0_DTLB RFO          ACCESS:          0 HIT:          0 MISS:          0 MSHR_MERGE:          0
cpu0->cpu0_DTLB PREFETCH     ACCESS:          0 HIT:          0 MISS:          0 MSHR_MERGE:          0
cpu0->cpu0_DTLB WRITE        ACCESS:          0 HIT:          0 MISS:          0 MSHR_MERGE:          0
cpu0->cpu0_DTLB TRANSLATION  ACCESS:          0 HIT:          0 MISS:          0 MSHR_MERGE:          0
cpu0->cpu0_DTLB PREFETCH REQUESTED:          0 ISSUED:          0 USEFUL:          0 USELESS:          0
cpu0->cpu0_DTLB AVERAGE MISS LATENCY: 62.06 cycles
cpu0->LLC TOTAL        ACCESS:     487974 HIT:      21820 MISS:     466154 MSHR_MERGE:          0
cpu0->LLC LOAD         ACCESS:      86913 HIT:       3751 MISS:      83162 MSHR_MERGE:          0
cpu0->LLC RFO          ACCESS:     192766 HIT:        630 MISS:     192136 MSHR_MERGE:          0
cpu0->LLC PREFETCH     ACCESS:          0 HIT:          0 MISS:          0 MSHR_MERGE:          0
cpu0->LLC WRITE        ACCESS:     200914 HIT:      16586 MISS:     184328 MSHR_MERGE:          0
cpu0->LLC TRANSLATION  ACCESS:       7381 HIT:        853 MISS:       6528 MSHR_MERGE:          0
cpu0->LLC PREFETCH REQUESTED:          0 ISSUED:          0 USEFUL:          0 USELESS:          0
cpu0->LLC AVERAGE MISS LATENCY: 149.5 cycles

DRAM Statistics

Channel 0 RQ ROW_BUFFER_HIT:      10263
  ROW_BUFFER_MISS:     271561
  AVG DBUS CONGESTED CYCLE: 27.55
Channel 0 WQ ROW_BUFFER_HIT:      44958
  ROW_BUFFER_MISS:     151160
  FULL:        266
Channel 0 REFRESHES ISSUED:       4208


--- STDERR ---



=== TRACE: traces/GAP/bfs-10.trace.gz ===
COMMAND: ./bin/1C.fullBW.nopref --warmup-instructions=10000000 --simulation-instructions=50000000 traces/GAP/bfs-10.trace.gz
RETURNCODE: 0

--- STDOUT ---
[VMEM] WARNING: physical memory size is smaller than virtual memory size.

*** ChampSim Multicore Out-of-Order Simulator ***
Warmup Instructions: 10000000
Simulation Instructions: 50000000
Number of CPUs: 1
Page size: 4096
Core 0: traces/GAP/bfs-10.trace.gz
Off-chip DRAM Size: 64 GiB Channels: 1 Width: 64-bit Data Rate: 4807 MT/s
Heartbeat CPU 0 instructions: 500003 cycles: 116315 heartbeat IPC: 4.299 cumulative IPC: 4.299 (Simulation time: 00 hr 00 min 02 sec)
Heartbeat CPU 0 instructions: 1000010 cycles: 228597 heartbeat IPC: 4.453 cumulative IPC: 4.375 (Simulation time: 00 hr 00 min 03 sec)
Heartbeat CPU 0 instructions: 1500014 cycles: 340362 heartbeat IPC: 4.474 cumulative IPC: 4.407 (Simulation time: 00 hr 00 min 05 sec)
Heartbeat CPU 0 instructions: 2000021 cycles: 452299 heartbeat IPC: 4.467 cumulative IPC: 4.422 (Simulation time: 00 hr 00 min 06 sec)
Heartbeat CPU 0 instructions: 2500028 cycles: 564701 heartbeat IPC: 4.448 cumulative IPC: 4.427 (Simulation time: 00 hr 00 min 08 sec)
Heartbeat CPU 0 instructions: 3000028 cycles: 676723 heartbeat IPC: 4.463 cumulative IPC: 4.433 (Simulation time: 00 hr 00 min 09 sec)
Heartbeat CPU 0 instructions: 3500028 cycles: 789011 heartbeat IPC: 4.453 cumulative IPC: 4.436 (Simulation time: 00 hr 00 min 11 sec)
Heartbeat CPU 0 instructions: 4000033 cycles: 901441 heartbeat IPC: 4.447 cumulative IPC: 4.437 (Simulation time: 00 hr 00 min 12 sec)
Heartbeat CPU 0 instructions: 4500039 cycles: 1013693 heartbeat IPC: 4.454 cumulative IPC: 4.439 (Simulation time: 00 hr 00 min 13 sec)
Heartbeat CPU 0 instructions: 5000043 cycles: 1126280 heartbeat IPC: 4.441 cumulative IPC: 4.439 (Simulation time: 00 hr 00 min 14 sec)
Heartbeat CPU 0 instructions: 5500044 cycles: 1238666 heartbeat IPC: 4.449 cumulative IPC: 4.44 (Simulation time: 00 hr 00 min 16 sec)
Heartbeat CPU 0 instructions: 6000044 cycles: 1350843 heartbeat IPC: 4.457 cumulative IPC: 4.442 (Simulation time: 00 hr 00 min 17 sec)
Heartbeat CPU 0 instructions: 6500045 cycles: 1462911 heartbeat IPC: 4.462 cumulative IPC: 4.443 (Simulation time: 00 hr 00 min 18 sec)
Heartbeat CPU 0 instructions: 7000046 cycles: 1575566 heartbeat IPC: 4.438 cumulative IPC: 4.443 (Simulation time: 00 hr 00 min 19 sec)
Heartbeat CPU 0 instructions: 7500052 cycles: 1687976 heartbeat IPC: 4.448 cumulative IPC: 4.443 (Simulation time: 00 hr 00 min 21 sec)
Heartbeat CPU 0 instructions: 8000055 cycles: 1800355 heartbeat IPC: 4.449 cumulative IPC: 4.444 (Simulation time: 00 hr 00 min 22 sec)
Heartbeat CPU 0 instructions: 8500060 cycles: 1912456 heartbeat IPC: 4.46 cumulative IPC: 4.445 (Simulation time: 00 hr 00 min 23 sec)
Heartbeat CPU 0 instructions: 9000061 cycles: 2024830 heartbeat IPC: 4.449 cumulative IPC: 4.445 (Simulation time: 00 hr 00 min 25 sec)
Heartbeat CPU 0 instructions: 9500068 cycles: 2136411 heartbeat IPC: 4.481 cumulative IPC: 4.447 (Simulation time: 00 hr 00 min 26 sec)
Warmup finished CPU 0 instructions: 10000006 cycles: 2248746 cumulative IPC: 4.447 (Simulation time: 00 hr 00 min 27 sec)
Warmup complete CPU 0 instructions: 10000006 cycles: 2248746 cumulative IPC: 4.447 (Simulation time: 00 hr 00 min 27 sec)
Heartbeat CPU 0 instructions: 10000075 cycles: 2248945 heartbeat IPC: 4.443 cumulative IPC: 0.3467 (Simulation time: 00 hr 00 min 27 sec)
Heartbeat CPU 0 instructions: 10500075 cycles: 3918872 heartbeat IPC: 0.2994 cumulative IPC: 0.2994 (Simulation time: 00 hr 00 min 34 sec)
Heartbeat CPU 0 instructions: 11000076 cycles: 5627932 heartbeat IPC: 0.2926 cumulative IPC: 0.2959 (Simulation time: 00 hr 00 min 41 sec)
Heartbeat CPU 0 instructions: 11500077 cycles: 7349557 heartbeat IPC: 0.2904 cumulative IPC: 0.2941 (Simulation time: 00 hr 00 min 47 sec)
Heartbeat CPU 0 instructions: 12000077 cycles: 9072075 heartbeat IPC: 0.2903 cumulative IPC: 0.2931 (Simulation time: 00 hr 00 min 53 sec)
Heartbeat CPU 0 instructions: 12500078 cycles: 10772043 heartbeat IPC: 0.2941 cumulative IPC: 0.2933 (Simulation time: 00 hr 01 min 00 sec)
Heartbeat CPU 0 instructions: 13000078 cycles: 12474752 heartbeat IPC: 0.2936 cumulative IPC: 0.2934 (Simulation time: 00 hr 01 min 06 sec)
Heartbeat CPU 0 instructions: 13500080 cycles: 14188788 heartbeat IPC: 0.2917 cumulative IPC: 0.2931 (Simulation time: 00 hr 01 min 13 sec)
Heartbeat CPU 0 instructions: 14000081 cycles: 15894241 heartbeat IPC: 0.2932 cumulative IPC: 0.2931 (Simulation time: 00 hr 01 min 19 sec)
Heartbeat CPU 0 instructions: 14500081 cycles: 17586610 heartbeat IPC: 0.2954 cumulative IPC: 0.2934 (Simulation time: 00 hr 01 min 26 sec)
Heartbeat CPU 0 instructions: 15000086 cycles: 19283200 heartbeat IPC: 0.2947 cumulative IPC: 0.2935 (Simulation time: 00 hr 01 min 33 sec)
Heartbeat CPU 0 instructions: 15500086 cycles: 20938565 heartbeat IPC: 0.302 cumulative IPC: 0.2943 (Simulation time: 00 hr 01 min 40 sec)
Heartbeat CPU 0 instructions: 16000086 cycles: 22629781 heartbeat IPC: 0.2956 cumulative IPC: 0.2944 (Simulation time: 00 hr 01 min 46 sec)
Heartbeat CPU 0 instructions: 16500086 cycles: 24321207 heartbeat IPC: 0.2956 cumulative IPC: 0.2945 (Simulation time: 00 hr 01 min 53 sec)
Heartbeat CPU 0 instructions: 17000090 cycles: 25997190 heartbeat IPC: 0.2983 cumulative IPC: 0.2948 (Simulation time: 00 hr 01 min 59 sec)
Heartbeat CPU 0 instructions: 17500094 cycles: 27677681 heartbeat IPC: 0.2975 cumulative IPC: 0.2949 (Simulation time: 00 hr 02 min 05 sec)
Heartbeat CPU 0 instructions: 18000094 cycles: 29333840 heartbeat IPC: 0.3019 cumulative IPC: 0.2954 (Simulation time: 00 hr 02 min 12 sec)
Heartbeat CPU 0 instructions: 18500094 cycles: 31013955 heartbeat IPC: 0.2976 cumulative IPC: 0.2955 (Simulation time: 00 hr 02 min 18 sec)
Heartbeat CPU 0 instructions: 19000094 cycles: 32706807 heartbeat IPC: 0.2954 cumulative IPC: 0.2955 (Simulation time: 00 hr 02 min 24 sec)
Heartbeat CPU 0 instructions: 19500094 cycles: 34363192 heartbeat IPC: 0.3019 cumulative IPC: 0.2958 (Simulation time: 00 hr 02 min 30 sec)
Heartbeat CPU 0 instructions: 20000094 cycles: 36047978 heartbeat IPC: 0.2968 cumulative IPC: 0.2959 (Simulation time: 00 hr 02 min 36 sec)
Heartbeat CPU 0 instructions: 20500094 cycles: 37703181 heartbeat IPC: 0.3021 cumulative IPC: 0.2962 (Simulation time: 00 hr 02 min 43 sec)
Heartbeat CPU 0 instructions: 21000094 cycles: 39387971 heartbeat IPC: 0.2968 cumulative IPC: 0.2962 (Simulation time: 00 hr 02 min 49 sec)
Heartbeat CPU 0 instructions: 21500094 cycles: 41052072 heartbeat IPC: 0.3005 cumulative IPC: 0.2964 (Simulation time: 00 hr 02 min 55 sec)
Heartbeat CPU 0 instructions: 22000095 cycles: 42725180 heartbeat IPC: 0.2988 cumulative IPC: 0.2965 (Simulation time: 00 hr 03 min 01 sec)
Heartbeat CPU 0 instructions: 22500095 cycles: 44416280 heartbeat IPC: 0.2957 cumulative IPC: 0.2964 (Simulation time: 00 hr 03 min 07 sec)
Heartbeat CPU 0 instructions: 23000095 cycles: 46094700 heartbeat IPC: 0.2979 cumulative IPC: 0.2965 (Simulation time: 00 hr 03 min 13 sec)
Heartbeat CPU 0 instructions: 23500095 cycles: 47812310 heartbeat IPC: 0.2911 cumulative IPC: 0.2963 (Simulation time: 00 hr 03 min 19 sec)
Heartbeat CPU 0 instructions: 24000096 cycles: 49507368 heartbeat IPC: 0.295 cumulative IPC: 0.2962 (Simulation time: 00 hr 03 min 26 sec)
Heartbeat CPU 0 instructions: 24500097 cycles: 51211998 heartbeat IPC: 0.2933 cumulative IPC: 0.2961 (Simulation time: 00 hr 03 min 32 sec)
Heartbeat CPU 0 instructions: 25000102 cycles: 52909540 heartbeat IPC: 0.2945 cumulative IPC: 0.2961 (Simulation time: 00 hr 03 min 38 sec)
Heartbeat CPU 0 instructions: 25500103 cycles: 54635243 heartbeat IPC: 0.2897 cumulative IPC: 0.2959 (Simulation time: 00 hr 03 min 44 sec)
Heartbeat CPU 0 instructions: 26000103 cycles: 56328511 heartbeat IPC: 0.2953 cumulative IPC: 0.2959 (Simulation time: 00 hr 03 min 51 sec)
Heartbeat CPU 0 instructions: 26500109 cycles: 58031573 heartbeat IPC: 0.2936 cumulative IPC: 0.2958 (Simulation time: 00 hr 03 min 57 sec)
Heartbeat CPU 0 instructions: 27000109 cycles: 59741232 heartbeat IPC: 0.2925 cumulative IPC: 0.2957 (Simulation time: 00 hr 04 min 03 sec)
Heartbeat CPU 0 instructions: 27500110 cycles: 61461265 heartbeat IPC: 0.2907 cumulative IPC: 0.2955 (Simulation time: 00 hr 04 min 09 sec)
Heartbeat CPU 0 instructions: 28000110 cycles: 63143205 heartbeat IPC: 0.2973 cumulative IPC: 0.2956 (Simulation time: 00 hr 04 min 15 sec)
Heartbeat CPU 0 instructions: 28500116 cycles: 64821728 heartbeat IPC: 0.2979 cumulative IPC: 0.2957 (Simulation time: 00 hr 04 min 22 sec)
Heartbeat CPU 0 instructions: 29000118 cycles: 66513515 heartbeat IPC: 0.2955 cumulative IPC: 0.2957 (Simulation time: 00 hr 04 min 28 sec)
Heartbeat CPU 0 instructions: 29500119 cycles: 68224193 heartbeat IPC: 0.2923 cumulative IPC: 0.2956 (Simulation time: 00 hr 04 min 34 sec)
Heartbeat CPU 0 instructions: 30000123 cycles: 69907692 heartbeat IPC: 0.297 cumulative IPC: 0.2956 (Simulation time: 00 hr 04 min 40 sec)
Heartbeat CPU 0 instructions: 30500125 cycles: 71619750 heartbeat IPC: 0.292 cumulative IPC: 0.2955 (Simulation time: 00 hr 04 min 46 sec)
Heartbeat CPU 0 instructions: 31000125 cycles: 73333241 heartbeat IPC: 0.2918 cumulative IPC: 0.2954 (Simulation time: 00 hr 04 min 53 sec)
Heartbeat CPU 0 instructions: 31500126 cycles: 75051738 heartbeat IPC: 0.291 cumulative IPC: 0.2953 (Simulation time: 00 hr 04 min 59 sec)
Heartbeat CPU 0 instructions: 32000132 cycles: 76756571 heartbeat IPC: 0.2933 cumulative IPC: 0.2953 (Simulation time: 00 hr 05 min 05 sec)
Heartbeat CPU 0 instructions: 32500132 cycles: 78458658 heartbeat IPC: 0.2938 cumulative IPC: 0.2952 (Simulation time: 00 hr 05 min 12 sec)
Heartbeat CPU 0 instructions: 33000133 cycles: 80169664 heartbeat IPC: 0.2922 cumulative IPC: 0.2952 (Simulation time: 00 hr 05 min 18 sec)
Heartbeat CPU 0 instructions: 33500134 cycles: 81865312 heartbeat IPC: 0.2949 cumulative IPC: 0.2952 (Simulation time: 00 hr 05 min 24 sec)
Heartbeat CPU 0 instructions: 34000135 cycles: 83576108 heartbeat IPC: 0.2923 cumulative IPC: 0.2951 (Simulation time: 00 hr 05 min 30 sec)
Heartbeat CPU 0 instructions: 34500135 cycles: 85283760 heartbeat IPC: 0.2928 cumulative IPC: 0.2951 (Simulation time: 00 hr 05 min 36 sec)
Heartbeat CPU 0 instructions: 35000137 cycles: 86989256 heartbeat IPC: 0.2932 cumulative IPC: 0.295 (Simulation time: 00 hr 05 min 42 sec)
Heartbeat CPU 0 instructions: 35500138 cycles: 88700824 heartbeat IPC: 0.2921 cumulative IPC: 0.295 (Simulation time: 00 hr 05 min 49 sec)
Heartbeat CPU 0 instructions: 36000143 cycles: 90434449 heartbeat IPC: 0.2884 cumulative IPC: 0.2948 (Simulation time: 00 hr 05 min 55 sec)
Heartbeat CPU 0 instructions: 36500144 cycles: 92133213 heartbeat IPC: 0.2943 cumulative IPC: 0.2948 (Simulation time: 00 hr 06 min 01 sec)
Heartbeat CPU 0 instructions: 37000147 cycles: 93816249 heartbeat IPC: 0.2971 cumulative IPC: 0.2949 (Simulation time: 00 hr 06 min 07 sec)
Heartbeat CPU 0 instructions: 37500152 cycles: 95517049 heartbeat IPC: 0.294 cumulative IPC: 0.2948 (Simulation time: 00 hr 06 min 13 sec)
Heartbeat CPU 0 instructions: 38000153 cycles: 97233617 heartbeat IPC: 0.2913 cumulative IPC: 0.2948 (Simulation time: 00 hr 06 min 20 sec)
Heartbeat CPU 0 instructions: 38500153 cycles: 98970506 heartbeat IPC: 0.2879 cumulative IPC: 0.2947 (Simulation time: 00 hr 06 min 26 sec)
Heartbeat CPU 0 instructions: 39000153 cycles: 100665819 heartbeat IPC: 0.2949 cumulative IPC: 0.2947 (Simulation time: 00 hr 06 min 32 sec)
Heartbeat CPU 0 instructions: 39500156 cycles: 102362808 heartbeat IPC: 0.2946 cumulative IPC: 0.2947 (Simulation time: 00 hr 06 min 37 sec)
Heartbeat CPU 0 instructions: 40000156 cycles: 104071907 heartbeat IPC: 0.2926 cumulative IPC: 0.2946 (Simulation time: 00 hr 06 min 43 sec)
Heartbeat CPU 0 instructions: 40500156 cycles: 105779425 heartbeat IPC: 0.2928 cumulative IPC: 0.2946 (Simulation time: 00 hr 06 min 49 sec)
Heartbeat CPU 0 instructions: 41000156 cycles: 107495330 heartbeat IPC: 0.2914 cumulative IPC: 0.2945 (Simulation time: 00 hr 06 min 55 sec)
Heartbeat CPU 0 instructions: 41500156 cycles: 109188542 heartbeat IPC: 0.2953 cumulative IPC: 0.2946 (Simulation time: 00 hr 07 min 01 sec)
Heartbeat CPU 0 instructions: 42000156 cycles: 110893742 heartbeat IPC: 0.2932 cumulative IPC: 0.2945 (Simulation time: 00 hr 07 min 07 sec)
Heartbeat CPU 0 instructions: 42500157 cycles: 112580468 heartbeat IPC: 0.2964 cumulative IPC: 0.2946 (Simulation time: 00 hr 07 min 13 sec)
Heartbeat CPU 0 instructions: 43000163 cycles: 114288684 heartbeat IPC: 0.2927 cumulative IPC: 0.2945 (Simulation time: 00 hr 07 min 18 sec)
Heartbeat CPU 0 instructions: 43500167 cycles: 115988884 heartbeat IPC: 0.2941 cumulative IPC: 0.2945 (Simulation time: 00 hr 07 min 24 sec)
Heartbeat CPU 0 instructions: 44000168 cycles: 117692807 heartbeat IPC: 0.2934 cumulative IPC: 0.2945 (Simulation time: 00 hr 07 min 30 sec)
Heartbeat CPU 0 instructions: 44500171 cycles: 119409121 heartbeat IPC: 0.2913 cumulative IPC: 0.2945 (Simulation time: 00 hr 07 min 36 sec)
Heartbeat CPU 0 instructions: 45000172 cycles: 121104091 heartbeat IPC: 0.295 cumulative IPC: 0.2945 (Simulation time: 00 hr 07 min 42 sec)
Heartbeat CPU 0 instructions: 45500172 cycles: 122796993 heartbeat IPC: 0.2954 cumulative IPC: 0.2945 (Simulation time: 00 hr 07 min 48 sec)
Heartbeat CPU 0 instructions: 46000175 cycles: 124503265 heartbeat IPC: 0.293 cumulative IPC: 0.2945 (Simulation time: 00 hr 07 min 54 sec)
Heartbeat CPU 0 instructions: 46500175 cycles: 126206358 heartbeat IPC: 0.2936 cumulative IPC: 0.2945 (Simulation time: 00 hr 07 min 59 sec)
Heartbeat CPU 0 instructions: 47000178 cycles: 127902226 heartbeat IPC: 0.2948 cumulative IPC: 0.2945 (Simulation time: 00 hr 08 min 05 sec)
Heartbeat CPU 0 instructions: 47500178 cycles: 129608024 heartbeat IPC: 0.2931 cumulative IPC: 0.2944 (Simulation time: 00 hr 08 min 11 sec)
Heartbeat CPU 0 instructions: 48000178 cycles: 131321631 heartbeat IPC: 0.2918 cumulative IPC: 0.2944 (Simulation time: 00 hr 08 min 17 sec)
Heartbeat CPU 0 instructions: 48500179 cycles: 133017712 heartbeat IPC: 0.2948 cumulative IPC: 0.2944 (Simulation time: 00 hr 08 min 23 sec)
Heartbeat CPU 0 instructions: 49000179 cycles: 134705108 heartbeat IPC: 0.2963 cumulative IPC: 0.2944 (Simulation time: 00 hr 08 min 29 sec)
Heartbeat CPU 0 instructions: 49500179 cycles: 136397182 heartbeat IPC: 0.2955 cumulative IPC: 0.2945 (Simulation time: 00 hr 08 min 34 sec)
Heartbeat CPU 0 instructions: 50000179 cycles: 138095224 heartbeat IPC: 0.2945 cumulative IPC: 0.2945 (Simulation time: 00 hr 08 min 40 sec)
Heartbeat CPU 0 instructions: 50500182 cycles: 139799023 heartbeat IPC: 0.2935 cumulative IPC: 0.2944 (Simulation time: 00 hr 08 min 46 sec)
Heartbeat CPU 0 instructions: 51000182 cycles: 141511855 heartbeat IPC: 0.2919 cumulative IPC: 0.2944 (Simulation time: 00 hr 08 min 52 sec)
Heartbeat CPU 0 instructions: 51500182 cycles: 143224550 heartbeat IPC: 0.2919 cumulative IPC: 0.2944 (Simulation time: 00 hr 08 min 58 sec)
Heartbeat CPU 0 instructions: 52000185 cycles: 144938273 heartbeat IPC: 0.2918 cumulative IPC: 0.2943 (Simulation time: 00 hr 09 min 03 sec)
Heartbeat CPU 0 instructions: 52500185 cycles: 146657780 heartbeat IPC: 0.2908 cumulative IPC: 0.2943 (Simulation time: 00 hr 09 min 08 sec)
Heartbeat CPU 0 instructions: 53000185 cycles: 148385788 heartbeat IPC: 0.2894 cumulative IPC: 0.2942 (Simulation time: 00 hr 09 min 13 sec)
Heartbeat CPU 0 instructions: 53500187 cycles: 150078937 heartbeat IPC: 0.2953 cumulative IPC: 0.2943 (Simulation time: 00 hr 09 min 18 sec)
Heartbeat CPU 0 instructions: 54000187 cycles: 151782933 heartbeat IPC: 0.2934 cumulative IPC: 0.2942 (Simulation time: 00 hr 09 min 23 sec)
Heartbeat CPU 0 instructions: 54500193 cycles: 153500656 heartbeat IPC: 0.2911 cumulative IPC: 0.2942 (Simulation time: 00 hr 09 min 28 sec)
Heartbeat CPU 0 instructions: 55000197 cycles: 155728622 heartbeat IPC: 0.2244 cumulative IPC: 0.2932 (Simulation time: 00 hr 09 min 34 sec)
Heartbeat CPU 0 instructions: 55500197 cycles: 158560072 heartbeat IPC: 0.1766 cumulative IPC: 0.2911 (Simulation time: 00 hr 09 min 41 sec)
Heartbeat CPU 0 instructions: 56000197 cycles: 161338013 heartbeat IPC: 0.18 cumulative IPC: 0.2891 (Simulation time: 00 hr 09 min 48 sec)
Heartbeat CPU 0 instructions: 56500197 cycles: 164119851 heartbeat IPC: 0.1797 cumulative IPC: 0.2873 (Simulation time: 00 hr 09 min 56 sec)
Heartbeat CPU 0 instructions: 57000197 cycles: 166948973 heartbeat IPC: 0.1767 cumulative IPC: 0.2854 (Simulation time: 00 hr 10 min 03 sec)
Heartbeat CPU 0 instructions: 57500201 cycles: 169766358 heartbeat IPC: 0.1775 cumulative IPC: 0.2836 (Simulation time: 00 hr 10 min 10 sec)
Heartbeat CPU 0 instructions: 58000202 cycles: 172572658 heartbeat IPC: 0.1782 cumulative IPC: 0.2818 (Simulation time: 00 hr 10 min 18 sec)
Heartbeat CPU 0 instructions: 58500206 cycles: 175321352 heartbeat IPC: 0.1819 cumulative IPC: 0.2802 (Simulation time: 00 hr 10 min 25 sec)
Heartbeat CPU 0 instructions: 59000209 cycles: 178122893 heartbeat IPC: 0.1785 cumulative IPC: 0.2786 (Simulation time: 00 hr 10 min 32 sec)
Heartbeat CPU 0 instructions: 59500213 cycles: 180917727 heartbeat IPC: 0.1789 cumulative IPC: 0.277 (Simulation time: 00 hr 10 min 40 sec)
Simulation finished CPU 0 instructions: 50000002 cycles: 181481532 cumulative IPC: 0.2755 (Simulation time: 00 hr 10 min 47 sec)
Simulation complete CPU 0 instructions: 50000002 cycles: 181481532 cumulative IPC: 0.2755 (Simulation time: 00 hr 10 min 47 sec)

ChampSim completed all CPUs

=== Simulation ===
CPU 0 runs traces/GAP/bfs-10.trace.gz

Region of Interest Statistics

CPU 0 cumulative IPC: 0.2755 instructions: 50000002 cycles: 181481532
CPU 0 Branch Prediction Accuracy: 87.15% MPKI: 26.33 Average ROB Occupancy at Mispredict: 16.17
Branch type MPKI
BRANCH_DIRECT_JUMP: 0.00016
BRANCH_INDIRECT: 0
BRANCH_CONDITIONAL: 26.33
BRANCH_DIRECT_CALL: 0.00034
BRANCH_INDIRECT_CALL: 0
BRANCH_RETURN: 0.00038

cpu0->cpu0_STLB TOTAL        ACCESS:      41516 HIT:       5366 MISS:      36150 MSHR_MERGE:          0
cpu0->cpu0_STLB LOAD         ACCESS:      41516 HIT:       5366 MISS:      36150 MSHR_MERGE:          0
cpu0->cpu0_STLB RFO          ACCESS:          0 HIT:          0 MISS:          0 MSHR_MERGE:          0
cpu0->cpu0_STLB PREFETCH     ACCESS:          0 HIT:          0 MISS:          0 MSHR_MERGE:          0
cpu0->cpu0_STLB WRITE        ACCESS:          0 HIT:          0 MISS:          0 MSHR_MERGE:          0
cpu0->cpu0_STLB TRANSLATION  ACCESS:          0 HIT:          0 MISS:          0 MSHR_MERGE:          0
cpu0->cpu0_STLB PREFETCH REQUESTED:          0 ISSUED:          0 USEFUL:          0 USELESS:          0
cpu0->cpu0_STLB AVERAGE MISS LATENCY: 182.6 cycles
cpu0->cpu0_L2C TOTAL        ACCESS:    2523687 HIT:    1800891 MISS:     722796 MSHR_MERGE:          0
cpu0->cpu0_L2C LOAD         ACCESS:    2403200 HIT:    1692386 MISS:     710814 MSHR_MERGE:          0
cpu0->cpu0_L2C RFO          ACCESS:      10208 HIT:       3850 MISS:       6358 MSHR_MERGE:          0
cpu0->cpu0_L2C PREFETCH     ACCESS:          0 HIT:          0 MISS:          0 MSHR_MERGE:          0
cpu0->cpu0_L2C WRITE        ACCESS:     101742 HIT:     101741 MISS:          1 MSHR_MERGE:          0
cpu0->cpu0_L2C TRANSLATION  ACCESS:       8537 HIT:       2914 MISS:       5623 MSHR_MERGE:          0
cpu0->cpu0_L2C PREFETCH REQUESTED:          0 ISSUED:          0 USEFUL:          0 USELESS:          0
cpu0->cpu0_L2C AVERAGE MISS LATENCY: 214.2 cycles
cpu0->cpu0_L1I TOTAL        ACCESS:      27251 HIT:      27210 MISS:         41 MSHR_MERGE:          3
cpu0->cpu0_L1I LOAD         ACCESS:      27251 HIT:      27210 MISS:         41 MSHR_MERGE:          3
cpu0->cpu0_L1I RFO          ACCESS:          0 HIT:          0 MISS:          0 MSHR_MERGE:          0
cpu0->cpu0_L1I PREFETCH     ACCESS:          0 HIT:          0 MISS:          0 MSHR_MERGE:          0
cpu0->cpu0_L1I WRITE        ACCESS:          0 HIT:          0 MISS:          0 MSHR_MERGE:          0
cpu0->cpu0_L1I TRANSLATION  ACCESS:          0 HIT:          0 MISS:          0 MSHR_MERGE:          0
cpu0->cpu0_L1I PREFETCH REQUESTED:          0 ISSUED:          0 USEFUL:          0 USELESS:          0
cpu0->cpu0_L1I AVERAGE MISS LATENCY: 287.3 cycles
cpu0->cpu0_L1D TOTAL        ACCESS:   12660174 HIT:    8924925 MISS:    3735249 MSHR_MERGE:    1313341
cpu0->cpu0_L1D LOAD         ACCESS:   11656264 HIT:    7968915 MISS:    3687349 MSHR_MERGE:    1284186
cpu0->cpu0_L1D RFO          ACCESS:          0 HIT:          0 MISS:          0 MSHR_MERGE:          0
cpu0->cpu0_L1D PREFETCH     ACCESS:          0 HIT:          0 MISS:          0 MSHR_MERGE:          0
cpu0->cpu0_L1D WRITE        ACCESS:     931746 HIT:     892606 MISS:      39140 MSHR_MERGE:      28932
cpu0->cpu0_L1D TRANSLATION  ACCESS:      72164 HIT:      63404 MISS:       8760 MSHR_MERGE:        223
cpu0->cpu0_L1D PREFETCH REQUESTED:          0 ISSUED:          0 USEFUL:          0 USELESS:          0
cpu0->cpu0_L1D AVERAGE MISS LATENCY: 72.25 cycles
cpu0->cpu0_ITLB TOTAL        ACCESS:      26369 HIT:      26367 MISS:          2 MSHR_MERGE:          1
cpu0->cpu0_ITLB LOAD         ACCESS:      26369 HIT:      26367 MISS:          2 MSHR_MERGE:          1
cpu0->cpu0_ITLB RFO          ACCESS:          0 HIT:          0 MISS:          0 MSHR_MERGE:          0
cpu0->cpu0_ITLB PREFETCH     ACCESS:          0 HIT:          0 MISS:          0 MSHR_MERGE:          0
cpu0->cpu0_ITLB WRITE        ACCESS:          0 HIT:          0 MISS:          0 MSHR_MERGE:          0
cpu0->cpu0_ITLB TRANSLATION  ACCESS:          0 HIT:          0 MISS:          0 MSHR_MERGE:          0
cpu0->cpu0_ITLB PREFETCH REQUESTED:          0 ISSUED:          0 USEFUL:          0 USELESS:          0
cpu0->cpu0_ITLB AVERAGE MISS LATENCY: 453 cycles
cpu0->cpu0_DTLB TOTAL        ACCESS:   12570609 HIT:   12438034 MISS:     132575 MSHR_MERGE:      91060
cpu0->cpu0_DTLB LOAD         ACCESS:   12570609 HIT:   12438034 MISS:     132575 MSHR_MERGE:      91060
cpu0->cpu0_DTLB RFO          ACCESS:          0 HIT:          0 MISS:          0 MSHR_MERGE:          0
cpu0->cpu0_DTLB PREFETCH     ACCESS:          0 HIT:          0 MISS:          0 MSHR_MERGE:          0
cpu0->cpu0_DTLB WRITE        ACCESS:          0 HIT:          0 MISS:          0 MSHR_MERGE:          0
cpu0->cpu0_DTLB TRANSLATION  ACCESS:          0 HIT:          0 MISS:          0 MSHR_MERGE:          0
cpu0->cpu0_DTLB PREFETCH REQUESTED:          0 ISSUED:          0 USEFUL:          0 USELESS:          0
cpu0->cpu0_DTLB AVERAGE MISS LATENCY: 164.9 cycles
cpu0->LLC TOTAL        ACCESS:     824357 HIT:      34180 MISS:     790177 MSHR_MERGE:          0
cpu0->LLC LOAD         ACCESS:     710814 HIT:      11906 MISS:     698908 MSHR_MERGE:          0
cpu0->LLC RFO          ACCESS:       6358 HIT:          1 MISS:       6357 MSHR_MERGE:          0
cpu0->LLC PREFETCH     ACCESS:          0 HIT:          0 MISS:          0 MSHR_MERGE:          0
cpu0->LLC WRITE        ACCESS:     101562 HIT:      22264 MISS:      79298 MSHR_MERGE:          0
cpu0->LLC TRANSLATION  ACCESS:       5623 HIT:          9 MISS:       5614 MSHR_MERGE:          0
cpu0->LLC PREFETCH REQUESTED:          0 ISSUED:          0 USEFUL:          0 USELESS:          0
cpu0->LLC AVERAGE MISS LATENCY: 176.6 cycles

DRAM Statistics

Channel 0 RQ ROW_BUFFER_HIT:      28472
  ROW_BUFFER_MISS:     682405
  AVG DBUS CONGESTED CYCLE: 31.89
Channel 0 WQ ROW_BUFFER_HIT:      18570
  ROW_BUFFER_MISS:      76554
  FULL:          0
Channel 0 REFRESHES ISSUED:      15122


--- STDERR ---



=== TRACE: traces/charlie/charlie_0002.champsim.gz ===
COMMAND: ./bin/1C.fullBW.nopref --warmup-instructions=10000000 --simulation-instructions=50000000 traces/charlie/charlie_0002.champsim.gz
RETURNCODE: 0

--- STDOUT ---
[VMEM] WARNING: physical memory size is smaller than virtual memory size.

*** ChampSim Multicore Out-of-Order Simulator ***
Warmup Instructions: 10000000
Simulation Instructions: 50000000
Number of CPUs: 1
Page size: 4096
Core 0: traces/charlie/charlie_0002.champsim.gz
Off-chip DRAM Size: 64 GiB Channels: 1 Width: 64-bit Data Rate: 4807 MT/s
[BTB] WARNING: target of return is a lower address than the corresponding call. This is usually a problem with your trace.
[BTB] WARNING: target of return is a lower address than the corresponding call. This is usually a problem with your trace.
[BTB] WARNING: target of return is a lower address than the corresponding call. This is usually a problem with your trace.
[BTB] WARNING: target of return is a lower address than the corresponding call. This is usually a problem with your trace.
[BTB] WARNING: target of return is a lower address than the corresponding call. This is usually a problem with your trace.
Heartbeat CPU 0 instructions: 500003 cycles: 260676 heartbeat IPC: 1.918 cumulative IPC: 1.918 (Simulation time: 00 hr 00 min 02 sec)
[BTB] WARNING: target of return is a lower address than the corresponding call. This is usually a problem with your trace.
Heartbeat CPU 0 instructions: 1000004 cycles: 470101 heartbeat IPC: 2.387 cumulative IPC: 2.127 (Simulation time: 00 hr 00 min 05 sec)
Heartbeat CPU 0 instructions: 1500010 cycles: 655885 heartbeat IPC: 2.691 cumulative IPC: 2.287 (Simulation time: 00 hr 00 min 07 sec)
[BTB] WARNING: target of return is a lower address than the corresponding call. This is usually a problem with your trace.
[BTB] WARNING: target of return is a lower address than the corresponding call. This is usually a problem with your trace.
Heartbeat CPU 0 instructions: 2000016 cycles: 832263 heartbeat IPC: 2.835 cumulative IPC: 2.403 (Simulation time: 00 hr 00 min 09 sec)
[BTB] WARNING: target of return is a lower address than the corresponding call. This is usually a problem with your trace.
[BTB] WARNING: target of return is a lower address than the corresponding call. This is usually a problem with your trace.
Heartbeat CPU 0 instructions: 2500019 cycles: 1014447 heartbeat IPC: 2.744 cumulative IPC: 2.464 (Simulation time: 00 hr 00 min 11 sec)
Heartbeat CPU 0 instructions: 3000025 cycles: 1166538 heartbeat IPC: 3.288 cumulative IPC: 2.572 (Simulation time: 00 hr 00 min 12 sec)
Heartbeat CPU 0 instructions: 3500031 cycles: 1312238 heartbeat IPC: 3.432 cumulative IPC: 2.667 (Simulation time: 00 hr 00 min 14 sec)
Heartbeat CPU 0 instructions: 4000037 cycles: 1449343 heartbeat IPC: 3.647 cumulative IPC: 2.76 (Simulation time: 00 hr 00 min 15 sec)
Heartbeat CPU 0 instructions: 4500042 cycles: 1601992 heartbeat IPC: 3.276 cumulative IPC: 2.809 (Simulation time: 00 hr 00 min 17 sec)
Heartbeat CPU 0 instructions: 5000047 cycles: 1747546 heartbeat IPC: 3.435 cumulative IPC: 2.861 (Simulation time: 00 hr 00 min 19 sec)
Heartbeat CPU 0 instructions: 5500053 cycles: 1916051 heartbeat IPC: 2.967 cumulative IPC: 2.871 (Simulation time: 00 hr 00 min 21 sec)
Heartbeat CPU 0 instructions: 6000060 cycles: 2079639 heartbeat IPC: 3.057 cumulative IPC: 2.885 (Simulation time: 00 hr 00 min 23 sec)
Heartbeat CPU 0 instructions: 6500065 cycles: 2255090 heartbeat IPC: 2.85 cumulative IPC: 2.882 (Simulation time: 00 hr 00 min 25 sec)
Heartbeat CPU 0 instructions: 7000066 cycles: 2402661 heartbeat IPC: 3.388 cumulative IPC: 2.913 (Simulation time: 00 hr 00 min 26 sec)
Heartbeat CPU 0 instructions: 7500068 cycles: 2554999 heartbeat IPC: 3.282 cumulative IPC: 2.935 (Simulation time: 00 hr 00 min 28 sec)
Heartbeat CPU 0 instructions: 8000070 cycles: 2704563 heartbeat IPC: 3.343 cumulative IPC: 2.958 (Simulation time: 00 hr 00 min 29 sec)
Heartbeat CPU 0 instructions: 8500071 cycles: 2805520 heartbeat IPC: 4.953 cumulative IPC: 3.03 (Simulation time: 00 hr 00 min 30 sec)
Heartbeat CPU 0 instructions: 9000073 cycles: 2905728 heartbeat IPC: 4.99 cumulative IPC: 3.097 (Simulation time: 00 hr 00 min 31 sec)
Heartbeat CPU 0 instructions: 9500076 cycles: 3005944 heartbeat IPC: 4.989 cumulative IPC: 3.16 (Simulation time: 00 hr 00 min 32 sec)
Warmup finished CPU 0 instructions: 10000000 cycles: 3127657 cumulative IPC: 3.197 (Simulation time: 00 hr 00 min 34 sec)
Warmup complete CPU 0 instructions: 10000000 cycles: 3127657 cumulative IPC: 3.197 (Simulation time: 00 hr 00 min 34 sec)
Heartbeat CPU 0 instructions: 10000077 cycles: 3130428 heartbeat IPC: 4.017 cumulative IPC: 0.02779 (Simulation time: 00 hr 00 min 34 sec)
Heartbeat CPU 0 instructions: 10500078 cycles: 5410465 heartbeat IPC: 0.2193 cumulative IPC: 0.2191 (Simulation time: 00 hr 00 min 43 sec)
Heartbeat CPU 0 instructions: 11000079 cycles: 6416982 heartbeat IPC: 0.4968 cumulative IPC: 0.304 (Simulation time: 00 hr 00 min 47 sec)
Heartbeat CPU 0 instructions: 11500086 cycles: 8472683 heartbeat IPC: 0.2432 cumulative IPC: 0.2807 (Simulation time: 00 hr 00 min 54 sec)
Heartbeat CPU 0 instructions: 12000088 cycles: 10123412 heartbeat IPC: 0.3029 cumulative IPC: 0.2859 (Simulation time: 00 hr 01 min 00 sec)
Heartbeat CPU 0 instructions: 12500088 cycles: 11076630 heartbeat IPC: 0.5245 cumulative IPC: 0.3145 (Simulation time: 00 hr 01 min 04 sec)
Heartbeat CPU 0 instructions: 13000089 cycles: 11645140 heartbeat IPC: 0.8795 cumulative IPC: 0.3522 (Simulation time: 00 hr 01 min 07 sec)
Heartbeat CPU 0 instructions: 13500089 cycles: 13451852 heartbeat IPC: 0.2767 cumulative IPC: 0.339 (Simulation time: 00 hr 01 min 13 sec)
Heartbeat CPU 0 instructions: 14000089 cycles: 15232564 heartbeat IPC: 0.2808 cumulative IPC: 0.3305 (Simulation time: 00 hr 01 min 19 sec)
Heartbeat CPU 0 instructions: 14500091 cycles: 16324348 heartbeat IPC: 0.458 cumulative IPC: 0.341 (Simulation time: 00 hr 01 min 24 sec)
Heartbeat CPU 0 instructions: 15000092 cycles: 16832258 heartbeat IPC: 0.9844 cumulative IPC: 0.3648 (Simulation time: 00 hr 01 min 26 sec)
Heartbeat CPU 0 instructions: 15500099 cycles: 17321593 heartbeat IPC: 1.022 cumulative IPC: 0.3875 (Simulation time: 00 hr 01 min 28 sec)
Heartbeat CPU 0 instructions: 16000100 cycles: 17794296 heartbeat IPC: 1.058 cumulative IPC: 0.4091 (Simulation time: 00 hr 01 min 31 sec)
Heartbeat CPU 0 instructions: 16500107 cycles: 18277389 heartbeat IPC: 1.035 cumulative IPC: 0.4291 (Simulation time: 00 hr 01 min 33 sec)
Heartbeat CPU 0 instructions: 17000114 cycles: 18772289 heartbeat IPC: 1.01 cumulative IPC: 0.4474 (Simulation time: 00 hr 01 min 35 sec)
Heartbeat CPU 0 instructions: 17500115 cycles: 19299651 heartbeat IPC: 0.9481 cumulative IPC: 0.4638 (Simulation time: 00 hr 01 min 38 sec)
Heartbeat CPU 0 instructions: 18000115 cycles: 19724552 heartbeat IPC: 1.177 cumulative IPC: 0.482 (Simulation time: 00 hr 01 min 40 sec)
Heartbeat CPU 0 instructions: 18500116 cycles: 20165272 heartbeat IPC: 1.135 cumulative IPC: 0.4989 (Simulation time: 00 hr 01 min 42 sec)
Heartbeat CPU 0 instructions: 19000118 cycles: 20626916 heartbeat IPC: 1.083 cumulative IPC: 0.5143 (Simulation time: 00 hr 01 min 45 sec)
Heartbeat CPU 0 instructions: 19500120 cycles: 21113964 heartbeat IPC: 1.027 cumulative IPC: 0.5282 (Simulation time: 00 hr 01 min 47 sec)
Heartbeat CPU 0 instructions: 20000123 cycles: 21567241 heartbeat IPC: 1.103 cumulative IPC: 0.5423 (Simulation time: 00 hr 01 min 49 sec)
Heartbeat CPU 0 instructions: 20500123 cycles: 22089930 heartbeat IPC: 0.9566 cumulative IPC: 0.5537 (Simulation time: 00 hr 01 min 52 sec)
Heartbeat CPU 0 instructions: 21000129 cycles: 22525240 heartbeat IPC: 1.149 cumulative IPC: 0.5671 (Simulation time: 00 hr 01 min 54 sec)
Heartbeat CPU 0 instructions: 21500133 cycles: 22969075 heartbeat IPC: 1.127 cumulative IPC: 0.5796 (Simulation time: 00 hr 01 min 56 sec)
Heartbeat CPU 0 instructions: 22000133 cycles: 23458507 heartbeat IPC: 1.022 cumulative IPC: 0.5902 (Simulation time: 00 hr 01 min 59 sec)
Heartbeat CPU 0 instructions: 22500138 cycles: 23908255 heartbeat IPC: 1.112 cumulative IPC: 0.6015 (Simulation time: 00 hr 02 min 01 sec)
Heartbeat CPU 0 instructions: 23000138 cycles: 24371271 heartbeat IPC: 1.08 cumulative IPC: 0.612 (Simulation time: 00 hr 02 min 03 sec)
Heartbeat CPU 0 instructions: 23500138 cycles: 24837989 heartbeat IPC: 1.071 cumulative IPC: 0.6218 (Simulation time: 00 hr 02 min 06 sec)
Heartbeat CPU 0 instructions: 24000138 cycles: 25368100 heartbeat IPC: 0.9432 cumulative IPC: 0.6295 (Simulation time: 00 hr 02 min 08 sec)
Heartbeat CPU 0 instructions: 24500143 cycles: 26826974 heartbeat IPC: 0.3427 cumulative IPC: 0.6118 (Simulation time: 00 hr 02 min 14 sec)
Heartbeat CPU 0 instructions: 25000146 cycles: 27450916 heartbeat IPC: 0.8014 cumulative IPC: 0.6167 (Simulation time: 00 hr 02 min 18 sec)
Heartbeat CPU 0 instructions: 25500147 cycles: 28093527 heartbeat IPC: 0.7781 cumulative IPC: 0.6209 (Simulation time: 00 hr 02 min 21 sec)
Heartbeat CPU 0 instructions: 26000149 cycles: 28756659 heartbeat IPC: 0.754 cumulative IPC: 0.6243 (Simulation time: 00 hr 02 min 25 sec)
Heartbeat CPU 0 instructions: 26500149 cycles: 29981971 heartbeat IPC: 0.4081 cumulative IPC: 0.6144 (Simulation time: 00 hr 02 min 30 sec)
Heartbeat CPU 0 instructions: 27000149 cycles: 30952852 heartbeat IPC: 0.515 cumulative IPC: 0.611 (Simulation time: 00 hr 02 min 34 sec)
Heartbeat CPU 0 instructions: 27500149 cycles: 31657553 heartbeat IPC: 0.7095 cumulative IPC: 0.6134 (Simulation time: 00 hr 02 min 38 sec)
Heartbeat CPU 0 instructions: 28000149 cycles: 32827246 heartbeat IPC: 0.4275 cumulative IPC: 0.6061 (Simulation time: 00 hr 02 min 42 sec)
Heartbeat CPU 0 instructions: 28500154 cycles: 34296571 heartbeat IPC: 0.3403 cumulative IPC: 0.5935 (Simulation time: 00 hr 02 min 48 sec)
Heartbeat CPU 0 instructions: 29000155 cycles: 34823948 heartbeat IPC: 0.9481 cumulative IPC: 0.5994 (Simulation time: 00 hr 02 min 51 sec)
Heartbeat CPU 0 instructions: 29500162 cycles: 35307561 heartbeat IPC: 1.034 cumulative IPC: 0.606 (Simulation time: 00 hr 02 min 53 sec)
Heartbeat CPU 0 instructions: 30000162 cycles: 35894457 heartbeat IPC: 0.8519 cumulative IPC: 0.6104 (Simulation time: 00 hr 02 min 56 sec)
Heartbeat CPU 0 instructions: 30500162 cycles: 37058258 heartbeat IPC: 0.4296 cumulative IPC: 0.6042 (Simulation time: 00 hr 03 min 01 sec)
Heartbeat CPU 0 instructions: 31000167 cycles: 38601091 heartbeat IPC: 0.3241 cumulative IPC: 0.592 (Simulation time: 00 hr 03 min 07 sec)
Heartbeat CPU 0 instructions: 31500167 cycles: 39930933 heartbeat IPC: 0.376 cumulative IPC: 0.5842 (Simulation time: 00 hr 03 min 13 sec)
Heartbeat CPU 0 instructions: 32000174 cycles: 41185841 heartbeat IPC: 0.3984 cumulative IPC: 0.5781 (Simulation time: 00 hr 03 min 17 sec)
Heartbeat CPU 0 instructions: 32500179 cycles: 41418416 heartbeat IPC: 2.15 cumulative IPC: 0.5876 (Simulation time: 00 hr 03 min 19 sec)
Heartbeat CPU 0 instructions: 33000183 cycles: 41659646 heartbeat IPC: 2.073 cumulative IPC: 0.5969 (Simulation time: 00 hr 03 min 21 sec)
Heartbeat CPU 0 instructions: 33500185 cycles: 42055604 heartbeat IPC: 1.263 cumulative IPC: 0.6037 (Simulation time: 00 hr 03 min 23 sec)
Heartbeat CPU 0 instructions: 34000185 cycles: 43499245 heartbeat IPC: 0.3463 cumulative IPC: 0.5945 (Simulation time: 00 hr 03 min 28 sec)
Heartbeat CPU 0 instructions: 34500185 cycles: 45041057 heartbeat IPC: 0.3243 cumulative IPC: 0.5845 (Simulation time: 00 hr 03 min 33 sec)
Heartbeat CPU 0 instructions: 35000185 cycles: 47378079 heartbeat IPC: 0.2139 cumulative IPC: 0.565 (Simulation time: 00 hr 03 min 40 sec)
Heartbeat CPU 0 instructions: 35500191 cycles: 49167281 heartbeat IPC: 0.2795 cumulative IPC: 0.5539 (Simulation time: 00 hr 03 min 45 sec)
Heartbeat CPU 0 instructions: 36000192 cycles: 50444110 heartbeat IPC: 0.3916 cumulative IPC: 0.5495 (Simulation time: 00 hr 03 min 49 sec)
Heartbeat CPU 0 instructions: 36500197 cycles: 51882769 heartbeat IPC: 0.3475 cumulative IPC: 0.5435 (Simulation time: 00 hr 03 min 54 sec)
Heartbeat CPU 0 instructions: 37000201 cycles: 52463834 heartbeat IPC: 0.8605 cumulative IPC: 0.5473 (Simulation time: 00 hr 03 min 56 sec)
Heartbeat CPU 0 instructions: 37500202 cycles: 52956459 heartbeat IPC: 1.015 cumulative IPC: 0.5519 (Simulation time: 00 hr 03 min 58 sec)
Heartbeat CPU 0 instructions: 38000204 cycles: 53422348 heartbeat IPC: 1.073 cumulative IPC: 0.5567 (Simulation time: 00 hr 04 min 00 sec)
Heartbeat CPU 0 instructions: 38500210 cycles: 53852048 heartbeat IPC: 1.164 cumulative IPC: 0.5619 (Simulation time: 00 hr 04 min 02 sec)
Heartbeat CPU 0 instructions: 39000214 cycles: 54335715 heartbeat IPC: 1.034 cumulative IPC: 0.5663 (Simulation time: 00 hr 04 min 04 sec)
Heartbeat CPU 0 instructions: 39500215 cycles: 54803147 heartbeat IPC: 1.07 cumulative IPC: 0.5709 (Simulation time: 00 hr 04 min 06 sec)
Heartbeat CPU 0 instructions: 40000221 cycles: 55272325 heartbeat IPC: 1.066 cumulative IPC: 0.5753 (Simulation time: 00 hr 04 min 08 sec)
Heartbeat CPU 0 instructions: 40500221 cycles: 55781575 heartbeat IPC: 0.9818 cumulative IPC: 0.5793 (Simulation time: 00 hr 04 min 10 sec)
Heartbeat CPU 0 instructions: 41000227 cycles: 56186839 heartbeat IPC: 1.234 cumulative IPC: 0.5843 (Simulation time: 00 hr 04 min 11 sec)
Heartbeat CPU 0 instructions: 41500227 cycles: 57033558 heartbeat IPC: 0.5905 cumulative IPC: 0.5844 (Simulation time: 00 hr 04 min 15 sec)
Heartbeat CPU 0 instructions: 42000231 cycles: 57673461 heartbeat IPC: 0.7814 cumulative IPC: 0.5867 (Simulation time: 00 hr 04 min 17 sec)
Heartbeat CPU 0 instructions: 42500236 cycles: 58270696 heartbeat IPC: 0.8372 cumulative IPC: 0.5894 (Simulation time: 00 hr 04 min 20 sec)
Heartbeat CPU 0 instructions: 43000241 cycles: 58893725 heartbeat IPC: 0.8025 cumulative IPC: 0.5918 (Simulation time: 00 hr 04 min 23 sec)
Heartbeat CPU 0 instructions: 43500247 cycles: 59490128 heartbeat IPC: 0.8384 cumulative IPC: 0.5944 (Simulation time: 00 hr 04 min 25 sec)
Heartbeat CPU 0 instructions: 44000247 cycles: 60132937 heartbeat IPC: 0.7778 cumulative IPC: 0.5964 (Simulation time: 00 hr 04 min 29 sec)
Heartbeat CPU 0 instructions: 44500248 cycles: 60714555 heartbeat IPC: 0.8597 cumulative IPC: 0.5991 (Simulation time: 00 hr 04 min 31 sec)
Heartbeat CPU 0 instructions: 45000248 cycles: 61333063 heartbeat IPC: 0.8084 cumulative IPC: 0.6013 (Simulation time: 00 hr 04 min 34 sec)
Heartbeat CPU 0 instructions: 45500253 cycles: 61958462 heartbeat IPC: 0.7995 cumulative IPC: 0.6034 (Simulation time: 00 hr 04 min 37 sec)
Heartbeat CPU 0 instructions: 46000253 cycles: 62540373 heartbeat IPC: 0.8592 cumulative IPC: 0.6059 (Simulation time: 00 hr 04 min 39 sec)
Heartbeat CPU 0 instructions: 46500255 cycles: 63156988 heartbeat IPC: 0.8109 cumulative IPC: 0.608 (Simulation time: 00 hr 04 min 42 sec)
Heartbeat CPU 0 instructions: 47000257 cycles: 63792245 heartbeat IPC: 0.7871 cumulative IPC: 0.6099 (Simulation time: 00 hr 04 min 45 sec)
Heartbeat CPU 0 instructions: 47500257 cycles: 64395044 heartbeat IPC: 0.8295 cumulative IPC: 0.6121 (Simulation time: 00 hr 04 min 48 sec)
Heartbeat CPU 0 instructions: 48000258 cycles: 66330764 heartbeat IPC: 0.2583 cumulative IPC: 0.6012 (Simulation time: 00 hr 04 min 54 sec)
Heartbeat CPU 0 instructions: 48500258 cycles: 68089720 heartbeat IPC: 0.2843 cumulative IPC: 0.5927 (Simulation time: 00 hr 05 min 01 sec)
Heartbeat CPU 0 instructions: 49000259 cycles: 70250993 heartbeat IPC: 0.2313 cumulative IPC: 0.581 (Simulation time: 00 hr 05 min 08 sec)
Heartbeat CPU 0 instructions: 49500259 cycles: 71119393 heartbeat IPC: 0.5758 cumulative IPC: 0.581 (Simulation time: 00 hr 05 min 11 sec)
Heartbeat CPU 0 instructions: 50000259 cycles: 71618349 heartbeat IPC: 1.002 cumulative IPC: 0.584 (Simulation time: 00 hr 05 min 13 sec)
Heartbeat CPU 0 instructions: 50500263 cycles: 72080402 heartbeat IPC: 1.082 cumulative IPC: 0.5874 (Simulation time: 00 hr 05 min 15 sec)
Heartbeat CPU 0 instructions: 51000263 cycles: 72659108 heartbeat IPC: 0.864 cumulative IPC: 0.5897 (Simulation time: 00 hr 05 min 18 sec)
Heartbeat CPU 0 instructions: 51500264 cycles: 73006178 heartbeat IPC: 1.441 cumulative IPC: 0.5939 (Simulation time: 00 hr 05 min 19 sec)
Heartbeat CPU 0 instructions: 52000266 cycles: 73336765 heartbeat IPC: 1.512 cumulative IPC: 0.5982 (Simulation time: 00 hr 05 min 21 sec)
Heartbeat CPU 0 instructions: 52500267 cycles: 73648707 heartbeat IPC: 1.603 cumulative IPC: 0.6027 (Simulation time: 00 hr 05 min 23 sec)
Heartbeat CPU 0 instructions: 53000270 cycles: 74060717 heartbeat IPC: 1.214 cumulative IPC: 0.6062 (Simulation time: 00 hr 05 min 24 sec)
Heartbeat CPU 0 instructions: 53500275 cycles: 74440070 heartbeat IPC: 1.318 cumulative IPC: 0.61 (Simulation time: 00 hr 05 min 26 sec)
Heartbeat CPU 0 instructions: 54000276 cycles: 75960356 heartbeat IPC: 0.3289 cumulative IPC: 0.6041 (Simulation time: 00 hr 05 min 31 sec)
Heartbeat CPU 0 instructions: 54500276 cycles: 77620289 heartbeat IPC: 0.3012 cumulative IPC: 0.5974 (Simulation time: 00 hr 05 min 37 sec)
Heartbeat CPU 0 instructions: 55000276 cycles: 78555556 heartbeat IPC: 0.5346 cumulative IPC: 0.5966 (Simulation time: 00 hr 05 min 41 sec)
Heartbeat CPU 0 instructions: 55500278 cycles: 80344577 heartbeat IPC: 0.2795 cumulative IPC: 0.5893 (Simulation time: 00 hr 05 min 47 sec)
Heartbeat CPU 0 instructions: 56000283 cycles: 81245229 heartbeat IPC: 0.5552 cumulative IPC: 0.5889 (Simulation time: 00 hr 05 min 50 sec)
Heartbeat CPU 0 instructions: 56500284 cycles: 82927250 heartbeat IPC: 0.2973 cumulative IPC: 0.5827 (Simulation time: 00 hr 05 min 56 sec)
Heartbeat CPU 0 instructions: 57000286 cycles: 84769303 heartbeat IPC: 0.2714 cumulative IPC: 0.5757 (Simulation time: 00 hr 06 min 02 sec)
Heartbeat CPU 0 instructions: 57500293 cycles: 85775879 heartbeat IPC: 0.4967 cumulative IPC: 0.5747 (Simulation time: 00 hr 06 min 05 sec)
Heartbeat CPU 0 instructions: 58000295 cycles: 87079015 heartbeat IPC: 0.3837 cumulative IPC: 0.5718 (Simulation time: 00 hr 06 min 10 sec)
Heartbeat CPU 0 instructions: 58500295 cycles: 87897162 heartbeat IPC: 0.6111 cumulative IPC: 0.5721 (Simulation time: 00 hr 06 min 13 sec)
Heartbeat CPU 0 instructions: 59000297 cycles: 88369165 heartbeat IPC: 1.059 cumulative IPC: 0.5748 (Simulation time: 00 hr 06 min 14 sec)
Heartbeat CPU 0 instructions: 59500303 cycles: 88835273 heartbeat IPC: 1.073 cumulative IPC: 0.5775 (Simulation time: 00 hr 06 min 16 sec)
Simulation finished CPU 0 instructions: 50000005 cycles: 87062525 cumulative IPC: 0.5743 (Simulation time: 00 hr 06 min 21 sec)
Simulation complete CPU 0 instructions: 50000005 cycles: 87062525 cumulative IPC: 0.5743 (Simulation time: 00 hr 06 min 21 sec)

ChampSim completed all CPUs

=== Simulation ===
CPU 0 runs traces/charlie/charlie_0002.champsim.gz

Region of Interest Statistics

CPU 0 cumulative IPC: 0.5743 instructions: 50000005 cycles: 87062525
CPU 0 Branch Prediction Accuracy: 90.7% MPKI: 17.39 Average ROB Occupancy at Mispredict: 33.5
Branch type MPKI
BRANCH_DIRECT_JUMP: 0.5393
BRANCH_INDIRECT: 0.5511
BRANCH_CONDITIONAL: 14.67
BRANCH_DIRECT_CALL: 0.5491
BRANCH_INDIRECT_CALL: 0.6154
BRANCH_RETURN: 0.4658

cpu0->cpu0_STLB TOTAL        ACCESS:     239212 HIT:     175189 MISS:      64023 MSHR_MERGE:          0
cpu0->cpu0_STLB LOAD         ACCESS:     239212 HIT:     175189 MISS:      64023 MSHR_MERGE:          0
cpu0->cpu0_STLB RFO          ACCESS:          0 HIT:          0 MISS:          0 MSHR_MERGE:          0
cpu0->cpu0_STLB PREFETCH     ACCESS:          0 HIT:          0 MISS:          0 MSHR_MERGE:          0
cpu0->cpu0_STLB WRITE        ACCESS:          0 HIT:          0 MISS:          0 MSHR_MERGE:          0
cpu0->cpu0_STLB TRANSLATION  ACCESS:          0 HIT:          0 MISS:          0 MSHR_MERGE:          0
cpu0->cpu0_STLB PREFETCH REQUESTED:          0 ISSUED:          0 USEFUL:          0 USELESS:          0
cpu0->cpu0_STLB AVERAGE MISS LATENCY: 256.6 cycles
cpu0->cpu0_L2C TOTAL        ACCESS:    1306656 HIT:     769661 MISS:     536995 MSHR_MERGE:          0
cpu0->cpu0_L2C LOAD         ACCESS:     718853 HIT:     425871 MISS:     292982 MSHR_MERGE:          0
cpu0->cpu0_L2C RFO          ACCESS:     230405 HIT:      20090 MISS:     210315 MSHR_MERGE:          0
cpu0->cpu0_L2C PREFETCH     ACCESS:          0 HIT:          0 MISS:          0 MSHR_MERGE:          0
cpu0->cpu0_L2C WRITE        ACCESS:     285365 HIT:     285363 MISS:          2 MSHR_MERGE:          0
cpu0->cpu0_L2C TRANSLATION  ACCESS:      72033 HIT:      38337 MISS:      33696 MSHR_MERGE:          0
cpu0->cpu0_L2C PREFETCH REQUESTED:          0 ISSUED:          0 USEFUL:          0 USELESS:          0
cpu0->cpu0_L2C AVERAGE MISS LATENCY: 263.4 cycles
cpu0->cpu0_L1I TOTAL        ACCESS:    3082954 HIT:    2715619 MISS:     367335 MSHR_MERGE:      84635
cpu0->cpu0_L1I LOAD         ACCESS:    3082954 HIT:    2715619 MISS:     367335 MSHR_MERGE:      84635
cpu0->cpu0_L1I RFO          ACCESS:          0 HIT:          0 MISS:          0 MSHR_MERGE:          0
cpu0->cpu0_L1I PREFETCH     ACCESS:          0 HIT:          0 MISS:          0 MSHR_MERGE:          0
cpu0->cpu0_L1I WRITE        ACCESS:          0 HIT:          0 MISS:          0 MSHR_MERGE:          0
cpu0->cpu0_L1I TRANSLATION  ACCESS:          0 HIT:          0 MISS:          0 MSHR_MERGE:          0
cpu0->cpu0_L1I PREFETCH REQUESTED:          0 ISSUED:          0 USEFUL:          0 USELESS:          0
cpu0->cpu0_L1I AVERAGE MISS LATENCY: 97.42 cycles
cpu0->cpu0_L1D TOTAL        ACCESS:   14239688 HIT:   12674309 MISS:    1565379 MSHR_MERGE:     826783
cpu0->cpu0_L1D LOAD         ACCESS:    8620469 HIT:    7963000 MISS:     657469 MSHR_MERGE:     221316
cpu0->cpu0_L1D RFO          ACCESS:          0 HIT:          0 MISS:          0 MSHR_MERGE:          0
cpu0->cpu0_L1D PREFETCH     ACCESS:          0 HIT:          0 MISS:          0 MSHR_MERGE:          0
cpu0->cpu0_L1D WRITE        ACCESS:    5441328 HIT:    4606312 MISS:     835016 MSHR_MERGE:     604606
cpu0->cpu0_L1D TRANSLATION  ACCESS:     177891 HIT:     104997 MISS:      72894 MSHR_MERGE:        861
cpu0->cpu0_L1D PREFETCH REQUESTED:          0 ISSUED:          0 USEFUL:          0 USELESS:          0
cpu0->cpu0_L1D AVERAGE MISS LATENCY: 165.7 cycles
cpu0->cpu0_ITLB TOTAL        ACCESS:    2551928 HIT:    2517607 MISS:      34321 MSHR_MERGE:      13999
cpu0->cpu0_ITLB LOAD         ACCESS:    2551928 HIT:    2517607 MISS:      34321 MSHR_MERGE:      13999
cpu0->cpu0_ITLB RFO          ACCESS:          0 HIT:          0 MISS:          0 MSHR_MERGE:          0
cpu0->cpu0_ITLB PREFETCH     ACCESS:          0 HIT:          0 MISS:          0 MSHR_MERGE:          0
cpu0->cpu0_ITLB WRITE        ACCESS:          0 HIT:          0 MISS:          0 MSHR_MERGE:          0
cpu0->cpu0_ITLB TRANSLATION  ACCESS:          0 HIT:          0 MISS:          0 MSHR_MERGE:          0
cpu0->cpu0_ITLB PREFETCH REQUESTED:          0 ISSUED:          0 USEFUL:          0 USELESS:          0
cpu0->cpu0_ITLB AVERAGE MISS LATENCY: 69.88 cycles
cpu0->cpu0_DTLB TOTAL        ACCESS:   13451184 HIT:   13067755 MISS:     383429 MSHR_MERGE:     164539
cpu0->cpu0_DTLB LOAD         ACCESS:   13451184 HIT:   13067755 MISS:     383429 MSHR_MERGE:     164539
cpu0->cpu0_DTLB RFO          ACCESS:          0 HIT:          0 MISS:          0 MSHR_MERGE:          0
cpu0->cpu0_DTLB PREFETCH     ACCESS:          0 HIT:          0 MISS:          0 MSHR_MERGE:          0
cpu0->cpu0_DTLB WRITE        ACCESS:          0 HIT:          0 MISS:          0 MSHR_MERGE:          0
cpu0->cpu0_DTLB TRANSLATION  ACCESS:          0 HIT:          0 MISS:          0 MSHR_MERGE:          0
cpu0->cpu0_DTLB PREFETCH REQUESTED:          0 ISSUED:          0 USEFUL:          0 USELESS:          0
cpu0->cpu0_DTLB AVERAGE MISS LATENCY: 74.33 cycles
cpu0->LLC TOTAL        ACCESS:     771665 HIT:      43285 MISS:     728380 MSHR_MERGE:          0
cpu0->LLC LOAD         ACCESS:     292982 HIT:       5373 MISS:     287609 MSHR_MERGE:          0
cpu0->LLC RFO          ACCESS:     210315 HIT:       1116 MISS:     209199 MSHR_MERGE:          0
cpu0->LLC PREFETCH     ACCESS:          0 HIT:          0 MISS:          0 MSHR_MERGE:          0
cpu0->LLC WRITE        ACCESS:     234672 HIT:      35281 MISS:     199391 MSHR_MERGE:          0
cpu0->LLC TRANSLATION  ACCESS:      33696 HIT:       1515 MISS:      32181 MSHR_MERGE:          0
cpu0->LLC PREFETCH REQUESTED:          0 ISSUED:          0 USEFUL:          0 USELESS:          0
cpu0->LLC AVERAGE MISS LATENCY: 181.9 cycles

DRAM Statistics

Channel 0 RQ ROW_BUFFER_HIT:      17927
  ROW_BUFFER_MISS:     511059
  AVG DBUS CONGESTED CYCLE: 26.27
Channel 0 WQ ROW_BUFFER_HIT:      56758
  ROW_BUFFER_MISS:     194940
  FULL:        555
Channel 0 REFRESHES ISSUED:       7255


--- STDERR ---



=== TRACE: traces/GAP/bfs-14.trace.gz ===
COMMAND: ./bin/1C.fullBW.nopref --warmup-instructions=10000000 --simulation-instructions=50000000 traces/GAP/bfs-14.trace.gz
RETURNCODE: 0

--- STDOUT ---
[VMEM] WARNING: physical memory size is smaller than virtual memory size.

*** ChampSim Multicore Out-of-Order Simulator ***
Warmup Instructions: 10000000
Simulation Instructions: 50000000
Number of CPUs: 1
Page size: 4096
Core 0: traces/GAP/bfs-14.trace.gz
Off-chip DRAM Size: 64 GiB Channels: 1 Width: 64-bit Data Rate: 4807 MT/s
Heartbeat CPU 0 instructions: 500006 cycles: 116732 heartbeat IPC: 4.283 cumulative IPC: 4.283 (Simulation time: 00 hr 00 min 02 sec)
Heartbeat CPU 0 instructions: 1000009 cycles: 228974 heartbeat IPC: 4.455 cumulative IPC: 4.367 (Simulation time: 00 hr 00 min 03 sec)
Heartbeat CPU 0 instructions: 1500014 cycles: 341184 heartbeat IPC: 4.456 cumulative IPC: 4.396 (Simulation time: 00 hr 00 min 04 sec)
Heartbeat CPU 0 instructions: 2000018 cycles: 453216 heartbeat IPC: 4.463 cumulative IPC: 4.413 (Simulation time: 00 hr 00 min 06 sec)
Heartbeat CPU 0 instructions: 2500022 cycles: 565712 heartbeat IPC: 4.445 cumulative IPC: 4.419 (Simulation time: 00 hr 00 min 07 sec)
Heartbeat CPU 0 instructions: 3000028 cycles: 678077 heartbeat IPC: 4.45 cumulative IPC: 4.424 (Simulation time: 00 hr 00 min 08 sec)
Heartbeat CPU 0 instructions: 3500032 cycles: 789993 heartbeat IPC: 4.468 cumulative IPC: 4.43 (Simulation time: 00 hr 00 min 10 sec)
Heartbeat CPU 0 instructions: 4000039 cycles: 902811 heartbeat IPC: 4.432 cumulative IPC: 4.431 (Simulation time: 00 hr 00 min 11 sec)
Heartbeat CPU 0 instructions: 4500045 cycles: 1015124 heartbeat IPC: 4.452 cumulative IPC: 4.433 (Simulation time: 00 hr 00 min 12 sec)
Heartbeat CPU 0 instructions: 5000047 cycles: 1127209 heartbeat IPC: 4.461 cumulative IPC: 4.436 (Simulation time: 00 hr 00 min 14 sec)
Heartbeat CPU 0 instructions: 5500054 cycles: 1239547 heartbeat IPC: 4.451 cumulative IPC: 4.437 (Simulation time: 00 hr 00 min 15 sec)
Heartbeat CPU 0 instructions: 6000055 cycles: 1352011 heartbeat IPC: 4.446 cumulative IPC: 4.438 (Simulation time: 00 hr 00 min 16 sec)
Heartbeat CPU 0 instructions: 6500060 cycles: 1463977 heartbeat IPC: 4.466 cumulative IPC: 4.44 (Simulation time: 00 hr 00 min 17 sec)
Heartbeat CPU 0 instructions: 7000065 cycles: 1576136 heartbeat IPC: 4.458 cumulative IPC: 4.441 (Simulation time: 00 hr 00 min 19 sec)
Heartbeat CPU 0 instructions: 7500067 cycles: 1688467 heartbeat IPC: 4.451 cumulative IPC: 4.442 (Simulation time: 00 hr 00 min 20 sec)
Heartbeat CPU 0 instructions: 8000073 cycles: 1800537 heartbeat IPC: 4.462 cumulative IPC: 4.443 (Simulation time: 00 hr 00 min 22 sec)
Heartbeat CPU 0 instructions: 8500073 cycles: 1913139 heartbeat IPC: 4.44 cumulative IPC: 4.443 (Simulation time: 00 hr 00 min 23 sec)
Heartbeat CPU 0 instructions: 9000073 cycles: 2025451 heartbeat IPC: 4.452 cumulative IPC: 4.443 (Simulation time: 00 hr 00 min 24 sec)
Heartbeat CPU 0 instructions: 9500080 cycles: 2137870 heartbeat IPC: 4.448 cumulative IPC: 4.444 (Simulation time: 00 hr 00 min 25 sec)
Warmup finished CPU 0 instructions: 10000005 cycles: 2249995 cumulative IPC: 4.444 (Simulation time: 00 hr 00 min 27 sec)
Warmup complete CPU 0 instructions: 10000005 cycles: 2249995 cumulative IPC: 4.444 (Simulation time: 00 hr 00 min 27 sec)
Heartbeat CPU 0 instructions: 10000085 cycles: 2250005 heartbeat IPC: 4.459 cumulative IPC: 8 (Simulation time: 00 hr 00 min 27 sec)
Heartbeat CPU 0 instructions: 10500085 cycles: 3882731 heartbeat IPC: 0.3062 cumulative IPC: 0.3063 (Simulation time: 00 hr 00 min 34 sec)
Heartbeat CPU 0 instructions: 11000085 cycles: 4900519 heartbeat IPC: 0.4913 cumulative IPC: 0.3773 (Simulation time: 00 hr 00 min 39 sec)
Heartbeat CPU 0 instructions: 11500085 cycles: 7380033 heartbeat IPC: 0.2017 cumulative IPC: 0.2924 (Simulation time: 00 hr 00 min 47 sec)
Heartbeat CPU 0 instructions: 12000085 cycles: 9867369 heartbeat IPC: 0.201 cumulative IPC: 0.2626 (Simulation time: 00 hr 00 min 56 sec)
Heartbeat CPU 0 instructions: 12500087 cycles: 12355366 heartbeat IPC: 0.201 cumulative IPC: 0.2474 (Simulation time: 00 hr 01 min 04 sec)
Heartbeat CPU 0 instructions: 13000087 cycles: 14820847 heartbeat IPC: 0.2028 cumulative IPC: 0.2387 (Simulation time: 00 hr 01 min 13 sec)
Heartbeat CPU 0 instructions: 13500090 cycles: 17286483 heartbeat IPC: 0.2028 cumulative IPC: 0.2328 (Simulation time: 00 hr 01 min 22 sec)
Heartbeat CPU 0 instructions: 14000091 cycles: 19709857 heartbeat IPC: 0.2063 cumulative IPC: 0.2291 (Simulation time: 00 hr 01 min 31 sec)
Heartbeat CPU 0 instructions: 14500092 cycles: 22155364 heartbeat IPC: 0.2045 cumulative IPC: 0.2261 (Simulation time: 00 hr 01 min 39 sec)
Heartbeat CPU 0 instructions: 15000093 cycles: 24595014 heartbeat IPC: 0.2049 cumulative IPC: 0.2238 (Simulation time: 00 hr 01 min 48 sec)
Heartbeat CPU 0 instructions: 15500099 cycles: 27026946 heartbeat IPC: 0.2056 cumulative IPC: 0.222 (Simulation time: 00 hr 01 min 56 sec)
Heartbeat CPU 0 instructions: 16000099 cycles: 29470855 heartbeat IPC: 0.2046 cumulative IPC: 0.2204 (Simulation time: 00 hr 02 min 05 sec)
Heartbeat CPU 0 instructions: 16500099 cycles: 31917894 heartbeat IPC: 0.2043 cumulative IPC: 0.2191 (Simulation time: 00 hr 02 min 13 sec)
Heartbeat CPU 0 instructions: 17000099 cycles: 34380727 heartbeat IPC: 0.203 cumulative IPC: 0.2179 (Simulation time: 00 hr 02 min 22 sec)
Heartbeat CPU 0 instructions: 17500099 cycles: 36796358 heartbeat IPC: 0.207 cumulative IPC: 0.2171 (Simulation time: 00 hr 02 min 30 sec)
Heartbeat CPU 0 instructions: 18000099 cycles: 39225877 heartbeat IPC: 0.2058 cumulative IPC: 0.2164 (Simulation time: 00 hr 02 min 38 sec)
Heartbeat CPU 0 instructions: 18500099 cycles: 41669552 heartbeat IPC: 0.2046 cumulative IPC: 0.2156 (Simulation time: 00 hr 02 min 46 sec)
Heartbeat CPU 0 instructions: 19000100 cycles: 44132680 heartbeat IPC: 0.203 cumulative IPC: 0.2149 (Simulation time: 00 hr 02 min 54 sec)
Heartbeat CPU 0 instructions: 19500100 cycles: 46585773 heartbeat IPC: 0.2038 cumulative IPC: 0.2143 (Simulation time: 00 hr 03 min 02 sec)
Heartbeat CPU 0 instructions: 20000102 cycles: 49045313 heartbeat IPC: 0.2033 cumulative IPC: 0.2137 (Simulation time: 00 hr 03 min 10 sec)
Heartbeat CPU 0 instructions: 20500102 cycles: 51518665 heartbeat IPC: 0.2022 cumulative IPC: 0.2131 (Simulation time: 00 hr 03 min 19 sec)
Heartbeat CPU 0 instructions: 21000102 cycles: 53997339 heartbeat IPC: 0.2017 cumulative IPC: 0.2126 (Simulation time: 00 hr 03 min 27 sec)
Heartbeat CPU 0 instructions: 21500102 cycles: 56466194 heartbeat IPC: 0.2025 cumulative IPC: 0.2121 (Simulation time: 00 hr 03 min 35 sec)
Heartbeat CPU 0 instructions: 22000107 cycles: 58945237 heartbeat IPC: 0.2017 cumulative IPC: 0.2117 (Simulation time: 00 hr 03 min 43 sec)
Heartbeat CPU 0 instructions: 22500108 cycles: 61434061 heartbeat IPC: 0.2009 cumulative IPC: 0.2112 (Simulation time: 00 hr 03 min 52 sec)
Heartbeat CPU 0 instructions: 23000114 cycles: 63902715 heartbeat IPC: 0.2025 cumulative IPC: 0.2109 (Simulation time: 00 hr 04 min 00 sec)
Heartbeat CPU 0 instructions: 23500118 cycles: 66387978 heartbeat IPC: 0.2012 cumulative IPC: 0.2105 (Simulation time: 00 hr 04 min 08 sec)
Heartbeat CPU 0 instructions: 24000121 cycles: 68846258 heartbeat IPC: 0.2034 cumulative IPC: 0.2102 (Simulation time: 00 hr 04 min 16 sec)
Heartbeat CPU 0 instructions: 24500123 cycles: 71341880 heartbeat IPC: 0.2004 cumulative IPC: 0.2099 (Simulation time: 00 hr 04 min 24 sec)
Heartbeat CPU 0 instructions: 25000123 cycles: 73807400 heartbeat IPC: 0.2028 cumulative IPC: 0.2096 (Simulation time: 00 hr 04 min 32 sec)
Heartbeat CPU 0 instructions: 25500128 cycles: 76296092 heartbeat IPC: 0.2009 cumulative IPC: 0.2093 (Simulation time: 00 hr 04 min 41 sec)
Heartbeat CPU 0 instructions: 26000128 cycles: 78765519 heartbeat IPC: 0.2025 cumulative IPC: 0.2091 (Simulation time: 00 hr 04 min 49 sec)
Heartbeat CPU 0 instructions: 26500129 cycles: 81260733 heartbeat IPC: 0.2004 cumulative IPC: 0.2088 (Simulation time: 00 hr 04 min 57 sec)
Heartbeat CPU 0 instructions: 27000129 cycles: 83746318 heartbeat IPC: 0.2012 cumulative IPC: 0.2086 (Simulation time: 00 hr 05 min 05 sec)
Heartbeat CPU 0 instructions: 27500130 cycles: 86227538 heartbeat IPC: 0.2015 cumulative IPC: 0.2084 (Simulation time: 00 hr 05 min 14 sec)
Heartbeat CPU 0 instructions: 28000130 cycles: 88696951 heartbeat IPC: 0.2025 cumulative IPC: 0.2082 (Simulation time: 00 hr 05 min 22 sec)
Heartbeat CPU 0 instructions: 28500132 cycles: 91180877 heartbeat IPC: 0.2013 cumulative IPC: 0.208 (Simulation time: 00 hr 05 min 30 sec)
Heartbeat CPU 0 instructions: 29000135 cycles: 93663031 heartbeat IPC: 0.2014 cumulative IPC: 0.2078 (Simulation time: 00 hr 05 min 38 sec)
Heartbeat CPU 0 instructions: 29500135 cycles: 96167492 heartbeat IPC: 0.1996 cumulative IPC: 0.2076 (Simulation time: 00 hr 05 min 47 sec)
Heartbeat CPU 0 instructions: 30000135 cycles: 98644230 heartbeat IPC: 0.2019 cumulative IPC: 0.2075 (Simulation time: 00 hr 05 min 55 sec)
Heartbeat CPU 0 instructions: 30500139 cycles: 101128544 heartbeat IPC: 0.2013 cumulative IPC: 0.2073 (Simulation time: 00 hr 06 min 03 sec)
Heartbeat CPU 0 instructions: 31000139 cycles: 103618511 heartbeat IPC: 0.2008 cumulative IPC: 0.2072 (Simulation time: 00 hr 06 min 11 sec)
Heartbeat CPU 0 instructions: 31500139 cycles: 106091131 heartbeat IPC: 0.2022 cumulative IPC: 0.207 (Simulation time: 00 hr 06 min 19 sec)
Heartbeat CPU 0 instructions: 32000144 cycles: 108561559 heartbeat IPC: 0.2024 cumulative IPC: 0.2069 (Simulation time: 00 hr 06 min 27 sec)
Heartbeat CPU 0 instructions: 32500149 cycles: 111057748 heartbeat IPC: 0.2003 cumulative IPC: 0.2068 (Simulation time: 00 hr 06 min 35 sec)
Heartbeat CPU 0 instructions: 33000150 cycles: 113542409 heartbeat IPC: 0.2012 cumulative IPC: 0.2067 (Simulation time: 00 hr 06 min 43 sec)
Heartbeat CPU 0 instructions: 33500150 cycles: 116038941 heartbeat IPC: 0.2003 cumulative IPC: 0.2065 (Simulation time: 00 hr 06 min 51 sec)
Heartbeat CPU 0 instructions: 34000151 cycles: 118554762 heartbeat IPC: 0.1987 cumulative IPC: 0.2064 (Simulation time: 00 hr 06 min 59 sec)
Heartbeat CPU 0 instructions: 34500155 cycles: 121065400 heartbeat IPC: 0.1992 cumulative IPC: 0.2062 (Simulation time: 00 hr 07 min 06 sec)
Heartbeat CPU 0 instructions: 35000156 cycles: 123547890 heartbeat IPC: 0.2014 cumulative IPC: 0.2061 (Simulation time: 00 hr 07 min 14 sec)
Heartbeat CPU 0 instructions: 35500156 cycles: 126049959 heartbeat IPC: 0.1998 cumulative IPC: 0.206 (Simulation time: 00 hr 07 min 22 sec)
Heartbeat CPU 0 instructions: 36000156 cycles: 128534480 heartbeat IPC: 0.2012 cumulative IPC: 0.2059 (Simulation time: 00 hr 07 min 30 sec)
Heartbeat CPU 0 instructions: 36500157 cycles: 131033494 heartbeat IPC: 0.2001 cumulative IPC: 0.2058 (Simulation time: 00 hr 07 min 37 sec)
Heartbeat CPU 0 instructions: 37000160 cycles: 133537770 heartbeat IPC: 0.1997 cumulative IPC: 0.2057 (Simulation time: 00 hr 07 min 45 sec)
Heartbeat CPU 0 instructions: 37500160 cycles: 136024593 heartbeat IPC: 0.2011 cumulative IPC: 0.2056 (Simulation time: 00 hr 07 min 53 sec)
Heartbeat CPU 0 instructions: 38000167 cycles: 138529587 heartbeat IPC: 0.1996 cumulative IPC: 0.2055 (Simulation time: 00 hr 08 min 01 sec)
Heartbeat CPU 0 instructions: 38500171 cycles: 141728078 heartbeat IPC: 0.1563 cumulative IPC: 0.2043 (Simulation time: 00 hr 08 min 10 sec)
Heartbeat CPU 0 instructions: 39000171 cycles: 144880215 heartbeat IPC: 0.1586 cumulative IPC: 0.2033 (Simulation time: 00 hr 08 min 20 sec)
Heartbeat CPU 0 instructions: 39500174 cycles: 147980016 heartbeat IPC: 0.1613 cumulative IPC: 0.2024 (Simulation time: 00 hr 08 min 30 sec)
Heartbeat CPU 0 instructions: 40000181 cycles: 151082752 heartbeat IPC: 0.1612 cumulative IPC: 0.2016 (Simulation time: 00 hr 08 min 39 sec)
Heartbeat CPU 0 instructions: 40500183 cycles: 154211077 heartbeat IPC: 0.1598 cumulative IPC: 0.2007 (Simulation time: 00 hr 08 min 49 sec)
Heartbeat CPU 0 instructions: 41000186 cycles: 157291152 heartbeat IPC: 0.1623 cumulative IPC: 0.1999 (Simulation time: 00 hr 08 min 58 sec)
Heartbeat CPU 0 instructions: 41500187 cycles: 160399632 heartbeat IPC: 0.1609 cumulative IPC: 0.1992 (Simulation time: 00 hr 09 min 07 sec)
Heartbeat CPU 0 instructions: 42000189 cycles: 163513387 heartbeat IPC: 0.1606 cumulative IPC: 0.1984 (Simulation time: 00 hr 09 min 15 sec)
Heartbeat CPU 0 instructions: 42500189 cycles: 166645111 heartbeat IPC: 0.1597 cumulative IPC: 0.1977 (Simulation time: 00 hr 09 min 23 sec)
Heartbeat CPU 0 instructions: 43000189 cycles: 169791517 heartbeat IPC: 0.1589 cumulative IPC: 0.197 (Simulation time: 00 hr 09 min 31 sec)
Heartbeat CPU 0 instructions: 43500189 cycles: 172918189 heartbeat IPC: 0.1599 cumulative IPC: 0.1963 (Simulation time: 00 hr 09 min 39 sec)
Heartbeat CPU 0 instructions: 44000194 cycles: 176054922 heartbeat IPC: 0.1594 cumulative IPC: 0.1956 (Simulation time: 00 hr 09 min 47 sec)
Heartbeat CPU 0 instructions: 44500201 cycles: 179166043 heartbeat IPC: 0.1607 cumulative IPC: 0.195 (Simulation time: 00 hr 09 min 55 sec)
Heartbeat CPU 0 instructions: 45000203 cycles: 182314747 heartbeat IPC: 0.1588 cumulative IPC: 0.1944 (Simulation time: 00 hr 10 min 03 sec)
Heartbeat CPU 0 instructions: 45500203 cycles: 185431897 heartbeat IPC: 0.1604 cumulative IPC: 0.1938 (Simulation time: 00 hr 10 min 11 sec)
Heartbeat CPU 0 instructions: 46000203 cycles: 188570025 heartbeat IPC: 0.1593 cumulative IPC: 0.1932 (Simulation time: 00 hr 10 min 19 sec)
Heartbeat CPU 0 instructions: 46500207 cycles: 191710030 heartbeat IPC: 0.1592 cumulative IPC: 0.1927 (Simulation time: 00 hr 10 min 27 sec)
Heartbeat CPU 0 instructions: 47000212 cycles: 194805498 heartbeat IPC: 0.1615 cumulative IPC: 0.1922 (Simulation time: 00 hr 10 min 35 sec)
Heartbeat CPU 0 instructions: 47500212 cycles: 197931101 heartbeat IPC: 0.16 cumulative IPC: 0.1916 (Simulation time: 00 hr 10 min 43 sec)
Heartbeat CPU 0 instructions: 48000212 cycles: 201056647 heartbeat IPC: 0.16 cumulative IPC: 0.1911 (Simulation time: 00 hr 10 min 51 sec)
Heartbeat CPU 0 instructions: 48500216 cycles: 204192684 heartbeat IPC: 0.1594 cumulative IPC: 0.1906 (Simulation time: 00 hr 10 min 59 sec)
Heartbeat CPU 0 instructions: 49000216 cycles: 207320177 heartbeat IPC: 0.1599 cumulative IPC: 0.1902 (Simulation time: 00 hr 11 min 07 sec)
Heartbeat CPU 0 instructions: 49500216 cycles: 210406001 heartbeat IPC: 0.162 cumulative IPC: 0.1898 (Simulation time: 00 hr 11 min 15 sec)
Heartbeat CPU 0 instructions: 50000217 cycles: 213260442 heartbeat IPC: 0.1752 cumulative IPC: 0.1896 (Simulation time: 00 hr 11 min 22 sec)
Heartbeat CPU 0 instructions: 50500217 cycles: 215927728 heartbeat IPC: 0.1875 cumulative IPC: 0.1895 (Simulation time: 00 hr 11 min 29 sec)
Heartbeat CPU 0 instructions: 51000217 cycles: 218536138 heartbeat IPC: 0.1917 cumulative IPC: 0.1896 (Simulation time: 00 hr 11 min 36 sec)
Heartbeat CPU 0 instructions: 51500218 cycles: 221180004 heartbeat IPC: 0.1891 cumulative IPC: 0.1896 (Simulation time: 00 hr 11 min 42 sec)
Heartbeat CPU 0 instructions: 52000220 cycles: 223762680 heartbeat IPC: 0.1936 cumulative IPC: 0.1896 (Simulation time: 00 hr 11 min 49 sec)
Heartbeat CPU 0 instructions: 52500220 cycles: 226270160 heartbeat IPC: 0.1994 cumulative IPC: 0.1897 (Simulation time: 00 hr 11 min 55 sec)
Heartbeat CPU 0 instructions: 53000221 cycles: 228836023 heartbeat IPC: 0.1949 cumulative IPC: 0.1898 (Simulation time: 00 hr 12 min 02 sec)
Heartbeat CPU 0 instructions: 53500221 cycles: 231313053 heartbeat IPC: 0.2019 cumulative IPC: 0.1899 (Simulation time: 00 hr 12 min 08 sec)
Heartbeat CPU 0 instructions: 54000223 cycles: 233793868 heartbeat IPC: 0.2015 cumulative IPC: 0.19 (Simulation time: 00 hr 12 min 14 sec)
Heartbeat CPU 0 instructions: 54500223 cycles: 236186686 heartbeat IPC: 0.209 cumulative IPC: 0.1902 (Simulation time: 00 hr 12 min 20 sec)
Heartbeat CPU 0 instructions: 55000223 cycles: 238494347 heartbeat IPC: 0.2167 cumulative IPC: 0.1905 (Simulation time: 00 hr 12 min 26 sec)
Heartbeat CPU 0 instructions: 55500223 cycles: 240816365 heartbeat IPC: 0.2153 cumulative IPC: 0.1907 (Simulation time: 00 hr 12 min 32 sec)
Heartbeat CPU 0 instructions: 56000223 cycles: 243089955 heartbeat IPC: 0.2199 cumulative IPC: 0.191 (Simulation time: 00 hr 12 min 38 sec)
Heartbeat CPU 0 instructions: 56500223 cycles: 245346422 heartbeat IPC: 0.2216 cumulative IPC: 0.1913 (Simulation time: 00 hr 12 min 44 sec)
Heartbeat CPU 0 instructions: 57000223 cycles: 247573696 heartbeat IPC: 0.2245 cumulative IPC: 0.1916 (Simulation time: 00 hr 12 min 50 sec)
Heartbeat CPU 0 instructions: 57500224 cycles: 249779003 heartbeat IPC: 0.2267 cumulative IPC: 0.1919 (Simulation time: 00 hr 12 min 56 sec)
Heartbeat CPU 0 instructions: 58000226 cycles: 251989972 heartbeat IPC: 0.2261 cumulative IPC: 0.1922 (Simulation time: 00 hr 13 min 01 sec)
Heartbeat CPU 0 instructions: 58500229 cycles: 254202802 heartbeat IPC: 0.226 cumulative IPC: 0.1925 (Simulation time: 00 hr 13 min 07 sec)
Heartbeat CPU 0 instructions: 59000229 cycles: 256408430 heartbeat IPC: 0.2267 cumulative IPC: 0.1928 (Simulation time: 00 hr 13 min 13 sec)
Heartbeat CPU 0 instructions: 59500229 cycles: 257162397 heartbeat IPC: 0.6632 cumulative IPC: 0.1942 (Simulation time: 00 hr 13 min 15 sec)
Simulation finished CPU 0 instructions: 50000006 cycles: 255014519 cumulative IPC: 0.1961 (Simulation time: 00 hr 13 min 16 sec)
Simulation complete CPU 0 instructions: 50000006 cycles: 255014519 cumulative IPC: 0.1961 (Simulation time: 00 hr 13 min 16 sec)

ChampSim completed all CPUs

=== Simulation ===
CPU 0 runs traces/GAP/bfs-14.trace.gz

Region of Interest Statistics

CPU 0 cumulative IPC: 0.1961 instructions: 50000006 cycles: 255014519
CPU 0 Branch Prediction Accuracy: 78.82% MPKI: 43.94 Average ROB Occupancy at Mispredict: 3.518
Branch type MPKI
BRANCH_DIRECT_JUMP: 0.00018
BRANCH_INDIRECT: 0
BRANCH_CONDITIONAL: 43.94
BRANCH_DIRECT_CALL: 0.0004
BRANCH_INDIRECT_CALL: 0
BRANCH_RETURN: 0.00044

cpu0->cpu0_STLB TOTAL        ACCESS:      67060 HIT:      10769 MISS:      56291 MSHR_MERGE:          0
cpu0->cpu0_STLB LOAD         ACCESS:      67060 HIT:      10769 MISS:      56291 MSHR_MERGE:          0
cpu0->cpu0_STLB RFO          ACCESS:          0 HIT:          0 MISS:          0 MSHR_MERGE:          0
cpu0->cpu0_STLB PREFETCH     ACCESS:          0 HIT:          0 MISS:          0 MSHR_MERGE:          0
cpu0->cpu0_STLB WRITE        ACCESS:          0 HIT:          0 MISS:          0 MSHR_MERGE:          0
cpu0->cpu0_STLB TRANSLATION  ACCESS:          0 HIT:          0 MISS:          0 MSHR_MERGE:          0
cpu0->cpu0_STLB PREFETCH REQUESTED:          0 ISSUED:          0 USEFUL:          0 USELESS:          0
cpu0->cpu0_STLB AVERAGE MISS LATENCY: 136 cycles
cpu0->cpu0_L2C TOTAL        ACCESS:    1884075 HIT:     854869 MISS:    1029206 MSHR_MERGE:          0
cpu0->cpu0_L2C LOAD         ACCESS:    1698416 HIT:     687238 MISS:    1011178 MSHR_MERGE:          0
cpu0->cpu0_L2C RFO          ACCESS:      14047 HIT:       5664 MISS:       8383 MSHR_MERGE:          0
cpu0->cpu0_L2C PREFETCH     ACCESS:          0 HIT:          0 MISS:          0 MSHR_MERGE:          0
cpu0->cpu0_L2C WRITE        ACCESS:     160143 HIT:     160141 MISS:          2 MSHR_MERGE:          0
cpu0->cpu0_L2C TRANSLATION  ACCESS:      11469 HIT:       1826 MISS:       9643 MSHR_MERGE:          0
cpu0->cpu0_L2C PREFETCH REQUESTED:          0 ISSUED:          0 USEFUL:          0 USELESS:          0
cpu0->cpu0_L2C AVERAGE MISS LATENCY: 205 cycles
cpu0->cpu0_L1I TOTAL        ACCESS:     241865 HIT:     241819 MISS:         46 MSHR_MERGE:          4
cpu0->cpu0_L1I LOAD         ACCESS:     241865 HIT:     241819 MISS:         46 MSHR_MERGE:          4
cpu0->cpu0_L1I RFO          ACCESS:          0 HIT:          0 MISS:          0 MSHR_MERGE:          0
cpu0->cpu0_L1I PREFETCH     ACCESS:          0 HIT:          0 MISS:          0 MSHR_MERGE:          0
cpu0->cpu0_L1I WRITE        ACCESS:          0 HIT:          0 MISS:          0 MSHR_MERGE:          0
cpu0->cpu0_L1I TRANSLATION  ACCESS:          0 HIT:          0 MISS:          0 MSHR_MERGE:          0
cpu0->cpu0_L1I PREFETCH REQUESTED:          0 ISSUED:          0 USEFUL:          0 USELESS:          0
cpu0->cpu0_L1I AVERAGE MISS LATENCY: 223 cycles
cpu0->cpu0_L1D TOTAL        ACCESS:   13246701 HIT:   11118225 MISS:    2128476 MSHR_MERGE:     404586
cpu0->cpu0_L1D LOAD         ACCESS:   11738711 HIT:    9678368 MISS:    2060343 MSHR_MERGE:     361969
cpu0->cpu0_L1D RFO          ACCESS:          0 HIT:          0 MISS:          0 MSHR_MERGE:          0
cpu0->cpu0_L1D PREFETCH     ACCESS:          0 HIT:          0 MISS:          0 MSHR_MERGE:          0
cpu0->cpu0_L1D WRITE        ACCESS:    1395375 HIT:    1338850 MISS:      56525 MSHR_MERGE:      42478
cpu0->cpu0_L1D TRANSLATION  ACCESS:     112615 HIT:     101007 MISS:      11608 MSHR_MERGE:        139
cpu0->cpu0_L1D PREFETCH REQUESTED:          0 ISSUED:          0 USEFUL:          0 USELESS:          0
cpu0->cpu0_L1D AVERAGE MISS LATENCY: 131 cycles
cpu0->cpu0_ITLB TOTAL        ACCESS:     236315 HIT:     236313 MISS:          2 MSHR_MERGE:          1
cpu0->cpu0_ITLB LOAD         ACCESS:     236315 HIT:     236313 MISS:          2 MSHR_MERGE:          1
cpu0->cpu0_ITLB RFO          ACCESS:          0 HIT:          0 MISS:          0 MSHR_MERGE:          0
cpu0->cpu0_ITLB PREFETCH     ACCESS:          0 HIT:          0 MISS:          0 MSHR_MERGE:          0
cpu0->cpu0_ITLB WRITE        ACCESS:          0 HIT:          0 MISS:          0 MSHR_MERGE:          0
cpu0->cpu0_ITLB TRANSLATION  ACCESS:          0 HIT:          0 MISS:          0 MSHR_MERGE:          0
cpu0->cpu0_ITLB PREFETCH REQUESTED:          0 ISSUED:          0 USEFUL:          0 USELESS:          0
cpu0->cpu0_ITLB AVERAGE MISS LATENCY: 579 cycles
cpu0->cpu0_DTLB TOTAL        ACCESS:   13120756 HIT:   13032715 MISS:      88041 MSHR_MERGE:      20982
cpu0->cpu0_DTLB LOAD         ACCESS:   13120756 HIT:   13032715 MISS:      88041 MSHR_MERGE:      20982
cpu0->cpu0_DTLB RFO          ACCESS:          0 HIT:          0 MISS:          0 MSHR_MERGE:          0
cpu0->cpu0_DTLB PREFETCH     ACCESS:          0 HIT:          0 MISS:          0 MSHR_MERGE:          0
cpu0->cpu0_DTLB WRITE        ACCESS:          0 HIT:          0 MISS:          0 MSHR_MERGE:          0
cpu0->cpu0_DTLB TRANSLATION  ACCESS:          0 HIT:          0 MISS:          0 MSHR_MERGE:          0
cpu0->cpu0_DTLB PREFETCH REQUESTED:          0 ISSUED:          0 USEFUL:          0 USELESS:          0
cpu0->cpu0_DTLB AVERAGE MISS LATENCY: 120 cycles
cpu0->LLC TOTAL        ACCESS:    1186725 HIT:     109495 MISS:    1077230 MSHR_MERGE:          0
cpu0->LLC LOAD         ACCESS:    1011178 HIT:      62502 MISS:     948676 MSHR_MERGE:          0
cpu0->LLC RFO          ACCESS:       8383 HIT:        189 MISS:       8194 MSHR_MERGE:          0
cpu0->LLC PREFETCH     ACCESS:          0 HIT:          0 MISS:          0 MSHR_MERGE:          0
cpu0->LLC WRITE        ACCESS:     157521 HIT:      46745 MISS:     110776 MSHR_MERGE:          0
cpu0->LLC TRANSLATION  ACCESS:       9643 HIT:         59 MISS:       9584 MSHR_MERGE:          0
cpu0->LLC PREFETCH REQUESTED:          0 ISSUED:          0 USEFUL:          0 USELESS:          0
cpu0->LLC AVERAGE MISS LATENCY: 175.7 cycles

DRAM Statistics

Channel 0 RQ ROW_BUFFER_HIT:      26138
  ROW_BUFFER_MISS:     940307
  AVG DBUS CONGESTED CYCLE: 31.3
Channel 0 WQ ROW_BUFFER_HIT:      26793
  ROW_BUFFER_MISS:     108495
  FULL:        141
Channel 0 REFRESHES ISSUED:      21250


--- STDERR ---



=== TRACE: traces/GAP/bc-12.trace.gz ===
COMMAND: ./bin/1C.fullBW.nopref --warmup-instructions=10000000 --simulation-instructions=50000000 traces/GAP/bc-12.trace.gz
RETURNCODE: 0

--- STDOUT ---
[VMEM] WARNING: physical memory size is smaller than virtual memory size.

*** ChampSim Multicore Out-of-Order Simulator ***
Warmup Instructions: 10000000
Simulation Instructions: 50000000
Number of CPUs: 1
Page size: 4096
Core 0: traces/GAP/bc-12.trace.gz
Off-chip DRAM Size: 64 GiB Channels: 1 Width: 64-bit Data Rate: 4807 MT/s
Heartbeat CPU 0 instructions: 500001 cycles: 508427 heartbeat IPC: 0.9834 cumulative IPC: 0.9834 (Simulation time: 00 hr 00 min 03 sec)
Heartbeat CPU 0 instructions: 1000001 cycles: 1014634 heartbeat IPC: 0.9877 cumulative IPC: 0.9856 (Simulation time: 00 hr 00 min 06 sec)
Heartbeat CPU 0 instructions: 1500001 cycles: 1520612 heartbeat IPC: 0.9882 cumulative IPC: 0.9864 (Simulation time: 00 hr 00 min 09 sec)
Heartbeat CPU 0 instructions: 2000002 cycles: 1873954 heartbeat IPC: 1.415 cumulative IPC: 1.067 (Simulation time: 00 hr 00 min 11 sec)
Heartbeat CPU 0 instructions: 2500004 cycles: 1983589 heartbeat IPC: 4.561 cumulative IPC: 1.26 (Simulation time: 00 hr 00 min 13 sec)
Heartbeat CPU 0 instructions: 3000005 cycles: 2086938 heartbeat IPC: 4.838 cumulative IPC: 1.438 (Simulation time: 00 hr 00 min 14 sec)
Heartbeat CPU 0 instructions: 3500007 cycles: 2198255 heartbeat IPC: 4.492 cumulative IPC: 1.592 (Simulation time: 00 hr 00 min 16 sec)
Heartbeat CPU 0 instructions: 4000007 cycles: 2302301 heartbeat IPC: 4.806 cumulative IPC: 1.737 (Simulation time: 00 hr 00 min 17 sec)
Heartbeat CPU 0 instructions: 4500011 cycles: 2413262 heartbeat IPC: 4.506 cumulative IPC: 1.865 (Simulation time: 00 hr 00 min 19 sec)
Heartbeat CPU 0 instructions: 5000012 cycles: 2517518 heartbeat IPC: 4.796 cumulative IPC: 1.986 (Simulation time: 00 hr 00 min 20 sec)
Heartbeat CPU 0 instructions: 5500017 cycles: 2627436 heartbeat IPC: 4.549 cumulative IPC: 2.093 (Simulation time: 00 hr 00 min 22 sec)
Heartbeat CPU 0 instructions: 6000022 cycles: 2733898 heartbeat IPC: 4.697 cumulative IPC: 2.195 (Simulation time: 00 hr 00 min 23 sec)
Heartbeat CPU 0 instructions: 6500022 cycles: 2844910 heartbeat IPC: 4.504 cumulative IPC: 2.285 (Simulation time: 00 hr 00 min 24 sec)
Heartbeat CPU 0 instructions: 7000026 cycles: 2951450 heartbeat IPC: 4.693 cumulative IPC: 2.372 (Simulation time: 00 hr 00 min 26 sec)
Heartbeat CPU 0 instructions: 7500026 cycles: 3057673 heartbeat IPC: 4.707 cumulative IPC: 2.453 (Simulation time: 00 hr 00 min 27 sec)
Heartbeat CPU 0 instructions: 8000027 cycles: 3168052 heartbeat IPC: 4.53 cumulative IPC: 2.525 (Simulation time: 00 hr 00 min 29 sec)
Heartbeat CPU 0 instructions: 8500030 cycles: 3273455 heartbeat IPC: 4.744 cumulative IPC: 2.597 (Simulation time: 00 hr 00 min 30 sec)
Heartbeat CPU 0 instructions: 9000030 cycles: 3380417 heartbeat IPC: 4.675 cumulative IPC: 2.662 (Simulation time: 00 hr 00 min 32 sec)
Heartbeat CPU 0 instructions: 9500032 cycles: 3490570 heartbeat IPC: 4.539 cumulative IPC: 2.722 (Simulation time: 00 hr 00 min 33 sec)
Warmup finished CPU 0 instructions: 10000000 cycles: 3595550 cumulative IPC: 2.781 (Simulation time: 00 hr 00 min 35 sec)
Warmup complete CPU 0 instructions: 10000000 cycles: 3595550 cumulative IPC: 2.781 (Simulation time: 00 hr 00 min 35 sec)
Heartbeat CPU 0 instructions: 10000032 cycles: 3595554 heartbeat IPC: 4.763 cumulative IPC: 8 (Simulation time: 00 hr 00 min 35 sec)
Heartbeat CPU 0 instructions: 10500033 cycles: 5957863 heartbeat IPC: 0.2117 cumulative IPC: 0.2117 (Simulation time: 00 hr 00 min 45 sec)
Heartbeat CPU 0 instructions: 11000033 cycles: 8283905 heartbeat IPC: 0.215 cumulative IPC: 0.2133 (Simulation time: 00 hr 00 min 54 sec)
Heartbeat CPU 0 instructions: 11500033 cycles: 10603350 heartbeat IPC: 0.2156 cumulative IPC: 0.2141 (Simulation time: 00 hr 01 min 04 sec)
Heartbeat CPU 0 instructions: 12000040 cycles: 12954583 heartbeat IPC: 0.2127 cumulative IPC: 0.2137 (Simulation time: 00 hr 01 min 14 sec)
Heartbeat CPU 0 instructions: 12500047 cycles: 15290180 heartbeat IPC: 0.2141 cumulative IPC: 0.2138 (Simulation time: 00 hr 01 min 23 sec)
Heartbeat CPU 0 instructions: 13000049 cycles: 17649192 heartbeat IPC: 0.212 cumulative IPC: 0.2135 (Simulation time: 00 hr 01 min 33 sec)
Heartbeat CPU 0 instructions: 13500049 cycles: 20027932 heartbeat IPC: 0.2102 cumulative IPC: 0.213 (Simulation time: 00 hr 01 min 43 sec)
Heartbeat CPU 0 instructions: 14000051 cycles: 22434509 heartbeat IPC: 0.2078 cumulative IPC: 0.2123 (Simulation time: 00 hr 01 min 53 sec)
Heartbeat CPU 0 instructions: 14500053 cycles: 24847719 heartbeat IPC: 0.2072 cumulative IPC: 0.2117 (Simulation time: 00 hr 02 min 03 sec)
Heartbeat CPU 0 instructions: 15000053 cycles: 27289241 heartbeat IPC: 0.2048 cumulative IPC: 0.211 (Simulation time: 00 hr 02 min 13 sec)
Heartbeat CPU 0 instructions: 15500055 cycles: 29682025 heartbeat IPC: 0.209 cumulative IPC: 0.2108 (Simulation time: 00 hr 02 min 23 sec)
Heartbeat CPU 0 instructions: 16000060 cycles: 32146185 heartbeat IPC: 0.2029 cumulative IPC: 0.2102 (Simulation time: 00 hr 02 min 33 sec)
Heartbeat CPU 0 instructions: 16500060 cycles: 34557356 heartbeat IPC: 0.2074 cumulative IPC: 0.2099 (Simulation time: 00 hr 02 min 42 sec)
Heartbeat CPU 0 instructions: 17000062 cycles: 36993669 heartbeat IPC: 0.2052 cumulative IPC: 0.2096 (Simulation time: 00 hr 02 min 51 sec)
Heartbeat CPU 0 instructions: 17500069 cycles: 39453363 heartbeat IPC: 0.2033 cumulative IPC: 0.2092 (Simulation time: 00 hr 03 min 01 sec)
Heartbeat CPU 0 instructions: 18000073 cycles: 41884833 heartbeat IPC: 0.2056 cumulative IPC: 0.2089 (Simulation time: 00 hr 03 min 10 sec)
Heartbeat CPU 0 instructions: 18500075 cycles: 44344833 heartbeat IPC: 0.2033 cumulative IPC: 0.2086 (Simulation time: 00 hr 03 min 20 sec)
Heartbeat CPU 0 instructions: 19000075 cycles: 46825020 heartbeat IPC: 0.2016 cumulative IPC: 0.2082 (Simulation time: 00 hr 03 min 29 sec)
Heartbeat CPU 0 instructions: 19500075 cycles: 49245719 heartbeat IPC: 0.2066 cumulative IPC: 0.2081 (Simulation time: 00 hr 03 min 38 sec)
Heartbeat CPU 0 instructions: 20000081 cycles: 51668341 heartbeat IPC: 0.2064 cumulative IPC: 0.208 (Simulation time: 00 hr 03 min 47 sec)
Heartbeat CPU 0 instructions: 20500084 cycles: 54069627 heartbeat IPC: 0.2082 cumulative IPC: 0.208 (Simulation time: 00 hr 03 min 56 sec)
Heartbeat CPU 0 instructions: 21000089 cycles: 56523544 heartbeat IPC: 0.2038 cumulative IPC: 0.2078 (Simulation time: 00 hr 04 min 05 sec)
Heartbeat CPU 0 instructions: 21500094 cycles: 59007408 heartbeat IPC: 0.2013 cumulative IPC: 0.2075 (Simulation time: 00 hr 04 min 15 sec)
Heartbeat CPU 0 instructions: 22000099 cycles: 61452026 heartbeat IPC: 0.2045 cumulative IPC: 0.2074 (Simulation time: 00 hr 04 min 24 sec)
Heartbeat CPU 0 instructions: 22500099 cycles: 63886680 heartbeat IPC: 0.2054 cumulative IPC: 0.2073 (Simulation time: 00 hr 04 min 33 sec)
Heartbeat CPU 0 instructions: 23000103 cycles: 66335989 heartbeat IPC: 0.2041 cumulative IPC: 0.2072 (Simulation time: 00 hr 04 min 42 sec)
Heartbeat CPU 0 instructions: 23500104 cycles: 68770235 heartbeat IPC: 0.2054 cumulative IPC: 0.2071 (Simulation time: 00 hr 04 min 51 sec)
Heartbeat CPU 0 instructions: 24000104 cycles: 71258088 heartbeat IPC: 0.201 cumulative IPC: 0.2069 (Simulation time: 00 hr 05 min 00 sec)
Heartbeat CPU 0 instructions: 24500106 cycles: 73725909 heartbeat IPC: 0.2026 cumulative IPC: 0.2068 (Simulation time: 00 hr 05 min 10 sec)
Heartbeat CPU 0 instructions: 25000107 cycles: 76223876 heartbeat IPC: 0.2002 cumulative IPC: 0.2065 (Simulation time: 00 hr 05 min 19 sec)
Heartbeat CPU 0 instructions: 25500107 cycles: 78678248 heartbeat IPC: 0.2037 cumulative IPC: 0.2064 (Simulation time: 00 hr 05 min 28 sec)
Heartbeat CPU 0 instructions: 26000114 cycles: 81179380 heartbeat IPC: 0.1999 cumulative IPC: 0.2062 (Simulation time: 00 hr 05 min 38 sec)
Heartbeat CPU 0 instructions: 26500115 cycles: 83668044 heartbeat IPC: 0.2009 cumulative IPC: 0.2061 (Simulation time: 00 hr 05 min 47 sec)
Heartbeat CPU 0 instructions: 27000120 cycles: 86150285 heartbeat IPC: 0.2014 cumulative IPC: 0.2059 (Simulation time: 00 hr 05 min 56 sec)
Heartbeat CPU 0 instructions: 27500127 cycles: 88643661 heartbeat IPC: 0.2005 cumulative IPC: 0.2058 (Simulation time: 00 hr 06 min 05 sec)
Heartbeat CPU 0 instructions: 28000128 cycles: 91142539 heartbeat IPC: 0.2001 cumulative IPC: 0.2056 (Simulation time: 00 hr 06 min 14 sec)
Heartbeat CPU 0 instructions: 28500130 cycles: 93622132 heartbeat IPC: 0.2016 cumulative IPC: 0.2055 (Simulation time: 00 hr 06 min 23 sec)
Heartbeat CPU 0 instructions: 29000131 cycles: 96095761 heartbeat IPC: 0.2021 cumulative IPC: 0.2054 (Simulation time: 00 hr 06 min 32 sec)
Heartbeat CPU 0 instructions: 29500133 cycles: 98593573 heartbeat IPC: 0.2002 cumulative IPC: 0.2053 (Simulation time: 00 hr 06 min 41 sec)
Heartbeat CPU 0 instructions: 30000136 cycles: 101081314 heartbeat IPC: 0.201 cumulative IPC: 0.2052 (Simulation time: 00 hr 06 min 49 sec)
Heartbeat CPU 0 instructions: 30500141 cycles: 103548923 heartbeat IPC: 0.2026 cumulative IPC: 0.2051 (Simulation time: 00 hr 06 min 58 sec)
Heartbeat CPU 0 instructions: 31000142 cycles: 106068624 heartbeat IPC: 0.1984 cumulative IPC: 0.2049 (Simulation time: 00 hr 07 min 07 sec)
Heartbeat CPU 0 instructions: 31500146 cycles: 108592299 heartbeat IPC: 0.1981 cumulative IPC: 0.2048 (Simulation time: 00 hr 07 min 15 sec)
Heartbeat CPU 0 instructions: 32000151 cycles: 111071658 heartbeat IPC: 0.2017 cumulative IPC: 0.2047 (Simulation time: 00 hr 07 min 24 sec)
Heartbeat CPU 0 instructions: 32500151 cycles: 113589814 heartbeat IPC: 0.1986 cumulative IPC: 0.2046 (Simulation time: 00 hr 07 min 33 sec)
Heartbeat CPU 0 instructions: 33000152 cycles: 116080762 heartbeat IPC: 0.2007 cumulative IPC: 0.2045 (Simulation time: 00 hr 07 min 42 sec)
Heartbeat CPU 0 instructions: 33500153 cycles: 118587354 heartbeat IPC: 0.1995 cumulative IPC: 0.2044 (Simulation time: 00 hr 07 min 50 sec)
Heartbeat CPU 0 instructions: 34000154 cycles: 121059230 heartbeat IPC: 0.2023 cumulative IPC: 0.2043 (Simulation time: 00 hr 07 min 59 sec)
Heartbeat CPU 0 instructions: 34500156 cycles: 123551680 heartbeat IPC: 0.2006 cumulative IPC: 0.2042 (Simulation time: 00 hr 08 min 08 sec)
Heartbeat CPU 0 instructions: 35000159 cycles: 126049383 heartbeat IPC: 0.2002 cumulative IPC: 0.2042 (Simulation time: 00 hr 08 min 16 sec)
Heartbeat CPU 0 instructions: 35500165 cycles: 128580147 heartbeat IPC: 0.1976 cumulative IPC: 0.204 (Simulation time: 00 hr 08 min 25 sec)
Heartbeat CPU 0 instructions: 36000167 cycles: 131094736 heartbeat IPC: 0.1988 cumulative IPC: 0.2039 (Simulation time: 00 hr 08 min 34 sec)
Heartbeat CPU 0 instructions: 36500170 cycles: 133616295 heartbeat IPC: 0.1983 cumulative IPC: 0.2038 (Simulation time: 00 hr 08 min 42 sec)
Heartbeat CPU 0 instructions: 37000175 cycles: 136092628 heartbeat IPC: 0.2019 cumulative IPC: 0.2038 (Simulation time: 00 hr 08 min 51 sec)
Heartbeat CPU 0 instructions: 37500175 cycles: 138600542 heartbeat IPC: 0.1994 cumulative IPC: 0.2037 (Simulation time: 00 hr 08 min 59 sec)
Heartbeat CPU 0 instructions: 38000175 cycles: 141114655 heartbeat IPC: 0.1989 cumulative IPC: 0.2036 (Simulation time: 00 hr 09 min 07 sec)
Heartbeat CPU 0 instructions: 38500175 cycles: 143643921 heartbeat IPC: 0.1977 cumulative IPC: 0.2035 (Simulation time: 00 hr 09 min 14 sec)
Heartbeat CPU 0 instructions: 39000178 cycles: 146140324 heartbeat IPC: 0.2003 cumulative IPC: 0.2034 (Simulation time: 00 hr 09 min 21 sec)
Heartbeat CPU 0 instructions: 39500181 cycles: 148651413 heartbeat IPC: 0.1991 cumulative IPC: 0.2034 (Simulation time: 00 hr 09 min 28 sec)
Heartbeat CPU 0 instructions: 40000181 cycles: 151119137 heartbeat IPC: 0.2026 cumulative IPC: 0.2034 (Simulation time: 00 hr 09 min 36 sec)
Heartbeat CPU 0 instructions: 40500183 cycles: 153734588 heartbeat IPC: 0.1912 cumulative IPC: 0.2031 (Simulation time: 00 hr 09 min 45 sec)
Heartbeat CPU 0 instructions: 41000184 cycles: 156234389 heartbeat IPC: 0.2 cumulative IPC: 0.2031 (Simulation time: 00 hr 09 min 52 sec)
Heartbeat CPU 0 instructions: 41500188 cycles: 158668423 heartbeat IPC: 0.2054 cumulative IPC: 0.2031 (Simulation time: 00 hr 09 min 59 sec)
Heartbeat CPU 0 instructions: 42000189 cycles: 161235281 heartbeat IPC: 0.1948 cumulative IPC: 0.203 (Simulation time: 00 hr 10 min 08 sec)
Heartbeat CPU 0 instructions: 42500190 cycles: 163754865 heartbeat IPC: 0.1984 cumulative IPC: 0.2029 (Simulation time: 00 hr 10 min 15 sec)
Heartbeat CPU 0 instructions: 43000194 cycles: 166259849 heartbeat IPC: 0.1996 cumulative IPC: 0.2029 (Simulation time: 00 hr 10 min 22 sec)
Heartbeat CPU 0 instructions: 43500198 cycles: 168804451 heartbeat IPC: 0.1965 cumulative IPC: 0.2028 (Simulation time: 00 hr 10 min 29 sec)
Heartbeat CPU 0 instructions: 44000199 cycles: 171296891 heartbeat IPC: 0.2006 cumulative IPC: 0.2027 (Simulation time: 00 hr 10 min 37 sec)
Heartbeat CPU 0 instructions: 44500199 cycles: 173837545 heartbeat IPC: 0.1968 cumulative IPC: 0.2027 (Simulation time: 00 hr 10 min 44 sec)
Heartbeat CPU 0 instructions: 45000199 cycles: 176338463 heartbeat IPC: 0.1999 cumulative IPC: 0.2026 (Simulation time: 00 hr 10 min 51 sec)
Heartbeat CPU 0 instructions: 45500200 cycles: 178888800 heartbeat IPC: 0.1961 cumulative IPC: 0.2025 (Simulation time: 00 hr 10 min 58 sec)
Heartbeat CPU 0 instructions: 46000203 cycles: 181402503 heartbeat IPC: 0.1989 cumulative IPC: 0.2025 (Simulation time: 00 hr 11 min 05 sec)
Heartbeat CPU 0 instructions: 46500203 cycles: 183942247 heartbeat IPC: 0.1969 cumulative IPC: 0.2024 (Simulation time: 00 hr 11 min 13 sec)
Heartbeat CPU 0 instructions: 47000207 cycles: 186323455 heartbeat IPC: 0.21 cumulative IPC: 0.2025 (Simulation time: 00 hr 11 min 20 sec)
Heartbeat CPU 0 instructions: 47500211 cycles: 188967939 heartbeat IPC: 0.1891 cumulative IPC: 0.2023 (Simulation time: 00 hr 11 min 28 sec)
Heartbeat CPU 0 instructions: 48000211 cycles: 191498896 heartbeat IPC: 0.1976 cumulative IPC: 0.2022 (Simulation time: 00 hr 11 min 36 sec)
Heartbeat CPU 0 instructions: 48500212 cycles: 194021129 heartbeat IPC: 0.1982 cumulative IPC: 0.2022 (Simulation time: 00 hr 11 min 43 sec)
Heartbeat CPU 0 instructions: 49000216 cycles: 196541112 heartbeat IPC: 0.1984 cumulative IPC: 0.2021 (Simulation time: 00 hr 11 min 50 sec)
Heartbeat CPU 0 instructions: 49500217 cycles: 199067488 heartbeat IPC: 0.1979 cumulative IPC: 0.2021 (Simulation time: 00 hr 11 min 58 sec)
Heartbeat CPU 0 instructions: 50000217 cycles: 201611456 heartbeat IPC: 0.1965 cumulative IPC: 0.202 (Simulation time: 00 hr 12 min 05 sec)
Heartbeat CPU 0 instructions: 50500218 cycles: 204152419 heartbeat IPC: 0.1968 cumulative IPC: 0.2019 (Simulation time: 00 hr 12 min 12 sec)
Heartbeat CPU 0 instructions: 51000219 cycles: 206534910 heartbeat IPC: 0.2099 cumulative IPC: 0.202 (Simulation time: 00 hr 12 min 20 sec)
Heartbeat CPU 0 instructions: 51500219 cycles: 209188609 heartbeat IPC: 0.1884 cumulative IPC: 0.2019 (Simulation time: 00 hr 12 min 28 sec)
Heartbeat CPU 0 instructions: 52000226 cycles: 211746832 heartbeat IPC: 0.1955 cumulative IPC: 0.2018 (Simulation time: 00 hr 12 min 36 sec)
Heartbeat CPU 0 instructions: 52500226 cycles: 214143710 heartbeat IPC: 0.2086 cumulative IPC: 0.2019 (Simulation time: 00 hr 12 min 43 sec)
Heartbeat CPU 0 instructions: 53000230 cycles: 216753702 heartbeat IPC: 0.1916 cumulative IPC: 0.2017 (Simulation time: 00 hr 12 min 52 sec)
Heartbeat CPU 0 instructions: 53500233 cycles: 219306533 heartbeat IPC: 0.1959 cumulative IPC: 0.2017 (Simulation time: 00 hr 12 min 59 sec)
Heartbeat CPU 0 instructions: 54000234 cycles: 221834292 heartbeat IPC: 0.1978 cumulative IPC: 0.2016 (Simulation time: 00 hr 13 min 06 sec)
Heartbeat CPU 0 instructions: 54500237 cycles: 224352449 heartbeat IPC: 0.1986 cumulative IPC: 0.2016 (Simulation time: 00 hr 13 min 13 sec)
Heartbeat CPU 0 instructions: 55000242 cycles: 226881296 heartbeat IPC: 0.1977 cumulative IPC: 0.2015 (Simulation time: 00 hr 13 min 20 sec)
Heartbeat CPU 0 instructions: 55500242 cycles: 229418295 heartbeat IPC: 0.1971 cumulative IPC: 0.2015 (Simulation time: 00 hr 13 min 27 sec)
Heartbeat CPU 0 instructions: 56000247 cycles: 231982527 heartbeat IPC: 0.195 cumulative IPC: 0.2014 (Simulation time: 00 hr 13 min 34 sec)
Heartbeat CPU 0 instructions: 56500249 cycles: 234512542 heartbeat IPC: 0.1976 cumulative IPC: 0.2014 (Simulation time: 00 hr 13 min 41 sec)
Heartbeat CPU 0 instructions: 57000249 cycles: 237038972 heartbeat IPC: 0.1979 cumulative IPC: 0.2013 (Simulation time: 00 hr 13 min 48 sec)
Heartbeat CPU 0 instructions: 57500252 cycles: 239550537 heartbeat IPC: 0.1991 cumulative IPC: 0.2013 (Simulation time: 00 hr 13 min 55 sec)
Heartbeat CPU 0 instructions: 58000252 cycles: 242067076 heartbeat IPC: 0.1987 cumulative IPC: 0.2013 (Simulation time: 00 hr 14 min 04 sec)
Heartbeat CPU 0 instructions: 58500252 cycles: 244645355 heartbeat IPC: 0.1939 cumulative IPC: 0.2012 (Simulation time: 00 hr 14 min 11 sec)
Heartbeat CPU 0 instructions: 59000252 cycles: 247185059 heartbeat IPC: 0.1969 cumulative IPC: 0.2012 (Simulation time: 00 hr 14 min 18 sec)
Heartbeat CPU 0 instructions: 59500255 cycles: 249723395 heartbeat IPC: 0.197 cumulative IPC: 0.2011 (Simulation time: 00 hr 14 min 24 sec)
Simulation finished CPU 0 instructions: 50000000 cycles: 248663835 cumulative IPC: 0.2011 (Simulation time: 00 hr 14 min 31 sec)
Simulation complete CPU 0 instructions: 50000000 cycles: 248663835 cumulative IPC: 0.2011 (Simulation time: 00 hr 14 min 31 sec)

ChampSim completed all CPUs

=== Simulation ===
CPU 0 runs traces/GAP/bc-12.trace.gz

Region of Interest Statistics

CPU 0 cumulative IPC: 0.2011 instructions: 50000000 cycles: 248663835
CPU 0 Branch Prediction Accuracy: 84.24% MPKI: 27.38 Average ROB Occupancy at Mispredict: 29.06
Branch type MPKI
BRANCH_DIRECT_JUMP: 0
BRANCH_INDIRECT: 0
BRANCH_CONDITIONAL: 27.38
BRANCH_DIRECT_CALL: 0
BRANCH_INDIRECT_CALL: 0
BRANCH_RETURN: 0

cpu0->cpu0_STLB TOTAL        ACCESS:    1668243 HIT:     899305 MISS:     768938 MSHR_MERGE:          0
cpu0->cpu0_STLB LOAD         ACCESS:    1668243 HIT:     899305 MISS:     768938 MSHR_MERGE:          0
cpu0->cpu0_STLB RFO          ACCESS:          0 HIT:          0 MISS:          0 MSHR_MERGE:          0
cpu0->cpu0_STLB PREFETCH     ACCESS:          0 HIT:          0 MISS:          0 MSHR_MERGE:          0
cpu0->cpu0_STLB WRITE        ACCESS:          0 HIT:          0 MISS:          0 MSHR_MERGE:          0
cpu0->cpu0_STLB TRANSLATION  ACCESS:          0 HIT:          0 MISS:          0 MSHR_MERGE:          0
cpu0->cpu0_STLB PREFETCH REQUESTED:          0 ISSUED:          0 USEFUL:          0 USELESS:          0
cpu0->cpu0_STLB AVERAGE MISS LATENCY: 15.53 cycles
cpu0->cpu0_L2C TOTAL        ACCESS:    5923042 HIT:    3520334 MISS:    2402708 MSHR_MERGE:          0
cpu0->cpu0_L2C LOAD         ACCESS:    4106867 HIT:    1731358 MISS:    2375509 MSHR_MERGE:          0
cpu0->cpu0_L2C RFO          ACCESS:      27611 HIT:       2698 MISS:      24913 MSHR_MERGE:          0
cpu0->cpu0_L2C PREFETCH     ACCESS:          0 HIT:          0 MISS:          0 MSHR_MERGE:          0
cpu0->cpu0_L2C WRITE        ACCESS:    1528902 HIT:    1528888 MISS:         14 MSHR_MERGE:          0
cpu0->cpu0_L2C TRANSLATION  ACCESS:     259662 HIT:     257390 MISS:       2272 MSHR_MERGE:          0
cpu0->cpu0_L2C PREFETCH REQUESTED:          0 ISSUED:          0 USEFUL:          0 USELESS:          0
cpu0->cpu0_L2C AVERAGE MISS LATENCY: 150.9 cycles
cpu0->cpu0_L1I TOTAL        ACCESS:     121289 HIT:     121289 MISS:          0 MSHR_MERGE:          0
cpu0->cpu0_L1I LOAD         ACCESS:     121289 HIT:     121289 MISS:          0 MSHR_MERGE:          0
cpu0->cpu0_L1I RFO          ACCESS:          0 HIT:          0 MISS:          0 MSHR_MERGE:          0
cpu0->cpu0_L1I PREFETCH     ACCESS:          0 HIT:          0 MISS:          0 MSHR_MERGE:          0
cpu0->cpu0_L1I WRITE        ACCESS:          0 HIT:          0 MISS:          0 MSHR_MERGE:          0
cpu0->cpu0_L1I TRANSLATION  ACCESS:          0 HIT:          0 MISS:          0 MSHR_MERGE:          0
cpu0->cpu0_L1I PREFETCH REQUESTED:          0 ISSUED:          0 USEFUL:          0 USELESS:          0
cpu0->cpu0_L1I AVERAGE MISS LATENCY: - cycles
cpu0->cpu0_L1D TOTAL        ACCESS:   18134840 HIT:   13475341 MISS:    4659499 MSHR_MERGE:     265360
cpu0->cpu0_L1D LOAD         ACCESS:   13514469 HIT:    9195985 MISS:    4318484 MSHR_MERGE:     211618
cpu0->cpu0_L1D RFO          ACCESS:          0 HIT:          0 MISS:          0 MSHR_MERGE:          0
cpu0->cpu0_L1D PREFETCH     ACCESS:          0 HIT:          0 MISS:          0 MSHR_MERGE:          0
cpu0->cpu0_L1D WRITE        ACCESS:    3108262 HIT:    3040082 MISS:      68180 MSHR_MERGE:      40569
cpu0->cpu0_L1D TRANSLATION  ACCESS:    1512109 HIT:    1239274 MISS:     272835 MSHR_MERGE:      13173
cpu0->cpu0_L1D PREFETCH REQUESTED:          0 ISSUED:          0 USEFUL:          0 USELESS:          0
cpu0->cpu0_L1D AVERAGE MISS LATENCY: 91.18 cycles
cpu0->cpu0_ITLB TOTAL        ACCESS:     107956 HIT:     107956 MISS:          0 MSHR_MERGE:          0
cpu0->cpu0_ITLB LOAD         ACCESS:     107956 HIT:     107956 MISS:          0 MSHR_MERGE:          0
cpu0->cpu0_ITLB RFO          ACCESS:          0 HIT:          0 MISS:          0 MSHR_MERGE:          0
cpu0->cpu0_ITLB PREFETCH     ACCESS:          0 HIT:          0 MISS:          0 MSHR_MERGE:          0
cpu0->cpu0_ITLB WRITE        ACCESS:          0 HIT:          0 MISS:          0 MSHR_MERGE:          0
cpu0->cpu0_ITLB TRANSLATION  ACCESS:          0 HIT:          0 MISS:          0 MSHR_MERGE:          0
cpu0->cpu0_ITLB PREFETCH REQUESTED:          0 ISSUED:          0 USEFUL:          0 USELESS:          0
cpu0->cpu0_ITLB AVERAGE MISS LATENCY: - cycles
cpu0->cpu0_DTLB TOTAL        ACCESS:   16413319 HIT:   14389201 MISS:    2024118 MSHR_MERGE:     355875
cpu0->cpu0_DTLB LOAD         ACCESS:   16413319 HIT:   14389201 MISS:    2024118 MSHR_MERGE:     355875
cpu0->cpu0_DTLB RFO          ACCESS:          0 HIT:          0 MISS:          0 MSHR_MERGE:          0
cpu0->cpu0_DTLB PREFETCH     ACCESS:          0 HIT:          0 MISS:          0 MSHR_MERGE:          0
cpu0->cpu0_DTLB WRITE        ACCESS:          0 HIT:          0 MISS:          0 MSHR_MERGE:          0
cpu0->cpu0_DTLB TRANSLATION  ACCESS:          0 HIT:          0 MISS:          0 MSHR_MERGE:          0
cpu0->cpu0_DTLB PREFETCH REQUESTED:          0 ISSUED:          0 USEFUL:          0 USELESS:          0
cpu0->cpu0_DTLB AVERAGE MISS LATENCY: 12.62 cycles
cpu0->LLC TOTAL        ACCESS:    3591899 HIT:    1540093 MISS:    2051806 MSHR_MERGE:          0
cpu0->LLC LOAD         ACCESS:    2375510 HIT:     955562 MISS:    1419948 MSHR_MERGE:          0
cpu0->LLC RFO          ACCESS:      24913 HIT:       5340 MISS:      19573 MSHR_MERGE:          0
cpu0->LLC PREFETCH     ACCESS:          0 HIT:          0 MISS:          0 MSHR_MERGE:          0
cpu0->LLC WRITE        ACCESS:    1189204 HIT:     579180 MISS:     610024 MSHR_MERGE:          0
cpu0->LLC TRANSLATION  ACCESS:       2272 HIT:         11 MISS:       2261 MSHR_MERGE:          0
cpu0->LLC PREFETCH REQUESTED:          0 ISSUED:          0 USEFUL:          0 USELESS:          0
cpu0->LLC AVERAGE MISS LATENCY: 155.3 cycles

DRAM Statistics

Channel 0 RQ ROW_BUFFER_HIT:      10569
  ROW_BUFFER_MISS:    1430919
  AVG DBUS CONGESTED CYCLE: 32.99
Channel 0 WQ ROW_BUFFER_HIT:     192927
  ROW_BUFFER_MISS:     507552
  FULL:          0
Channel 0 REFRESHES ISSUED:      20721


--- STDERR ---



=== TRACE: traces/GAP/bc-0.trace.gz ===
COMMAND: ./bin/1C.fullBW.nopref --warmup-instructions=10000000 --simulation-instructions=50000000 traces/GAP/bc-0.trace.gz
RETURNCODE: 0

--- STDOUT ---
[VMEM] WARNING: physical memory size is smaller than virtual memory size.

*** ChampSim Multicore Out-of-Order Simulator ***
Warmup Instructions: 10000000
Simulation Instructions: 50000000
Number of CPUs: 1
Page size: 4096
Core 0: traces/GAP/bc-0.trace.gz
Off-chip DRAM Size: 64 GiB Channels: 1 Width: 64-bit Data Rate: 4807 MT/s
Heartbeat CPU 0 instructions: 500003 cycles: 508668 heartbeat IPC: 0.983 cumulative IPC: 0.983 (Simulation time: 00 hr 00 min 04 sec)
Heartbeat CPU 0 instructions: 1000003 cycles: 1015072 heartbeat IPC: 0.9874 cumulative IPC: 0.9852 (Simulation time: 00 hr 00 min 07 sec)
Heartbeat CPU 0 instructions: 1500003 cycles: 1521007 heartbeat IPC: 0.9883 cumulative IPC: 0.9862 (Simulation time: 00 hr 00 min 10 sec)
Heartbeat CPU 0 instructions: 2000010 cycles: 1876278 heartbeat IPC: 1.407 cumulative IPC: 1.066 (Simulation time: 00 hr 00 min 12 sec)
Heartbeat CPU 0 instructions: 2500014 cycles: 1985089 heartbeat IPC: 4.595 cumulative IPC: 1.259 (Simulation time: 00 hr 00 min 13 sec)
Heartbeat CPU 0 instructions: 3000019 cycles: 2089942 heartbeat IPC: 4.769 cumulative IPC: 1.435 (Simulation time: 00 hr 00 min 15 sec)
Heartbeat CPU 0 instructions: 3500026 cycles: 2197641 heartbeat IPC: 4.643 cumulative IPC: 1.593 (Simulation time: 00 hr 00 min 16 sec)
Heartbeat CPU 0 instructions: 4000026 cycles: 2300096 heartbeat IPC: 4.88 cumulative IPC: 1.739 (Simulation time: 00 hr 00 min 17 sec)
Heartbeat CPU 0 instructions: 4500033 cycles: 2412067 heartbeat IPC: 4.466 cumulative IPC: 1.866 (Simulation time: 00 hr 00 min 19 sec)
Heartbeat CPU 0 instructions: 5000039 cycles: 2523379 heartbeat IPC: 4.492 cumulative IPC: 1.981 (Simulation time: 00 hr 00 min 21 sec)
Heartbeat CPU 0 instructions: 5500042 cycles: 2628987 heartbeat IPC: 4.735 cumulative IPC: 2.092 (Simulation time: 00 hr 00 min 22 sec)
Heartbeat CPU 0 instructions: 6000047 cycles: 2740114 heartbeat IPC: 4.499 cumulative IPC: 2.19 (Simulation time: 00 hr 00 min 24 sec)
Heartbeat CPU 0 instructions: 6500050 cycles: 2846413 heartbeat IPC: 4.704 cumulative IPC: 2.284 (Simulation time: 00 hr 00 min 25 sec)
Heartbeat CPU 0 instructions: 7000053 cycles: 2954677 heartbeat IPC: 4.618 cumulative IPC: 2.369 (Simulation time: 00 hr 00 min 26 sec)
Heartbeat CPU 0 instructions: 7500053 cycles: 3056888 heartbeat IPC: 4.892 cumulative IPC: 2.453 (Simulation time: 00 hr 00 min 27 sec)
Heartbeat CPU 0 instructions: 8000056 cycles: 3164485 heartbeat IPC: 4.647 cumulative IPC: 2.528 (Simulation time: 00 hr 00 min 28 sec)
Heartbeat CPU 0 instructions: 8500057 cycles: 3269415 heartbeat IPC: 4.765 cumulative IPC: 2.6 (Simulation time: 00 hr 00 min 30 sec)
Heartbeat CPU 0 instructions: 9000057 cycles: 3380380 heartbeat IPC: 4.506 cumulative IPC: 2.662 (Simulation time: 00 hr 00 min 31 sec)
Heartbeat CPU 0 instructions: 9500063 cycles: 3486132 heartbeat IPC: 4.728 cumulative IPC: 2.725 (Simulation time: 00 hr 00 min 33 sec)
Warmup finished CPU 0 instructions: 10000000 cycles: 3590758 cumulative IPC: 2.785 (Simulation time: 00 hr 00 min 34 sec)
Warmup complete CPU 0 instructions: 10000000 cycles: 3590758 cumulative IPC: 2.785 (Simulation time: 00 hr 00 min 34 sec)
Heartbeat CPU 0 instructions: 10000070 cycles: 3590982 heartbeat IPC: 4.769 cumulative IPC: 0.3125 (Simulation time: 00 hr 00 min 34 sec)
Heartbeat CPU 0 instructions: 10500070 cycles: 5840112 heartbeat IPC: 0.2223 cumulative IPC: 0.2223 (Simulation time: 00 hr 00 min 45 sec)
Heartbeat CPU 0 instructions: 11000070 cycles: 8068036 heartbeat IPC: 0.2244 cumulative IPC: 0.2234 (Simulation time: 00 hr 00 min 55 sec)
Heartbeat CPU 0 instructions: 11500071 cycles: 10238572 heartbeat IPC: 0.2304 cumulative IPC: 0.2256 (Simulation time: 00 hr 01 min 05 sec)
Heartbeat CPU 0 instructions: 12000076 cycles: 12742468 heartbeat IPC: 0.1997 cumulative IPC: 0.2185 (Simulation time: 00 hr 01 min 18 sec)
Heartbeat CPU 0 instructions: 12500077 cycles: 15105745 heartbeat IPC: 0.2116 cumulative IPC: 0.2171 (Simulation time: 00 hr 01 min 29 sec)
Heartbeat CPU 0 instructions: 13000079 cycles: 17405553 heartbeat IPC: 0.2174 cumulative IPC: 0.2172 (Simulation time: 00 hr 01 min 41 sec)
Heartbeat CPU 0 instructions: 13500085 cycles: 19712864 heartbeat IPC: 0.2167 cumulative IPC: 0.2171 (Simulation time: 00 hr 01 min 52 sec)
Heartbeat CPU 0 instructions: 14000091 cycles: 22003194 heartbeat IPC: 0.2183 cumulative IPC: 0.2172 (Simulation time: 00 hr 02 min 03 sec)
Heartbeat CPU 0 instructions: 14500093 cycles: 24250168 heartbeat IPC: 0.2225 cumulative IPC: 0.2178 (Simulation time: 00 hr 02 min 13 sec)
Heartbeat CPU 0 instructions: 15000094 cycles: 26487602 heartbeat IPC: 0.2235 cumulative IPC: 0.2184 (Simulation time: 00 hr 02 min 23 sec)
Heartbeat CPU 0 instructions: 15500099 cycles: 28773120 heartbeat IPC: 0.2188 cumulative IPC: 0.2184 (Simulation time: 00 hr 02 min 33 sec)
Heartbeat CPU 0 instructions: 16000100 cycles: 31037112 heartbeat IPC: 0.2208 cumulative IPC: 0.2186 (Simulation time: 00 hr 02 min 43 sec)
Heartbeat CPU 0 instructions: 16500104 cycles: 33301630 heartbeat IPC: 0.2208 cumulative IPC: 0.2188 (Simulation time: 00 hr 02 min 52 sec)
Heartbeat CPU 0 instructions: 17000106 cycles: 35618282 heartbeat IPC: 0.2158 cumulative IPC: 0.2186 (Simulation time: 00 hr 03 min 02 sec)
Heartbeat CPU 0 instructions: 17500108 cycles: 37936729 heartbeat IPC: 0.2157 cumulative IPC: 0.2184 (Simulation time: 00 hr 03 min 13 sec)
Heartbeat CPU 0 instructions: 18000109 cycles: 40620680 heartbeat IPC: 0.1863 cumulative IPC: 0.216 (Simulation time: 00 hr 03 min 25 sec)
Heartbeat CPU 0 instructions: 18500112 cycles: 42945033 heartbeat IPC: 0.2151 cumulative IPC: 0.216 (Simulation time: 00 hr 03 min 35 sec)
Heartbeat CPU 0 instructions: 19000118 cycles: 45212936 heartbeat IPC: 0.2205 cumulative IPC: 0.2162 (Simulation time: 00 hr 03 min 45 sec)
Heartbeat CPU 0 instructions: 19500123 cycles: 47512261 heartbeat IPC: 0.2175 cumulative IPC: 0.2163 (Simulation time: 00 hr 03 min 54 sec)
Heartbeat CPU 0 instructions: 20000129 cycles: 49861042 heartbeat IPC: 0.2129 cumulative IPC: 0.2161 (Simulation time: 00 hr 04 min 05 sec)
Heartbeat CPU 0 instructions: 20500131 cycles: 52170719 heartbeat IPC: 0.2165 cumulative IPC: 0.2161 (Simulation time: 00 hr 04 min 14 sec)
Heartbeat CPU 0 instructions: 21000134 cycles: 54518812 heartbeat IPC: 0.2129 cumulative IPC: 0.216 (Simulation time: 00 hr 04 min 24 sec)
Heartbeat CPU 0 instructions: 21500136 cycles: 56772687 heartbeat IPC: 0.2218 cumulative IPC: 0.2162 (Simulation time: 00 hr 04 min 33 sec)
Heartbeat CPU 0 instructions: 22000136 cycles: 59118547 heartbeat IPC: 0.2131 cumulative IPC: 0.2161 (Simulation time: 00 hr 04 min 43 sec)
Heartbeat CPU 0 instructions: 22500138 cycles: 61499988 heartbeat IPC: 0.21 cumulative IPC: 0.2159 (Simulation time: 00 hr 04 min 53 sec)
Heartbeat CPU 0 instructions: 23000140 cycles: 63869306 heartbeat IPC: 0.211 cumulative IPC: 0.2157 (Simulation time: 00 hr 05 min 04 sec)
Heartbeat CPU 0 instructions: 23500145 cycles: 66229340 heartbeat IPC: 0.2119 cumulative IPC: 0.2155 (Simulation time: 00 hr 05 min 13 sec)
Heartbeat CPU 0 instructions: 24000145 cycles: 68641215 heartbeat IPC: 0.2073 cumulative IPC: 0.2152 (Simulation time: 00 hr 05 min 23 sec)
Heartbeat CPU 0 instructions: 24500145 cycles: 70971915 heartbeat IPC: 0.2145 cumulative IPC: 0.2152 (Simulation time: 00 hr 05 min 33 sec)
Heartbeat CPU 0 instructions: 25000151 cycles: 73345051 heartbeat IPC: 0.2107 cumulative IPC: 0.215 (Simulation time: 00 hr 05 min 43 sec)
Heartbeat CPU 0 instructions: 25500152 cycles: 75736631 heartbeat IPC: 0.2091 cumulative IPC: 0.2148 (Simulation time: 00 hr 05 min 53 sec)
Heartbeat CPU 0 instructions: 26000158 cycles: 78091039 heartbeat IPC: 0.2124 cumulative IPC: 0.2148 (Simulation time: 00 hr 06 min 03 sec)
Heartbeat CPU 0 instructions: 26500158 cycles: 80461051 heartbeat IPC: 0.211 cumulative IPC: 0.2146 (Simulation time: 00 hr 06 min 13 sec)
Heartbeat CPU 0 instructions: 27000161 cycles: 82818947 heartbeat IPC: 0.2121 cumulative IPC: 0.2146 (Simulation time: 00 hr 06 min 22 sec)
Heartbeat CPU 0 instructions: 27500162 cycles: 85215461 heartbeat IPC: 0.2086 cumulative IPC: 0.2144 (Simulation time: 00 hr 06 min 32 sec)
Heartbeat CPU 0 instructions: 28000162 cycles: 87514834 heartbeat IPC: 0.2175 cumulative IPC: 0.2145 (Simulation time: 00 hr 06 min 40 sec)
Heartbeat CPU 0 instructions: 28500165 cycles: 89818932 heartbeat IPC: 0.217 cumulative IPC: 0.2145 (Simulation time: 00 hr 06 min 49 sec)
Heartbeat CPU 0 instructions: 29000167 cycles: 92208436 heartbeat IPC: 0.2092 cumulative IPC: 0.2144 (Simulation time: 00 hr 06 min 59 sec)
Heartbeat CPU 0 instructions: 29500168 cycles: 94558813 heartbeat IPC: 0.2127 cumulative IPC: 0.2144 (Simulation time: 00 hr 07 min 07 sec)
Heartbeat CPU 0 instructions: 30000168 cycles: 96988150 heartbeat IPC: 0.2058 cumulative IPC: 0.2141 (Simulation time: 00 hr 07 min 17 sec)
Heartbeat CPU 0 instructions: 30500175 cycles: 99350709 heartbeat IPC: 0.2116 cumulative IPC: 0.2141 (Simulation time: 00 hr 07 min 26 sec)
Heartbeat CPU 0 instructions: 31000180 cycles: 101693094 heartbeat IPC: 0.2135 cumulative IPC: 0.2141 (Simulation time: 00 hr 07 min 35 sec)
Heartbeat CPU 0 instructions: 31500186 cycles: 104106723 heartbeat IPC: 0.2072 cumulative IPC: 0.2139 (Simulation time: 00 hr 07 min 44 sec)
Heartbeat CPU 0 instructions: 32000190 cycles: 106535938 heartbeat IPC: 0.2058 cumulative IPC: 0.2137 (Simulation time: 00 hr 07 min 53 sec)
Heartbeat CPU 0 instructions: 32500192 cycles: 109278886 heartbeat IPC: 0.1823 cumulative IPC: 0.2129 (Simulation time: 00 hr 08 min 05 sec)
Heartbeat CPU 0 instructions: 33000193 cycles: 111791230 heartbeat IPC: 0.199 cumulative IPC: 0.2126 (Simulation time: 00 hr 08 min 15 sec)
Heartbeat CPU 0 instructions: 33500193 cycles: 114167359 heartbeat IPC: 0.2104 cumulative IPC: 0.2125 (Simulation time: 00 hr 08 min 24 sec)
Heartbeat CPU 0 instructions: 34000193 cycles: 116518480 heartbeat IPC: 0.2127 cumulative IPC: 0.2125 (Simulation time: 00 hr 08 min 33 sec)
Heartbeat CPU 0 instructions: 34500195 cycles: 118917076 heartbeat IPC: 0.2085 cumulative IPC: 0.2124 (Simulation time: 00 hr 08 min 42 sec)
Heartbeat CPU 0 instructions: 35000199 cycles: 121309614 heartbeat IPC: 0.209 cumulative IPC: 0.2124 (Simulation time: 00 hr 08 min 51 sec)
Heartbeat CPU 0 instructions: 35500201 cycles: 123812103 heartbeat IPC: 0.1998 cumulative IPC: 0.2121 (Simulation time: 00 hr 09 min 00 sec)
Heartbeat CPU 0 instructions: 36000207 cycles: 126501310 heartbeat IPC: 0.1859 cumulative IPC: 0.2115 (Simulation time: 00 hr 09 min 10 sec)
Heartbeat CPU 0 instructions: 36500207 cycles: 128923775 heartbeat IPC: 0.2064 cumulative IPC: 0.2114 (Simulation time: 00 hr 09 min 18 sec)
Heartbeat CPU 0 instructions: 37000208 cycles: 131320341 heartbeat IPC: 0.2086 cumulative IPC: 0.2114 (Simulation time: 00 hr 09 min 25 sec)
Heartbeat CPU 0 instructions: 37500209 cycles: 133828118 heartbeat IPC: 0.1994 cumulative IPC: 0.2112 (Simulation time: 00 hr 09 min 33 sec)
Heartbeat CPU 0 instructions: 38000210 cycles: 136290808 heartbeat IPC: 0.203 cumulative IPC: 0.211 (Simulation time: 00 hr 09 min 41 sec)
Heartbeat CPU 0 instructions: 38500211 cycles: 138629645 heartbeat IPC: 0.2138 cumulative IPC: 0.2111 (Simulation time: 00 hr 09 min 48 sec)
Heartbeat CPU 0 instructions: 39000211 cycles: 141058251 heartbeat IPC: 0.2059 cumulative IPC: 0.211 (Simulation time: 00 hr 09 min 56 sec)
Heartbeat CPU 0 instructions: 39500211 cycles: 143771277 heartbeat IPC: 0.1843 cumulative IPC: 0.2104 (Simulation time: 00 hr 10 min 05 sec)
Heartbeat CPU 0 instructions: 40000211 cycles: 146197636 heartbeat IPC: 0.2061 cumulative IPC: 0.2104 (Simulation time: 00 hr 10 min 12 sec)
Heartbeat CPU 0 instructions: 40500215 cycles: 148541399 heartbeat IPC: 0.2133 cumulative IPC: 0.2104 (Simulation time: 00 hr 10 min 19 sec)
Heartbeat CPU 0 instructions: 41000221 cycles: 150985555 heartbeat IPC: 0.2046 cumulative IPC: 0.2103 (Simulation time: 00 hr 10 min 27 sec)
Heartbeat CPU 0 instructions: 41500221 cycles: 153467068 heartbeat IPC: 0.2015 cumulative IPC: 0.2102 (Simulation time: 00 hr 10 min 35 sec)
Heartbeat CPU 0 instructions: 42000221 cycles: 155930201 heartbeat IPC: 0.203 cumulative IPC: 0.2101 (Simulation time: 00 hr 10 min 43 sec)
Heartbeat CPU 0 instructions: 42500222 cycles: 158425392 heartbeat IPC: 0.2004 cumulative IPC: 0.2099 (Simulation time: 00 hr 10 min 51 sec)
Heartbeat CPU 0 instructions: 43000227 cycles: 161028895 heartbeat IPC: 0.1921 cumulative IPC: 0.2096 (Simulation time: 00 hr 10 min 59 sec)
Heartbeat CPU 0 instructions: 43500228 cycles: 163612950 heartbeat IPC: 0.1935 cumulative IPC: 0.2093 (Simulation time: 00 hr 11 min 08 sec)
Heartbeat CPU 0 instructions: 44000234 cycles: 166042229 heartbeat IPC: 0.2058 cumulative IPC: 0.2093 (Simulation time: 00 hr 11 min 15 sec)
Heartbeat CPU 0 instructions: 44500235 cycles: 168766482 heartbeat IPC: 0.1835 cumulative IPC: 0.2089 (Simulation time: 00 hr 11 min 24 sec)
Heartbeat CPU 0 instructions: 45000235 cycles: 171232421 heartbeat IPC: 0.2028 cumulative IPC: 0.2088 (Simulation time: 00 hr 11 min 32 sec)
Heartbeat CPU 0 instructions: 45500240 cycles: 173994836 heartbeat IPC: 0.181 cumulative IPC: 0.2083 (Simulation time: 00 hr 11 min 41 sec)
Heartbeat CPU 0 instructions: 46000241 cycles: 176453547 heartbeat IPC: 0.2034 cumulative IPC: 0.2083 (Simulation time: 00 hr 11 min 49 sec)
Heartbeat CPU 0 instructions: 46500241 cycles: 178917269 heartbeat IPC: 0.2029 cumulative IPC: 0.2082 (Simulation time: 00 hr 11 min 57 sec)
Heartbeat CPU 0 instructions: 47000243 cycles: 181369616 heartbeat IPC: 0.2039 cumulative IPC: 0.2081 (Simulation time: 00 hr 12 min 04 sec)
Heartbeat CPU 0 instructions: 47500243 cycles: 183781669 heartbeat IPC: 0.2073 cumulative IPC: 0.2081 (Simulation time: 00 hr 12 min 12 sec)
Heartbeat CPU 0 instructions: 48000244 cycles: 186213692 heartbeat IPC: 0.2056 cumulative IPC: 0.2081 (Simulation time: 00 hr 12 min 20 sec)
Heartbeat CPU 0 instructions: 48500244 cycles: 188647392 heartbeat IPC: 0.2054 cumulative IPC: 0.208 (Simulation time: 00 hr 12 min 27 sec)
Heartbeat CPU 0 instructions: 49000244 cycles: 191118429 heartbeat IPC: 0.2023 cumulative IPC: 0.208 (Simulation time: 00 hr 12 min 35 sec)
Heartbeat CPU 0 instructions: 49500245 cycles: 193538552 heartbeat IPC: 0.2066 cumulative IPC: 0.208 (Simulation time: 00 hr 12 min 42 sec)
Heartbeat CPU 0 instructions: 50000245 cycles: 196000119 heartbeat IPC: 0.2031 cumulative IPC: 0.2079 (Simulation time: 00 hr 12 min 49 sec)
Heartbeat CPU 0 instructions: 50500245 cycles: 198433905 heartbeat IPC: 0.2054 cumulative IPC: 0.2079 (Simulation time: 00 hr 12 min 57 sec)
Heartbeat CPU 0 instructions: 51000245 cycles: 200887839 heartbeat IPC: 0.2038 cumulative IPC: 0.2078 (Simulation time: 00 hr 13 min 04 sec)
Heartbeat CPU 0 instructions: 51500251 cycles: 203336793 heartbeat IPC: 0.2042 cumulative IPC: 0.2078 (Simulation time: 00 hr 13 min 12 sec)
Heartbeat CPU 0 instructions: 52000254 cycles: 205780330 heartbeat IPC: 0.2046 cumulative IPC: 0.2077 (Simulation time: 00 hr 13 min 19 sec)
Heartbeat CPU 0 instructions: 52500259 cycles: 208264162 heartbeat IPC: 0.2013 cumulative IPC: 0.2076 (Simulation time: 00 hr 13 min 27 sec)
Heartbeat CPU 0 instructions: 53000260 cycles: 211003560 heartbeat IPC: 0.1825 cumulative IPC: 0.2073 (Simulation time: 00 hr 13 min 36 sec)
Heartbeat CPU 0 instructions: 53500261 cycles: 213489764 heartbeat IPC: 0.2011 cumulative IPC: 0.2072 (Simulation time: 00 hr 13 min 43 sec)
Heartbeat CPU 0 instructions: 54000261 cycles: 215886585 heartbeat IPC: 0.2086 cumulative IPC: 0.2073 (Simulation time: 00 hr 13 min 50 sec)
Heartbeat CPU 0 instructions: 54500264 cycles: 218275960 heartbeat IPC: 0.2093 cumulative IPC: 0.2073 (Simulation time: 00 hr 13 min 57 sec)
Heartbeat CPU 0 instructions: 55000271 cycles: 220666154 heartbeat IPC: 0.2092 cumulative IPC: 0.2073 (Simulation time: 00 hr 14 min 04 sec)
Heartbeat CPU 0 instructions: 55500271 cycles: 223097027 heartbeat IPC: 0.2057 cumulative IPC: 0.2073 (Simulation time: 00 hr 14 min 11 sec)
Heartbeat CPU 0 instructions: 56000274 cycles: 225535889 heartbeat IPC: 0.205 cumulative IPC: 0.2073 (Simulation time: 00 hr 14 min 18 sec)
Heartbeat CPU 0 instructions: 56500275 cycles: 228017808 heartbeat IPC: 0.2015 cumulative IPC: 0.2072 (Simulation time: 00 hr 14 min 25 sec)
Heartbeat CPU 0 instructions: 57000275 cycles: 230425912 heartbeat IPC: 0.2076 cumulative IPC: 0.2072 (Simulation time: 00 hr 14 min 32 sec)
Heartbeat CPU 0 instructions: 57500277 cycles: 232879735 heartbeat IPC: 0.2038 cumulative IPC: 0.2072 (Simulation time: 00 hr 14 min 40 sec)
Heartbeat CPU 0 instructions: 58000283 cycles: 235410506 heartbeat IPC: 0.1976 cumulative IPC: 0.2071 (Simulation time: 00 hr 14 min 47 sec)
Heartbeat CPU 0 instructions: 58500287 cycles: 238214120 heartbeat IPC: 0.1783 cumulative IPC: 0.2067 (Simulation time: 00 hr 14 min 56 sec)
Heartbeat CPU 0 instructions: 59000287 cycles: 240704955 heartbeat IPC: 0.2007 cumulative IPC: 0.2067 (Simulation time: 00 hr 15 min 03 sec)
Heartbeat CPU 0 instructions: 59500289 cycles: 243273038 heartbeat IPC: 0.1947 cumulative IPC: 0.2065 (Simulation time: 00 hr 15 min 11 sec)
Simulation finished CPU 0 instructions: 50000001 cycles: 242421236 cumulative IPC: 0.2063 (Simulation time: 00 hr 15 min 19 sec)
Simulation complete CPU 0 instructions: 50000001 cycles: 242421236 cumulative IPC: 0.2063 (Simulation time: 00 hr 15 min 19 sec)

ChampSim completed all CPUs

=== Simulation ===
CPU 0 runs traces/GAP/bc-0.trace.gz

Region of Interest Statistics

CPU 0 cumulative IPC: 0.2063 instructions: 50000001 cycles: 242421236
CPU 0 Branch Prediction Accuracy: 87.71% MPKI: 23.18 Average ROB Occupancy at Mispredict: 36.28
Branch type MPKI
BRANCH_DIRECT_JUMP: 0
BRANCH_INDIRECT: 0
BRANCH_CONDITIONAL: 23.18
BRANCH_DIRECT_CALL: 0
BRANCH_INDIRECT_CALL: 0
BRANCH_RETURN: 0

cpu0->cpu0_STLB TOTAL        ACCESS:    1443974 HIT:     769748 MISS:     674226 MSHR_MERGE:          0
cpu0->cpu0_STLB LOAD         ACCESS:    1443974 HIT:     769748 MISS:     674226 MSHR_MERGE:          0
cpu0->cpu0_STLB RFO          ACCESS:          0 HIT:          0 MISS:          0 MSHR_MERGE:          0
cpu0->cpu0_STLB PREFETCH     ACCESS:          0 HIT:          0 MISS:          0 MSHR_MERGE:          0
cpu0->cpu0_STLB WRITE        ACCESS:          0 HIT:          0 MISS:          0 MSHR_MERGE:          0
cpu0->cpu0_STLB TRANSLATION  ACCESS:          0 HIT:          0 MISS:          0 MSHR_MERGE:          0
cpu0->cpu0_STLB PREFETCH REQUESTED:          0 ISSUED:          0 USEFUL:          0 USELESS:          0
cpu0->cpu0_STLB AVERAGE MISS LATENCY: 16.28 cycles
cpu0->cpu0_L2C TOTAL        ACCESS:    5690615 HIT:    3273252 MISS:    2417363 MSHR_MERGE:          0
cpu0->cpu0_L2C LOAD         ACCESS:    4115477 HIT:    1727090 MISS:    2388387 MSHR_MERGE:          0
cpu0->cpu0_L2C RFO          ACCESS:      28947 HIT:       3162 MISS:      25785 MSHR_MERGE:          0
cpu0->cpu0_L2C PREFETCH     ACCESS:          0 HIT:          0 MISS:          0 MSHR_MERGE:          0
cpu0->cpu0_L2C WRITE        ACCESS:    1329549 HIT:    1329521 MISS:         28 MSHR_MERGE:          0
cpu0->cpu0_L2C TRANSLATION  ACCESS:     216642 HIT:     213479 MISS:       3163 MSHR_MERGE:          0
cpu0->cpu0_L2C PREFETCH REQUESTED:          0 ISSUED:          0 USEFUL:          0 USELESS:          0
cpu0->cpu0_L2C AVERAGE MISS LATENCY: 153.1 cycles
cpu0->cpu0_L1I TOTAL        ACCESS:      60806 HIT:      60806 MISS:          0 MSHR_MERGE:          0
cpu0->cpu0_L1I LOAD         ACCESS:      60806 HIT:      60806 MISS:          0 MSHR_MERGE:          0
cpu0->cpu0_L1I RFO          ACCESS:          0 HIT:          0 MISS:          0 MSHR_MERGE:          0
cpu0->cpu0_L1I PREFETCH     ACCESS:          0 HIT:          0 MISS:          0 MSHR_MERGE:          0
cpu0->cpu0_L1I WRITE        ACCESS:          0 HIT:          0 MISS:          0 MSHR_MERGE:          0
cpu0->cpu0_L1I TRANSLATION  ACCESS:          0 HIT:          0 MISS:          0 MSHR_MERGE:          0
cpu0->cpu0_L1I PREFETCH REQUESTED:          0 ISSUED:          0 USEFUL:          0 USELESS:          0
cpu0->cpu0_L1I AVERAGE MISS LATENCY: - cycles
cpu0->cpu0_L1D TOTAL        ACCESS:   16800909 HIT:   12007972 MISS:    4792937 MSHR_MERGE:     431871
cpu0->cpu0_L1D LOAD         ACCESS:   12774430 HIT:    8282126 MISS:    4492304 MSHR_MERGE:     376827
cpu0->cpu0_L1D RFO          ACCESS:          0 HIT:          0 MISS:          0 MSHR_MERGE:          0
cpu0->cpu0_L1D PREFETCH     ACCESS:          0 HIT:          0 MISS:          0 MSHR_MERGE:          0
cpu0->cpu0_L1D WRITE        ACCESS:    2701678 HIT:    2628965 MISS:      72713 MSHR_MERGE:      43766
cpu0->cpu0_L1D TRANSLATION  ACCESS:    1324801 HIT:    1096881 MISS:     227920 MSHR_MERGE:      11278
cpu0->cpu0_L1D PREFETCH REQUESTED:          0 ISSUED:          0 USEFUL:          0 USELESS:          0
cpu0->cpu0_L1D AVERAGE MISS LATENCY: 93.57 cycles
cpu0->cpu0_ITLB TOTAL        ACCESS:      46596 HIT:      46596 MISS:          0 MSHR_MERGE:          0
cpu0->cpu0_ITLB LOAD         ACCESS:      46596 HIT:      46596 MISS:          0 MSHR_MERGE:          0
cpu0->cpu0_ITLB RFO          ACCESS:          0 HIT:          0 MISS:          0 MSHR_MERGE:          0
cpu0->cpu0_ITLB PREFETCH     ACCESS:          0 HIT:          0 MISS:          0 MSHR_MERGE:          0
cpu0->cpu0_ITLB WRITE        ACCESS:          0 HIT:          0 MISS:          0 MSHR_MERGE:          0
cpu0->cpu0_ITLB TRANSLATION  ACCESS:          0 HIT:          0 MISS:          0 MSHR_MERGE:          0
cpu0->cpu0_ITLB PREFETCH REQUESTED:          0 ISSUED:          0 USEFUL:          0 USELESS:          0
cpu0->cpu0_ITLB AVERAGE MISS LATENCY: - cycles
cpu0->cpu0_DTLB TOTAL        ACCESS:   15272220 HIT:   13366633 MISS:    1905587 MSHR_MERGE:     461613
cpu0->cpu0_DTLB LOAD         ACCESS:   15272220 HIT:   13366633 MISS:    1905587 MSHR_MERGE:     461613
cpu0->cpu0_DTLB RFO          ACCESS:          0 HIT:          0 MISS:          0 MSHR_MERGE:          0
cpu0->cpu0_DTLB PREFETCH     ACCESS:          0 HIT:          0 MISS:          0 MSHR_MERGE:          0
cpu0->cpu0_DTLB WRITE        ACCESS:          0 HIT:          0 MISS:          0 MSHR_MERGE:          0
cpu0->cpu0_DTLB TRANSLATION  ACCESS:          0 HIT:          0 MISS:          0 MSHR_MERGE:          0
cpu0->cpu0_DTLB PREFETCH REQUESTED:          0 ISSUED:          0 USEFUL:          0 USELESS:          0
cpu0->cpu0_DTLB AVERAGE MISS LATENCY: 13.07 cycles
cpu0->LLC TOTAL        ACCESS:    3522356 HIT:    1460967 MISS:    2061389 MSHR_MERGE:          0
cpu0->LLC LOAD         ACCESS:    2388387 HIT:     949002 MISS:    1439385 MSHR_MERGE:          0
cpu0->LLC RFO          ACCESS:      25785 HIT:       5285 MISS:      20500 MSHR_MERGE:          0
cpu0->LLC PREFETCH     ACCESS:          0 HIT:          0 MISS:          0 MSHR_MERGE:          0
cpu0->LLC WRITE        ACCESS:    1105021 HIT:     506677 MISS:     598344 MSHR_MERGE:          0
cpu0->LLC TRANSLATION  ACCESS:       3163 HIT:          3 MISS:       3160 MSHR_MERGE:          0
cpu0->LLC PREFETCH REQUESTED:          0 ISSUED:          0 USEFUL:          0 USELESS:          0
cpu0->LLC AVERAGE MISS LATENCY: 157.9 cycles

DRAM Statistics

Channel 0 RQ ROW_BUFFER_HIT:      10545
  ROW_BUFFER_MISS:    1451976
  AVG DBUS CONGESTED CYCLE: 27.79
Channel 0 WQ ROW_BUFFER_HIT:     205944
  ROW_BUFFER_MISS:     482325
  FULL:          0
Channel 0 REFRESHES ISSUED:      20200


--- STDERR ---



